game_id,date,hometeam,visteam,home_first_inning_runs,visiting_first_inning_runs,home_ERA,vis_ERA,home_travel,vis_travel,home_last_location,visiting_last_location,home_avg_prev,away_avg_prev,home_OBP,away_OBP
LAN202007240,2020-07-24,LAN,SFN,1,0,5.84,4.37,1e-06,1e-06,LAN,LAN,1.0,0.0,0.346,0.311
CLE202007250,2020-07-25,CLE,KCA,0,2,2.67,4.2,1e-06,1e-06,CLE,CLE,0.0,2.0,0.32,0.291
SLN202007250,2020-07-25,SLN,PIT,1,0,3.15,6.18,1e-06,1e-06,SLN,SLN,1.0,0.0,0.341,0.266
CIN202007250,2020-07-25,CIN,DET,1,1,2.74,3.8,1e-06,1e-06,CIN,CIN,1.0,1.0,0.325,0.301
TEX202007250,2020-07-25,TEX,COL,0,0,5.56,3.65,1e-06,1e-06,TEX,TEX,0.0,0.0,0.307,0.3
HOU202007250,2020-07-25,HOU,SEA,1,0,3.93,2.7,1e-06,1e-06,HOU,HOU,1.0,0.0,0.321,0.317
BOS202007250,2020-07-25,BOS,BAL,0,3,4.5,4.3,1e-06,1e-06,BOS,BOS,0.0,3.0,0.342,0.326
NYN202007250,2020-07-25,NYN,ATL,0,0,8.1,6.84,1e-06,1e-06,NYN,NYN,0.0,0.0,0.333,0.329
TBA202007250,2020-07-25,TBA,TOR,0,0,0.55,9.0,1e-06,1e-06,TBA,TBA,0.0,0.0,0.331,0.305
CHN202007250,2020-07-25,CHN,MIL,1,0,2.01,3.13,1e-06,1e-06,CHN,CHN,1.0,0.0,0.31,0.312
PHI202007250,2020-07-25,PHI,MIA,0,0,2.92,18.69,1e-06,1e-06,PHI,PHI,0.0,0.0,0.347,0.316
LAN202007250,2020-07-25,LAN,SFN,1,1,6.39,4.03,1e-06,1e-06,LAN,LAN,1.0,0.0,0.346,0.311
OAK202007250,2020-07-25,OAK,ANA,0,0,4.5,3.29,1e-06,1e-06,OAK,OAK,0.0,0.0,0.321,0.308
CHA202007250,2020-07-25,CHA,MIN,0,0,1.99,4.05,1e-06,1e-06,CHA,CHA,0.0,0.0,0.333,0.314
WAS202007250,2020-07-25,WAS,NYA,0,0,2.66,6.64,1e-06,1e-06,WAS,WAS,0.0,0.0,0.322,0.324
SDN202007250,2020-07-25,SDN,ARI,0,0,2.09,6.62,1e-06,1e-06,SDN,SDN,0.0,0.0,0.344,0.284
CHN202007260,2020-07-26,CHN,MIL,0,0,5.3,3.99,1e-06,1e-06,CHN,CHN,1.0,0.0,0.31,0.312
HOU202007260,2020-07-26,HOU,SEA,1,2,14.73,5.75,1e-06,1e-06,HOU,HOU,1.0,0.0,0.321,0.317
SDN202007260,2020-07-26,SDN,ARI,0,0,12.46,2.95,1e-06,1e-06,SDN,SDN,0.0,0.0,0.344,0.284
CIN202007260,2020-07-26,CIN,DET,0,0,4.28,3.03,1e-06,1e-06,CIN,CIN,1.0,1.0,0.325,0.301
TBA202007260,2020-07-26,TBA,TOR,0,0,2.89,8.06,1e-06,1e-06,TBA,TBA,0.0,0.0,0.331,0.305
BOS202007260,2020-07-26,BOS,BAL,0,2,4.4,8.06,1e-06,1e-06,BOS,BOS,0.0,3.0,0.342,0.326
SLN202007260,2020-07-26,SLN,PIT,0,0,2.77,2.91,1e-06,1e-06,SLN,SLN,1.0,0.0,0.341,0.266
WAS202007260,2020-07-26,WAS,NYA,0,0,5.87,3.51,1e-06,1e-06,WAS,WAS,0.0,0.0,0.322,0.324
LAN202007260,2020-07-26,LAN,SFN,0,0,3.09,3.29,1e-06,1e-06,LAN,LAN,1.0,0.5,0.346,0.311
OAK202007260,2020-07-26,OAK,ANA,5,0,1.66,37.8,1e-06,1e-06,OAK,OAK,0.0,0.0,0.321,0.308
CHA202007260,2020-07-26,CHA,MIN,0,4,6.49,2.7,1e-06,1e-06,CHA,CHA,0.0,0.0,0.333,0.314
TEX202007260,2020-07-26,TEX,COL,0,0,11.57,4.33,1e-06,1e-06,TEX,TEX,0.0,0.0,0.307,0.3
NYN202007260,2020-07-26,NYN,ATL,0,2,5.64,7.2,1e-06,1e-06,NYN,NYN,0.0,0.0,0.333,0.329
CLE202007260,2020-07-26,CLE,KCA,2,0,2.91,12.27,1e-06,1e-06,CLE,CLE,0.0,2.0,0.32,0.291
PHI202007260,2020-07-26,PHI,MIA,4,0,17.18,9.0,1e-06,1e-06,PHI,PHI,0.0,0.0,0.347,0.316
WAS202007270,2020-07-27,WAS,TOR,0,1,6.62,2.7,1e-06,1340.493838211085,WAS,TBA,0.0,0.0,0.322,0.305
BOS202007270,2020-07-27,BOS,NYN,0,0,6.38,6.62,1e-06,306.2037667286439,BOS,NYN,0.0,0.0,0.342,0.361
HOU202007270,2020-07-27,HOU,SEA,0,0,6.75,5.79,1e-06,1e-06,HOU,HOU,1.0,1.0,0.321,0.317
PIT202007270,2020-07-27,PIT,MIL,0,0,7.11,6.53,898.8824563980571,660.0502267315369,SLN,CHN,0.0,0.0,0.299,0.312
TBA202007270,2020-07-27,TBA,ATL,0,0,1.66,16.2,1e-06,1638.0556824552712,TBA,NYN,0.0,1.0,0.331,0.329
CIN202007270,2020-07-27,CIN,CHN,0,4,5.65,5.16,1e-06,406.2527329885922,CIN,CHN,0.5,4.0,0.325,0.323
OAK202007270,2020-07-27,OAK,ANA,0,0,2.25,3.99,1e-06,1e-06,OAK,OAK,2.5,0.0,0.321,0.308
DET202007270,2020-07-27,DET,KCA,0,0,7.27,0.0,380.0544669682655,145.52553501827433,CIN,CLE,0.0,1.0,0.306,0.291
SDN202007270,2020-07-27,SDN,ARI,1,0,2.25,6.58,1e-06,1e-06,SDN,SDN,0.0,0.0,0.344,0.284
TBA202007280,2020-07-28,TBA,ATL,0,0,2.7,5.21,1e-06,1e-06,TBA,TBA,0.0,0.6666666666666666,0.331,0.329
OAK202007280,2020-07-28,OAK,COL,0,0,3.65,3.44,1e-06,2350.5503898425545,OAK,TEX,1.6666666666666667,0.0,0.321,0.3
PIT202007280,2020-07-28,PIT,MIL,0,0,3.63,11.57,1e-06,1e-06,PIT,PIT,0.0,0.0,0.299,0.312
TEX202007280,2020-07-28,TEX,ARI,0,3,5.35,2.59,1e-06,1879.917699205684,TEX,SDN,0.0,0.0,0.307,0.284
WAS202007280,2020-07-28,WAS,TOR,0,0,6.34,6.8,1e-06,1e-06,WAS,WAS,0.0,0.3333333333333333,0.322,0.305
ANA202007280,2020-07-28,ANA,SEA,0,0,4.5,3.58,592.0809005913671,2169.9670210701,OAK,HOU,0.0,0.6666666666666666,0.356,0.317
SFN202007280,2020-07-28,SFN,SDN,1,0,9.72,2.73,559.4406195325591,738.1265117326025,LAN,SDN,1.0,0.0,0.354,0.32
CLE202007281,2020-07-28,CLE,CHA,2,0,4.74,4.01,1e-06,1e-06,CLE,CLE,1.0,0.0,0.32,0.318
CLE202007282,2020-07-28,CLE,CHA,3,0,4.88,8.22,1e-06,494.38381964269325,CLE,CHA,1.3333333333333333,0.0,0.32,0.318
MIN202007280,2020-07-28,MIN,SLN,0,0,3.38,9.9,571.0232496384983,750.9189277472408,CHA,SLN,0.0,0.0,0.312,0.311
BOS202007280,2020-07-28,BOS,NYN,0,0,18.69,3.44,1e-06,1e-06,BOS,BOS,0.0,0.0,0.342,0.361
HOU202007280,2020-07-28,HOU,LAN,0,0,3.57,0.95,1e-06,2205.5170699182067,HOU,LAN,0.6666666666666666,0.0,0.321,0.338
CIN202007280,2020-07-28,CIN,CHN,0,0,4.5,4.48,1e-06,1e-06,CIN,CIN,0.3333333333333333,4.0,0.325,0.323
DET202007280,2020-07-28,DET,KCA,0,0,3.96,4.09,1e-06,1e-06,DET,DET,0.0,0.6666666666666666,0.306,0.291
ANA202007290,2020-07-29,ANA,SEA,0,0,5.5,18.0,1e-06,1e-06,ANA,ANA,0.0,0.5,0.356,0.317
PIT202007290,2020-07-29,PIT,MIL,0,0,3.86,3.05,1e-06,1e-06,PIT,PIT,0.0,0.0,0.299,0.312
SFN202007290,2020-07-29,SFN,SDN,0,0,4.5,2.61,1e-06,1e-06,SFN,SFN,1.0,0.0,0.354,0.32
OAK202007290,2020-07-29,OAK,COL,1,0,5.6,3.75,1e-06,1e-06,OAK,OAK,1.25,0.0,0.321,0.3
DET202007290,2020-07-29,DET,KCA,0,1,1.66,9.0,1e-06,1e-06,DET,DET,0.0,0.5,0.306,0.291
NYN202007290,2020-07-29,NYN,BOS,1,0,3.66,9.0,306.2037667286439,306.2037667286439,BOS,BOS,0.0,0.0,0.333,0.318
MIN202007290,2020-07-29,MIN,SLN,1,0,3.03,4.96,1e-06,1e-06,MIN,MIN,0.0,0.0,0.312,0.311
CIN202007290,2020-07-29,CIN,CHN,0,0,3.7,2.88,1e-06,1e-06,CIN,CIN,0.25,2.0,0.325,0.323
BAL202007290,2020-07-29,BAL,NYA,1,2,6.81,2.84,578.81170796599,55.02896457567408,BOS,WAS,1.0,0.0,0.318,0.324
TEX202007290,2020-07-29,TEX,ARI,0,0,2.9,6.52,1e-06,1e-06,TEX,TEX,0.0,0.75,0.307,0.284
ATL202007290,2020-07-29,ATL,TBA,0,0,1.1,5.73,688.5440708416155,688.5440708416155,TBA,TBA,0.0,0.0,0.362,0.311
WAS202007290,2020-07-29,WAS,TOR,0,0,6.1,8.06,1e-06,1e-06,WAS,WAS,0.0,0.25,0.322,0.305
HOU202007290,2020-07-29,HOU,LAN,0,0,5.71,5.29,1e-06,1e-06,HOU,HOU,0.5,0.0,0.321,0.338
CLE202007290,2020-07-29,CLE,CHA,0,0,2.05,0.96,1e-06,1e-06,CLE,CLE,1.75,0.0,0.32,0.318
NYN202007300,2020-07-30,NYN,BOS,0,0,9.68,4.5,1e-06,1e-06,NYN,NYN,0.3333333333333333,0.0,0.333,0.318
WAS202007300,2020-07-30,WAS,TOR,0,1,7.61,2.69,1e-06,1e-06,WAS,WAS,0.0,0.2,0.322,0.305
MIN202007300,2020-07-30,MIN,CLE,0,0,4.0,1.63,1e-06,1013.2251113855248,MIN,CLE,0.5,0.0,0.312,0.315
DET202007300,2020-07-30,DET,KCA,1,1,3.03,1.91,1e-06,1e-06,DET,DET,0.0,0.6,0.306,0.291
ANA202007300,2020-07-30,ANA,SEA,0,3,3.29,3.1,1e-06,1e-06,ANA,ANA,0.0,0.4,0.356,0.317
ARI202007300,2020-07-30,ARI,LAN,0,3,6.62,5.84,1401.854927086376,1630.8590123845936,TEX,HOU,0.0,0.0,0.341,0.338
SFN202007300,2020-07-30,SFN,SDN,0,0,4.5,2.7,1e-06,1e-06,SFN,SFN,0.5,0.0,0.354,0.32
BAL202007300,2020-07-30,BAL,NYA,2,5,5.56,3.52,1e-06,1e-06,BAL,BAL,1.0,0.6666666666666666,0.318,0.324
ATL202007300,2020-07-30,ATL,TBA,0,0,2.25,3.56,1e-06,1e-06,ATL,ATL,0.0,0.0,0.362,0.311
BAL202007310,2020-07-31,BAL,TBA,0,1,2.45,2.7,1e-06,927.9028501726538,BAL,ATL,1.5,0.0,0.318,0.311
SEA202007310,2020-07-31,SEA,OAK,0,0,2.7,4.5,1575.276973597757,1089.6592015072615,ANA,OAK,0.0,0.0,0.295,0.319
NYA202007310,2020-07-31,NYA,BOS,0,0,5.11,4.4,272.81937803481173,1e-06,BAL,NYN,0.0,0.0,0.365,0.318
KCA202007310,2020-07-31,KCA,CHA,0,0,4.32,1.99,1034.95696626315,1123.5230318083022,DET,CLE,0.0,0.0,0.327,0.318
MIN202007310,2020-07-31,MIN,CLE,3,0,4.05,3.02,1e-06,1e-06,MIN,MIN,0.3333333333333333,0.0,0.312,0.315
DET202007310,2020-07-31,DET,CIN,0,0,3.97,3.21,1e-06,380.0544669682655,DET,CIN,0.25,0.0,0.306,0.294
SFN202007310,2020-07-31,SFN,TEX,0,1,2.38,5.56,1e-06,2363.044634840767,SFN,TEX,0.3333333333333333,1.0,0.354,0.263
ANA202007310,2020-07-31,ANA,HOU,0,0,4.5,6.75,1e-06,2169.9670210701,ANA,HOU,0.0,0.0,0.356,0.318
COL202007310,2020-07-31,COL,SDN,2,0,20.77,5.63,1511.503011223779,1524.5101947303656,OAK,SFN,2.0,0.0,0.322,0.32
CHN202007310,2020-07-31,CHN,PIT,0,0,2.01,6.18,406.2527329885922,660.0502267315369,CIN,PIT,0.5,0.0,0.31,0.266
ARI202007310,2020-07-31,ARI,LAN,0,0,7.65,3.86,1e-06,1e-06,ARI,ARI,0.0,1.0,0.341,0.338
ATL202007310,2020-07-31,ATL,NYN,2,0,2.3,5.15,1e-06,1200.4511584455877,ATL,NYN,0.0,0.0,0.362,0.361
BAL202008010,2020-08-01,BAL,TBA,0,0,2.81,5.73,1e-06,1e-06,BAL,BAL,1.0,0.3333333333333333,0.318,0.311
NYA202008010,2020-08-01,NYA,BOS,1,0,4.79,8.16,1e-06,1e-06,NYA,NYA,0.0,0.0,0.365,0.318
ARI202008010,2020-08-01,ARI,LAN,1,0,6.58,3.27,1e-06,1e-06,ARI,ARI,0.0,0.75,0.341,0.338
ATL202008010,2020-08-01,ATL,NYN,2,0,4.76,6.62,1e-06,1e-06,ATL,ATL,0.6666666666666666,0.0,0.362,0.361
ANA202008010,2020-08-01,ANA,HOU,0,0,4.5,6.23,1e-06,1e-06,ANA,ANA,0.0,0.0,0.356,0.318
CHN202008010,2020-08-01,CHN,PIT,0,0,5.3,2.91,1e-06,1e-06,CHN,CHN,0.3333333333333333,0.0,0.31,0.266
SFN202008010,2020-08-01,SFN,TEX,2,2,4.03,7.02,1e-06,1e-06,SFN,SFN,0.25,1.0,0.354,0.263
SEA202008010,2020-08-01,SEA,OAK,0,0,5.75,2.82,1e-06,1e-06,SEA,SEA,0.0,0.0,0.295,0.319
KCA202008010,2020-08-01,KCA,CHA,0,4,12.27,2.2,1e-06,1e-06,KCA,KCA,0.0,0.0,0.327,0.318
MIN202008010,2020-08-01,MIN,CLE,0,0,2.7,2.91,1e-06,1e-06,MIN,MIN,1.0,0.0,0.312,0.315
COL202008010,2020-08-01,COL,SDN,0,0,4.33,7.94,1e-06,1e-06,COL,COL,2.0,0.0,0.322,0.32
SFN202008020,2020-08-02,SFN,TEX,0,0,7.56,2.9,1e-06,1e-06,SFN,SFN,0.6,1.5,0.354,0.263
BAL202008020,2020-08-02,BAL,TBA,0,0,5.02,3.26,1e-06,1e-06,BAL,BAL,0.75,0.25,0.318,0.311
ARI202008020,2020-08-02,ARI,LAN,0,2,2.59,2.16,1e-06,1e-06,ARI,ARI,0.3333333333333333,0.6,0.341,0.338
SEA202008020,2020-08-02,SEA,OAK,1,0,5.79,2.29,1e-06,1e-06,SEA,SEA,0.0,0.0,0.295,0.319
DET202008021,2020-08-02,DET,CIN,0,2,7.15,2.74,1e-06,1e-06,DET,DET,0.2,0.0,0.306,0.294
KCA202008020,2020-08-02,KCA,CHA,0,0,4.2,4.01,1e-06,1e-06,KCA,KCA,0.0,0.8,0.327,0.318
COL202008020,2020-08-02,COL,SDN,0,0,3.44,2.73,1e-06,1e-06,COL,COL,1.0,0.0,0.322,0.32
ATL202008020,2020-08-02,ATL,NYN,0,0,2.79,3.44,1e-06,1e-06,ATL,ATL,1.0,0.0,0.362,0.361
NYA202008020,2020-08-02,NYA,BOS,0,2,5.89,4.3,1e-06,1e-06,NYA,NYA,0.5,0.0,0.365,0.318
MIN202008020,2020-08-02,MIN,CLE,1,0,6.75,4.74,1e-06,1e-06,MIN,MIN,0.8,0.0,0.312,0.315
DET202008022,2020-08-02,DET,CIN,0,1,3.25,1.73,1e-06,1e-06,DET,DET,0.1666666666666666,1.0,0.306,0.294
ANA202008020,2020-08-02,ANA,HOU,0,0,5.5,2.18,1e-06,1e-06,ANA,ANA,0.0,0.0,0.356,0.318
CHN202008020,2020-08-02,CHN,PIT,0,1,1.54,3.18,1e-06,1e-06,CHN,CHN,0.25,0.0,0.31,0.266
ATL202008030,2020-08-03,ATL,NYN,0,0,3.95,2.38,1e-06,1e-06,ATL,ATL,0.8,0.0,0.362,0.361
MIL202008030,2020-08-03,MIL,CHA,1,2,6.53,3.2,722.0054120555708,707.8851314063497,PIT,KCA,1.0,0.6666666666666666,0.309,0.318
NYA202008030,2020-08-03,NYA,PHI,1,0,2.84,5.08,1e-06,129.48897528262268,NYA,PHI,0.3333333333333333,0.0,0.365,0.336
CHN202008030,2020-08-03,CHN,KCA,0,0,4.48,4.95,1e-06,663.9206411727051,CHN,KCA,0.2,0.6666666666666666,0.31,0.291
COL202008030,2020-08-03,COL,SFN,1,0,9.28,3.29,1e-06,1524.5101947303656,COL,SFN,0.6666666666666666,0.3333333333333333,0.322,0.311
SEA202008030,2020-08-03,SEA,OAK,0,0,3.58,5.6,1e-06,1e-06,SEA,SEA,0.3333333333333333,0.0,0.295,0.319
SDN202008030,2020-08-03,SDN,LAN,1,1,4.73,3.09,1340.79250926624,481.0116378281714,COL,ARI,0.3333333333333333,0.8333333333333334,0.344,0.338
MIN202008030,2020-08-03,MIN,PIT,0,1,4.05,3.86,1e-06,571.0232496384983,MIN,CHN,0.8333333333333334,0.2,0.312,0.266
CIN202008030,2020-08-03,CIN,CLE,0,1,3.7,2.28,380.0544669682655,973.9884963018676,DET,MIN,0.2,0.0,0.325,0.315
BAL202008040,2020-08-04,BAL,MIA,0,0,4.53,3.61,1e-06,144.5656230575587,BAL,PHI,0.6,0.0,0.318,0.316
WAS202008040,2020-08-04,WAS,NYN,1,0,4.66,9.68,1e-06,874.0887985860761,WAS,ATL,0.0,0.0,0.322,0.361
CIN202008040,2020-08-04,CIN,CLE,1,0,6.27,1.63,1e-06,1e-06,CIN,CIN,0.1666666666666666,0.2,0.325,0.315
COL202008040,2020-08-04,COL,SFN,1,0,3.75,3.62,1e-06,1e-06,COL,COL,0.75,0.25,0.322,0.311
MIL202008040,2020-08-04,MIL,CHA,0,0,0.33,3.48,1e-06,1e-06,MIL,MIL,1.0,0.8571428571428571,0.309,0.318
MIN202008040,2020-08-04,MIN,PIT,3,0,4.0,3.86,1e-06,1e-06,MIN,MIN,0.7142857142857143,0.3333333333333333,0.312,0.266
OAK202008040,2020-08-04,OAK,TEX,0,0,1.78,6.35,1089.6592015072615,13.027453191410114,SEA,SFN,1.2,1.0,0.321,0.263
ARI202008040,2020-08-04,ARI,HOU,0,1,6.48,3.48,1e-06,540.0297061463508,ARI,ANA,0.25,0.0,0.341,0.318
CHN202008040,2020-08-04,CHN,KCA,0,0,2.88,4.06,1e-06,1e-06,CHN,CHN,0.1666666666666666,0.5714285714285714,0.31,0.291
SEA202008040,2020-08-04,SEA,ANA,0,3,4.34,4.46,1e-06,1575.276973597757,SEA,ANA,0.25,0.0,0.295,0.308
SDN202008040,2020-08-04,SDN,LAN,0,0,5.63,2.57,1e-06,1e-06,SDN,SDN,0.5,0.8571428571428571,0.344,0.338
TBA202008040,2020-08-04,TBA,BOS,0,0,4.74,3.72,1393.7772067986984,1638.0556824552712,BAL,NYA,0.0,0.4,0.331,0.318
ATL202008040,2020-08-04,ATL,TOR,0,0,2.25,4.71,1e-06,874.0887985860761,ATL,WAS,0.6666666666666666,0.3333333333333333,0.362,0.305
SEA202008050,2020-08-05,SEA,ANA,0,0,3.1,10.05,1e-06,1e-06,SEA,SEA,0.2,0.75,0.295,0.308
PHI202008051,2020-08-05,PHI,NYA,0,1,2.92,3.47,1e-06,1e-06,PHI,PHI,2.0,1.75,0.347,0.324
PIT202008050,2020-08-05,PIT,MIN,0,0,6.18,4.05,1195.838861467298,1195.838861467298,MIN,MIN,0.0,2.0,0.299,0.314
CLE202008050,2020-08-05,CLE,CIN,0,0,3.02,2.8,358.1075548344512,358.1075548344512,CIN,CIN,1.4,1.0,0.32,0.294
CHA202008050,2020-08-05,CHA,MIL,0,0,1.99,5.3,132.54357794550742,132.54357794550742,MIL,MIL,0.0,0.0,0.333,0.312
PHI202008052,2020-08-05,PHI,NYA,0,0,4.01,5.89,129.48897528262268,129.48897528262268,NYA,NYA,1.3333333333333333,1.6,0.347,0.324
TBA202008050,2020-08-05,TBA,BOS,0,0,3.56,4.5,1e-06,1e-06,TBA,TBA,0.0,0.3333333333333333,0.331,0.318
ARI202008050,2020-08-05,ARI,HOU,0,0,6.62,3.93,1e-06,1e-06,ARI,ARI,0.2,0.25,0.341,0.318
OAK202008050,2020-08-05,OAK,TEX,2,1,4.35,6.57,1e-06,1e-06,OAK,OAK,1.0,0.75,0.321,0.263
BAL202008052,2020-08-05,BAL,MIA,0,2,6.81,9.64,1e-06,1e-06,BAL,BAL,0.5,0.0,0.318,0.316
KCA202008050,2020-08-05,KCA,CHN,0,0,4.32,2.01,663.9206411727051,663.9206411727051,CHN,CHN,0.0,1.3333333333333333,0.327,0.323
SDN202008050,2020-08-05,SDN,LAN,0,0,4.03,5.84,1e-06,1e-06,SDN,SDN,0.4,0.75,0.344,0.338
WAS202008050,2020-08-05,WAS,NYN,1,1,4.29,5.64,1e-06,1e-06,WAS,WAS,0.1428571428571428,0.0,0.322,0.361
ATL202008050,2020-08-05,ATL,TOR,0,0,11.2,2.69,1e-06,1e-06,ATL,ATL,0.5714285714285714,0.2857142857142857,0.362,0.305
COL202008050,2020-08-05,COL,SFN,1,0,6.69,5.47,1e-06,1e-06,COL,COL,0.8,0.2,0.322,0.311
BAL202008051,2020-08-05,BAL,MIA,0,0,4.3,4.43,1e-06,1e-06,BAL,BAL,0.4285714285714285,0.5,0.318,0.316
BAL202008060,2020-08-06,BAL,MIA,0,1,5.02,0.0,1e-06,1e-06,BAL,BAL,0.375,0.4,0.318,0.316
SEA202008060,2020-08-06,SEA,ANA,0,0,2.7,3.29,1e-06,1e-06,SEA,SEA,0.1666666666666666,0.6,0.295,0.308
COL202008060,2020-08-06,COL,SFN,0,0,2.93,5.4,1e-06,1e-06,COL,COL,0.8333333333333334,0.1666666666666666,0.322,0.311
PIT202008060,2020-08-06,PIT,MIN,0,3,3.86,4.05,1e-06,1e-06,PIT,PIT,0.0,1.3333333333333333,0.299,0.314
OAK202008060,2020-08-06,OAK,TEX,0,0,4.58,5.56,1e-06,1e-06,OAK,OAK,1.1428571428571428,0.8,0.321,0.263
CLE202008060,2020-08-06,CLE,CIN,1,0,2.91,3.21,1e-06,1e-06,CLE,CLE,1.1666666666666667,0.75,0.32,0.294
KCA202008060,2020-08-06,KCA,CHN,1,0,2.47,5.3,1e-06,1e-06,KCA,KCA,0.0,1.0,0.327,0.323
ATL202008060,2020-08-06,ATL,TOR,2,0,2.78,9.92,1e-06,1e-06,ATL,ATL,0.5,0.25,0.362,0.305
PHI202008060,2020-08-06,PHI,NYA,3,0,8.59,5.11,1e-06,1e-06,PHI,PHI,1.0,1.3333333333333333,0.347,0.324
ARI202008060,2020-08-06,ARI,HOU,0,0,3.04,3.43,1e-06,1e-06,ARI,ARI,0.1666666666666666,0.2,0.341,0.318
CHA202008060,2020-08-06,CHA,MIL,0,0,4.83,5.16,1e-06,1e-06,CHA,CHA,0.0,0.0,0.333,0.312
CHA202008070,2020-08-07,CHA,CLE,1,0,4.01,4.74,1e-06,494.38381964269325,CHA,CLE,0.0,0.1666666666666666,0.333,0.315
TBA202008070,2020-08-07,TBA,NYA,0,0,2.89,5.89,1e-06,1515.8203845337373,TBA,PHI,0.0,1.1428571428571428,0.331,0.324
KCA202008070,2020-08-07,KCA,MIN,0,0,1.91,1.07,1e-06,1255.3811411500053,KCA,PIT,0.2,1.75,0.327,0.314
NYN202008070,2020-08-07,NYN,MIA,0,0,6.62,9.0,326.3648041771951,272.81937803481173,WAS,BAL,0.25,0.5,0.333,0.316
LAN202008070,2020-08-07,LAN,SFN,0,0,2.59,9.72,179.52869961196944,1336.5596902131042,SDN,COL,0.6666666666666666,0.1428571428571428,0.346,0.311
PIT202008070,2020-08-07,PIT,DET,0,0,7.11,1.66,1e-06,331.7516309667575,PIT,DET,0.0,0.5,0.299,0.301
BOS202008070,2020-08-07,BOS,TOR,1,1,9.0,6.8,1926.694381718032,1506.627841528967,TBA,ATL,0.0,0.2222222222222222,0.342,0.305
OAK202008070,2020-08-07,OAK,HOU,0,0,1.8,5.71,1e-06,1040.2976618519092,OAK,ARI,1.0,0.1666666666666666,0.321,0.318
TEX202008070,2020-08-07,TEX,ANA,0,2,7.02,3.99,2350.5503898425545,2688.6235870338205,OAK,SEA,0.0,0.5,0.307,0.308
SDN202008070,2020-08-07,SDN,ARI,1,0,2.73,6.58,1e-06,481.0116378281714,SDN,ARI,0.3333333333333333,0.6,0.344,0.284
WAS202008070,2020-08-07,WAS,BAL,0,1,6.62,6.69,1e-06,55.02896457567408,WAS,BAL,0.25,2.5,0.322,0.326
SEA202008070,2020-08-07,SEA,COL,0,0,5.17,3.44,1e-06,1640.846947858291,SEA,COL,0.1428571428571428,0.0,0.295,0.3
MIL202008070,2020-08-07,MIL,CIN,0,0,13.09,1.73,132.54357794550742,542.6220003248809,CHA,CLE,0.5,0.6,0.309,0.294
SEA202008080,2020-08-08,SEA,COL,0,0,4.05,9.28,1e-06,1e-06,SEA,SEA,0.125,0.0,0.295,0.3
MIL202008080,2020-08-08,MIL,CIN,0,3,4.21,7.22,1e-06,1e-06,MIL,MIL,0.3333333333333333,0.5,0.309,0.294
TEX202008080,2020-08-08,TEX,ANA,0,0,6.35,5.65,1e-06,1e-06,TEX,TEX,0.0,0.7142857142857143,0.307,0.308
CHA202008080,2020-08-08,CHA,CLE,0,0,40.5,2.28,1e-06,1e-06,CHA,CHA,0.2,0.1428571428571428,0.333,0.315
TBA202008082,2020-08-08,TBA,NYA,1,0,2.7,7.76,1e-06,1e-06,TBA,TBA,0.0,1.0,0.331,0.324
TBA202008081,2020-08-08,TBA,NYA,0,0,4.08,3.51,1e-06,1e-06,TBA,TBA,0.125,0.8888888888888888,0.331,0.324
LAN202008080,2020-08-08,LAN,SFN,0,0,2.16,5.4,1e-06,1e-06,LAN,LAN,0.5,0.125,0.346,0.311
KCA202008080,2020-08-08,KCA,MIN,1,0,4.09,6.06,1e-06,1e-06,KCA,KCA,0.1666666666666666,1.4,0.327,0.314
PHI202008080,2020-08-08,PHI,ATL,0,0,5.08,5.21,1e-06,1071.2330338826837,PHI,ATL,1.4,0.5,0.347,0.329
NYN202008080,2020-08-08,NYN,MIA,0,1,3.44,3.03,1e-06,1e-06,NYN,NYN,0.2,0.4285714285714285,0.333,0.316
PIT202008080,2020-08-08,PIT,DET,0,5,6.86,8.53,1e-06,1e-06,PIT,PIT,0.0,0.3333333333333333,0.299,0.301
OAK202008080,2020-08-08,OAK,HOU,1,0,5.6,3.57,1e-06,1e-06,OAK,OAK,0.8888888888888888,0.1428571428571428,0.321,0.318
SDN202008080,2020-08-08,SDN,ARI,1,0,4.73,2.59,1e-06,1e-06,SDN,SDN,0.4285714285714285,0.5,0.344,0.284
WAS202008080,2020-08-08,WAS,BAL,0,0,6.1,1.8,1e-06,1e-06,WAS,WAS,0.2222222222222222,2.0,0.322,0.326
BOS202008080,2020-08-08,BOS,TOR,0,0,9.45,5.14,1e-06,1e-06,BOS,BOS,0.2,0.3,0.342,0.305
PHI202008091,2020-08-09,PHI,ATL,0,0,8.59,2.79,1e-06,1e-06,PHI,PHI,1.1666666666666667,0.4,0.347,0.329
SEA202008090,2020-08-09,SEA,COL,2,0,3.58,3.75,1e-06,1e-06,SEA,SEA,0.1111111111111111,0.0,0.295,0.3
BOS202008090,2020-08-09,BOS,TOR,0,0,4.3,2.73,1e-06,1e-06,BOS,BOS,0.1666666666666666,0.3,0.342,0.305
TBA202008090,2020-08-09,TBA,NYA,0,1,4.44,1.89,1e-06,1e-06,TBA,TBA,0.1111111111111111,0.8,0.331,0.324
SDN202008090,2020-08-09,SDN,ARI,3,0,2.09,6.48,1e-06,1e-06,SDN,SDN,0.5,0.4285714285714285,0.344,0.284
TEX202008090,2020-08-09,TEX,ANA,0,0,3.32,4.46,1e-06,1e-06,TEX,TEX,0.0,0.625,0.307,0.308
WAS202008090,2020-08-09,WAS,BAL,0,0,10.8,2.81,1e-06,1e-06,WAS,WAS,0.2,1.5,0.322,0.326
PIT202008090,2020-08-09,PIT,DET,0,0,2.7,3.97,1e-06,1e-06,PIT,PIT,0.0,1.5,0.299,0.301
OAK202008090,2020-08-09,OAK,HOU,0,0,4.12,3.48,1e-06,1e-06,OAK,OAK,0.9,0.125,0.321,0.318
CHA202008090,2020-08-09,CHA,CLE,0,0,6.08,4.57,1e-06,1e-06,CHA,CHA,0.1666666666666666,0.125,0.333,0.315
LAN202008090,2020-08-09,LAN,SFN,0,0,2.66,4.5,1e-06,1e-06,LAN,LAN,0.4,0.1111111111111111,0.346,0.311
KCA202008090,2020-08-09,KCA,MIN,2,0,4.06,4.0,1e-06,1e-06,KCA,KCA,0.2857142857142857,1.1666666666666667,0.327,0.314
PHI202008092,2020-08-09,PHI,ATL,0,0,5.92,2.25,1e-06,1e-06,PHI,PHI,1.0,0.3333333333333333,0.347,0.329
NYN202008090,2020-08-09,NYN,MIA,0,0,2.38,3.61,1e-06,1e-06,NYN,NYN,0.1666666666666666,0.5,0.333,0.316
MIL202008090,2020-08-09,MIL,CIN,0,1,3.13,3.7,1e-06,1e-06,MIL,MIL,0.25,0.8571428571428571,0.309,0.294
BOS202008100,2020-08-10,BOS,TBA,3,0,7.08,2.52,1e-06,1926.694381718032,BOS,TBA,0.1428571428571428,0.2,0.342,0.311
ANA202008100,2020-08-10,ANA,OAK,3,0,4.05,1.66,1938.7751997181072,592.0809005913671,TEX,OAK,0.0,0.0,0.356,0.319
TEX202008100,2020-08-10,TEX,SEA,1,0,5.35,4.34,1e-06,2688.6235870338205,TEX,SEA,0.0,0.8333333333333334,0.307,0.317
HOU202008100,2020-08-10,HOU,SFN,0,0,3.93,5.47,2629.671879056886,2205.5170699182067,OAK,LAN,0.4,0.1,0.321,0.311
MIL202008100,2020-08-10,MIL,MIN,0,0,5.3,4.05,1e-06,707.8851314063497,MIL,KCA,0.2,1.0,0.309,0.314
NYN202008100,2020-08-10,NYN,WAS,0,0,9.68,4.66,1e-06,326.3648041771951,NYN,WAS,0.1428571428571428,0.0,0.333,0.349
LAN202008100,2020-08-10,LAN,SDN,1,0,2.57,2.25,1e-06,179.52869961196944,LAN,SDN,0.3333333333333333,0.0,0.346,0.32
COL202008100,2020-08-10,COL,ARI,1,2,6.69,5.44,1640.846947858291,1340.79250926624,SEA,SDN,0.7142857142857143,0.375,0.322,0.284
DET202008100,2020-08-10,DET,CHA,0,0,3.25,1.99,331.7516309667575,380.91207013286544,PIT,CHA,0.1428571428571428,0.75,0.306,0.318
PHI202008100,2020-08-10,PHI,ATL,3,0,3.28,11.2,1e-06,1e-06,PHI,PHI,0.875,0.2857142857142857,0.347,0.329
HOU202008110,2020-08-11,HOU,SFN,0,0,5.71,10.03,1e-06,1e-06,HOU,HOU,0.3333333333333333,0.1,0.321,0.311
DET202008110,2020-08-11,DET,CHA,0,4,3.96,2.2,1e-06,1e-06,DET,DET,0.125,0.6666666666666666,0.306,0.318
LAN202008110,2020-08-11,LAN,SDN,0,0,5.84,4.03,1e-06,1e-06,LAN,LAN,0.4285714285714285,0.0,0.346,0.32
CLE202008110,2020-08-11,CLE,CHN,0,0,4.88,5.16,494.38381964269325,1123.5230318083022,CHA,KCA,1.1428571428571428,0.8,0.32,0.323
PHI202008110,2020-08-11,PHI,BAL,0,0,8.59,5.56,1e-06,197.2342958595587,PHI,WAS,1.1111111111111112,1.2,0.347,0.326
NYA202008110,2020-08-11,NYA,ATL,3,0,5.11,8.88,1638.0556824552712,129.48897528262268,TBA,PHI,0.5,0.25,0.365,0.329
TOR202008110,2020-08-11,TOR,MIA,0,0,3.09,9.0,691.6136251477402,550.2922217550002,BOS,NYN,0.0,0.4444444444444444,0.345,0.316
MIL202008110,2020-08-11,MIL,MIN,1,2,0.33,4.05,1e-06,1e-06,MIL,MIL,0.1666666666666666,0.875,0.309,0.314
ANA202008110,2020-08-11,ANA,OAK,0,0,3.29,4.58,1e-06,1e-06,ANA,ANA,0.4285714285714285,0.0,0.356,0.319
BOS202008110,2020-08-11,BOS,TBA,0,1,4.5,1.8,1e-06,1e-06,BOS,BOS,0.5,0.1666666666666666,0.342,0.311
CIN202008110,2020-08-11,CIN,KCA,0,0,2.45,2.45,525.1892238126902,868.1617780403714,MIL,KCA,0.2857142857142857,0.5,0.325,0.291
TEX202008110,2020-08-11,TEX,SEA,2,0,6.35,3.1,1e-06,1e-06,TEX,TEX,0.125,0.7142857142857143,0.307,0.317
NYN202008110,2020-08-11,NYN,WAS,0,1,5.64,3.74,1e-06,1e-06,NYN,NYN,0.125,0.0,0.333,0.349
COL202008110,2020-08-11,COL,ARI,0,0,7.5,6.75,1e-06,1e-06,COL,COL,0.75,0.5555555555555556,0.322,0.284
NYA202008120,2020-08-12,NYA,ATL,0,0,3.52,2.79,1e-06,1e-06,NYA,NYA,1.0,0.2222222222222222,0.365,0.329
MIL202008120,2020-08-12,MIL,MIN,0,0,13.09,2.7,1e-06,1e-06,MIL,MIL,0.2857142857142857,1.0,0.309,0.314
BOS202008120,2020-08-12,BOS,TBA,0,1,8.16,3.24,1e-06,1e-06,BOS,BOS,0.4444444444444444,0.2857142857142857,0.342,0.311
PHI202008120,2020-08-12,PHI,BAL,0,0,3.97,1.8,1e-06,1e-06,PHI,PHI,1.0,1.0,0.347,0.326
TOR202008120,2020-08-12,TOR,MIA,0,3,1.5,2.22,1e-06,1e-06,TOR,TOR,0.0,0.4,0.345,0.316
COL202008120,2020-08-12,COL,ARI,0,1,5.32,6.52,1e-06,1e-06,COL,COL,0.6666666666666666,0.5,0.322,0.284
HOU202008120,2020-08-12,HOU,SFN,0,1,4.03,4.03,1e-06,1e-06,HOU,HOU,0.2857142857142857,0.0,0.321,0.311
NYN202008120,2020-08-12,NYN,WAS,4,3,3.71,6.62,1e-06,1e-06,NYN,NYN,0.1111111111111111,0.5,0.333,0.349
TEX202008120,2020-08-12,TEX,SEA,0,0,2.9,12.91,1e-06,1e-06,TEX,TEX,0.3333333333333333,0.625,0.307,0.317
CIN202008120,2020-08-12,CIN,KCA,0,1,5.65,2.47,1e-06,1e-06,CIN,CIN,0.25,0.4444444444444444,0.325,0.291
ANA202008120,2020-08-12,ANA,OAK,1,1,3.99,2.29,1e-06,1e-06,ANA,ANA,0.375,0.0,0.356,0.319
LAN202008120,2020-08-12,LAN,SDN,0,0,3.86,2.73,1e-06,1e-06,LAN,LAN,0.375,0.0,0.346,0.32
DET202008120,2020-08-12,DET,CHA,1,2,6.71,4.01,1e-06,1e-06,DET,DET,0.1111111111111111,1.0,0.306,0.318
CLE202008120,2020-08-12,CLE,CHN,0,0,2.91,2.88,1e-06,1e-06,CLE,CLE,1.0,0.6666666666666666,0.32,0.323
CIN202008130,2020-08-13,CIN,PIT,0,2,7.22,6.18,1e-06,415.25842934625814,CIN,PIT,0.2222222222222222,0.2857142857142857,0.325,0.266
PHI202008130,2020-08-13,PHI,BAL,0,0,5.08,3.89,1e-06,1e-06,PHI,PHI,1.0,0.8571428571428571,0.347,0.326
NYN202008130,2020-08-13,NYN,WAS,0,1,3.44,6.34,1e-06,1e-06,NYN,NYN,0.5,1.3333333333333333,0.333,0.349
CHN202008130,2020-08-13,CHN,MIL,1,0,2.01,4.21,494.38381964269325,132.54357794550742,CLE,MIL,0.1428571428571428,0.0,0.31,0.312
BOS202008130,2020-08-13,BOS,TBA,3,2,15.55,3.26,1e-06,1e-06,BOS,BOS,0.4,0.375,0.342,0.311
LAN202008130,2020-08-13,LAN,SDN,3,2,3.27,4.73,1e-06,1e-06,LAN,LAN,0.3333333333333333,0.0,0.346,0.32
SFN202008140,2020-08-14,SFN,OAK,1,0,0.49,2.82,2641.7391700833814,599.2380275896384,HOU,ANA,0.5,0.1428571428571428,0.354,0.319
DET202008140,2020-08-14,DET,CLE,0,0,8.53,4.74,1e-06,145.52553501827433,DET,CLE,0.2,0.1111111111111111,0.306,0.315
CHN202008140,2020-08-14,CHN,MIL,0,0,4.48,3.99,1e-06,1e-06,CHN,CHN,0.25,0.0,0.31,0.312
ANA202008140,2020-08-14,ANA,LAN,0,0,5.65,2.16,1e-06,40.86770847173621,ANA,LAN,0.4444444444444444,0.6666666666666666,0.356,0.338
BAL202008140,2020-08-14,BAL,WAS,1,0,6.69,4.29,144.5656230575587,272.81937803481173,PHI,NYN,0.3333333333333333,1.25,0.318,0.349
CIN202008140,2020-08-14,CIN,PIT,0,0,3.7,4.27,1e-06,1e-06,CIN,CIN,0.2,0.5,0.325,0.266
MIA202008140,2020-08-14,MIA,ATL,0,1,3.61,5.21,1988.7442573540511,1756.5620451799746,TOR,NYA,0.0,0.2,0.313,0.329
TOR202008140,2020-08-14,TOR,TBA,0,2,9.92,4.44,1e-06,691.6136251477402,TOR,BOS,0.0,0.5555555555555556,0.345,0.311
ARI202008140,2020-08-14,ARI,SDN,0,0,2.59,2.09,942.6579354569092,574.8341159449532,COL,LAN,0.1428571428571428,0.2,0.341,0.32
COL202008140,2020-08-14,COL,TEX,1,0,3.65,3.32,1e-06,1052.76358222127,COL,TEX,0.6,0.6666666666666666,0.322,0.263
HOU202008140,2020-08-14,HOU,SEA,9,1,3.57,15.26,1e-06,368.5990384284446,HOU,TEX,0.25,0.5555555555555556,0.321,0.317
NYA202008140,2020-08-14,NYA,BOS,0,0,2.84,5.61,1e-06,306.2037667286439,NYA,BOS,0.8333333333333334,0.2857142857142857,0.365,0.318
PHI202008140,2020-08-14,PHI,NYN,0,1,4.57,5.15,1e-06,129.48897528262268,PHI,NYN,0.6,0.125,0.347,0.361
BAL202008150,2020-08-15,BAL,WAS,2,0,6.81,4.66,1e-06,1e-06,BAL,BAL,0.4,1.0,0.318,0.349
SFN202008150,2020-08-15,SFN,OAK,0,0,10.03,4.35,1e-06,1e-06,SFN,SFN,0.5714285714285714,0.125,0.354,0.319
CHA202008152,2020-08-15,CHA,SLN,0,0,2.38,2.42,1e-06,1e-06,CHA,CHA,0.1428571428571428,0.0,0.333,0.311
ANA202008150,2020-08-15,ANA,LAN,2,0,5.25,2.66,1e-06,1e-06,ANA,ANA,0.4,0.6,0.356,0.338
MIN202008151,2020-08-15,MIN,KCA,0,0,1.88,7.94,476.3851219130703,973.9884963018676,MIL,CIN,1.0,0.5,0.312,0.291
CHN202008150,2020-08-15,CHN,MIL,2,0,1.54,6.53,1e-06,1e-06,CHN,CHN,0.2222222222222222,0.0,0.31,0.312
DET202008150,2020-08-15,DET,CLE,0,0,3.97,1.63,1e-06,1e-06,DET,DET,0.2,0.1,0.306,0.315
MIN202008152,2020-08-15,MIN,KCA,1,0,4.0,4.95,1e-06,1e-06,MIN,MIN,0.8888888888888888,0.3,0.312,0.291
TOR202008150,2020-08-15,TOR,TBA,0,0,1.23,2.52,1e-06,1e-06,TOR,TOR,0.0,0.7,0.345,0.311
MIA202008150,2020-08-15,MIA,ATL,0,0,2.22,,1e-06,1e-06,MIA,MIA,0.0,0.3,0.313,0.329
COL202008150,2020-08-15,COL,TEX,0,0,3.75,5.35,1e-06,1e-06,COL,COL,0.5,0.5714285714285714,0.322,0.263
PHI202008150,2020-08-15,PHI,NYN,0,0,3.28,9.68,1e-06,1e-06,PHI,PHI,0.6,0.2222222222222222,0.347,0.361
NYA202008150,2020-08-15,NYA,BOS,2,0,6.64,3.72,1e-06,1e-06,NYA,NYA,0.7142857142857143,0.25,0.365,0.318
HOU202008150,2020-08-15,HOU,SEA,0,0,3.48,4.57,1e-06,1e-06,HOU,HOU,1.2222222222222223,0.6,0.321,0.317
CHA202008151,2020-08-15,CHA,SLN,0,4,3.48,3.15,380.91207013286544,571.0232496384983,DET,MIN,0.125,0.0,0.333,0.311
ARI202008150,2020-08-15,ARI,SDN,0,1,2.42,2.7,1e-06,1e-06,ARI,ARI,0.125,0.2,0.341,0.32
MIN202008160,2020-08-16,MIN,KCA,0,1,4.05,4.06,1e-06,1e-06,MIN,MIN,0.9,0.3,0.312,0.291
SFN202008160,2020-08-16,SFN,OAK,0,0,5.47,4.58,1e-06,1e-06,SFN,SFN,0.5,0.1111111111111111,0.354,0.319
CHA202008160,2020-08-16,CHA,SLN,1,0,1.99,2.77,1e-06,1e-06,CHA,CHA,0.1111111111111111,1.0,0.333,0.311
COL202008160,2020-08-16,COL,TEX,0,0,6.69,7.75,1e-06,1e-06,COL,COL,0.5,0.5,0.322,0.263
CHN202008160,2020-08-16,CHN,MIL,3,0,3.29,1.54,1e-06,1e-06,CHN,CHN,0.4,0.0,0.31,0.312
MIA202008160,2020-08-16,MIA,ATL,0,0,4.43,1.1,1e-06,1e-06,MIA,MIA,0.0,0.1,0.313,0.329
PHI202008160,2020-08-16,PHI,NYN,1,0,2.92,5.64,1e-06,1e-06,PHI,PHI,0.6,0.2,0.347,0.361
ANA202008160,2020-08-16,ANA,LAN,0,0,10.05,2.92,1e-06,1e-06,ANA,ANA,0.6,0.6,0.356,0.338
DET202008160,2020-08-16,DET,CLE,0,0,6.32,2.0,1e-06,1e-06,DET,DET,0.2,0.1,0.306,0.315
BAL202008160,2020-08-16,BAL,WAS,1,3,2.81,3.74,1e-06,1e-06,BAL,BAL,0.5,0.8333333333333334,0.318,0.349
TOR202008160,2020-08-16,TOR,TBA,2,0,9.92,2.52,1e-06,1e-06,TOR,TOR,0.0,0.7,0.345,0.311
HOU202008160,2020-08-16,HOU,SEA,0,0,3.43,12.91,1e-06,1e-06,HOU,HOU,1.1,0.6,0.321,0.317
ARI202008160,2020-08-16,ARI,SDN,0,0,4.36,4.5,1e-06,1e-06,ARI,ARI,0.1111111111111111,0.3,0.341,0.32
NYA202008160,2020-08-16,NYA,BOS,1,0,3.47,4.8,1e-06,1e-06,NYA,NYA,0.875,0.2222222222222222,0.365,0.318
CHN202008172,2020-08-17,CHN,SLN,1,0,5.66,2.08,1e-06,1e-06,CHN,CHN,0.6,0.8,0.31,0.311
ANA202008170,2020-08-17,ANA,SFN,0,2,5.81,10.03,1e-06,599.2380275896384,ANA,SFN,0.6,0.1,0.356,0.311
ARI202008170,2020-08-17,ARI,OAK,0,0,2.42,2.82,1e-06,1050.993394248722,ARI,SFN,0.1,0.1,0.341,0.319
MIA202008170,2020-08-17,MIA,NYN,1,0,18.26,3.96,1e-06,1644.1190984600378,MIA,PHI,0.0,0.2,0.313,0.361
BAL202008170,2020-08-17,BAL,TOR,0,0,4.3,2.69,1e-06,537.0332419152472,BAL,TOR,0.4,0.3,0.318,0.305
TEX202008170,2020-08-17,TEX,SDN,0,0,7.02,2.73,1052.76358222127,1401.854927086376,COL,ARI,0.3,0.3,0.307,0.32
CHA202008170,2020-08-17,CHA,DET,2,0,1.52,6.71,1e-06,380.91207013286544,CHA,DET,0.2,1.2,0.333,0.301
ATL202008170,2020-08-17,ATL,WAS,0,0,,6.1,973.359131898138,927.9028501726538,MIA,BAL,0.6666666666666666,1.1428571428571428,0.362,0.349
LAN202008170,2020-08-17,LAN,SEA,1,2,2.89,6.1,40.86770847173621,2205.5170699182067,ANA,HOU,0.6,0.4,0.346,0.317
NYA202008170,2020-08-17,NYA,BOS,0,0,7.76,4.5,1e-06,1e-06,NYA,NYA,0.8888888888888888,0.2,0.365,0.318
HOU202008170,2020-08-17,HOU,COL,2,0,6.75,4.33,1e-06,1412.379089095518,HOU,COL,1.0,0.0,0.321,0.3
CHN202008171,2020-08-17,CHN,SLN,0,0,2.88,3.6,1e-06,1e-06,CHN,CHA,0.7,0.6666666666666666,0.31,0.311
MIN202008170,2020-08-17,MIN,KCA,0,0,6.75,4.32,1e-06,1e-06,MIN,MIN,0.9,0.4,0.312,0.291
BAL202008180,2020-08-18,BAL,TOR,2,0,5.56,3.51,1e-06,1e-06,BAL,BAL,0.4,0.2,0.318,0.305
CHA202008180,2020-08-18,CHA,DET,1,0,4.01,5.63,1e-06,1e-06,CHA,CHA,0.4,1.0,0.333,0.301
CHN202008180,2020-08-18,CHN,SLN,0,0,2.01,4.96,1e-06,1e-06,CHN,CHN,0.7,0.5714285714285714,0.31,0.311
BOS202008180,2020-08-18,BOS,PHI,1,0,9.82,2.81,306.2037667286439,435.5953169043613,NYA,PHI,0.7,0.0,0.342,0.336
ANA202008180,2020-08-18,ANA,SFN,1,1,3.29,0.49,1e-06,1e-06,ANA,ANA,0.6,0.3,0.356,0.311
HOU202008180,2020-08-18,HOU,COL,0,0,1.9,7.65,1e-06,1e-06,HOU,HOU,1.1,0.0,0.321,0.3
TEX202008180,2020-08-18,TEX,SDN,0,4,5.56,5.63,1e-06,1e-06,TEX,TEX,0.3,0.3,0.307,0.32
ATL202008180,2020-08-18,ATL,WAS,1,0,2.79,3.8,1e-06,1e-06,ATL,ATL,0.6,1.0,0.362,0.349
MIN202008180,2020-08-18,MIN,MIL,0,0,2.63,6.53,1e-06,571.0232496384983,MIN,CHN,0.8,0.0,0.312,0.312
NYA202008180,2020-08-18,NYA,TBA,0,0,3.56,3.24,1e-06,550.2922217550002,NYA,TOR,0.8,0.7,0.365,0.311
LAN202008180,2020-08-18,LAN,SEA,0,0,3.86,5.75,1e-06,1e-06,LAN,LAN,0.6,0.6,0.346,0.317
PIT202008180,2020-08-18,PIT,CLE,1,0,3.86,3.42,415.25842934625814,331.7516309667575,CIN,DET,0.0,0.1,0.299,0.315
ARI202008180,2020-08-18,ARI,OAK,5,0,6.58,5.6,1e-06,1e-06,ARI,ARI,0.1,0.1,0.341,0.319
MIA202008180,2020-08-18,MIA,NYN,0,0,5.4,3.66,1e-06,1e-06,MIA,MIA,0.25,0.2,0.313,0.361
BOS202008190,2020-08-19,BOS,PHI,0,2,5.95,5.08,1e-06,1e-06,BOS,BOS,0.8,0.0,0.342,0.336
SEA202008190,2020-08-19,SEA,LAN,1,0,2.7,5.29,1545.141516309272,1545.141516309272,LAN,LAN,0.3,0.6,0.295,0.338
COL202008190,2020-08-19,COL,HOU,0,0,5.82,3.57,1412.379089095518,1412.379089095518,HOU,HOU,0.5,0.1111111111111111,0.322,0.318
CHN202008192,2020-08-19,CHN,SLN,0,0,1.54,2.77,1e-06,1e-06,CHN,CHN,0.7,0.5,0.31,0.311
CHN202008191,2020-08-19,CHN,SLN,1,4,4.48,2.08,1e-06,1e-06,CHN,CHN,0.7,0.4444444444444444,0.31,0.311
MIA202008190,2020-08-19,MIA,NYN,0,0,2.22,1.75,1e-06,1e-06,MIA,MIA,0.2,0.2,0.313,0.361
SDN202008190,2020-08-19,SDN,TEX,0,0,4.5,4.08,1879.917699205684,1879.917699205684,TEX,TEX,0.7777777777777778,0.4444444444444444,0.344,0.263
BAL202008190,2020-08-19,BAL,TOR,0,0,6.69,6.8,1e-06,1e-06,BAL,BAL,0.6,0.2,0.318,0.305
PIT202008190,2020-08-19,PIT,CLE,0,0,7.11,4.74,1e-06,1e-06,PIT,PIT,0.1111111111111111,0.1,0.299,0.315
SFN202008190,2020-08-19,SFN,ANA,0,0,5.4,5.65,599.2380275896384,599.2380275896384,ANA,ANA,0.4444444444444444,0.5555555555555556,0.354,0.308
KCA202008192,2020-08-19,KCA,CIN,0,0,11.57,1.73,662.9211681328137,868.1617780403714,MIN,CIN,0.5,0.875,0.327,0.294
CHA202008190,2020-08-19,CHA,DET,0,0,2.38,4.3,1e-06,1e-06,CHA,CHA,0.5,0.8571428571428571,0.333,0.301
KCA202008191,2020-08-19,KCA,CIN,3,0,2.47,3.21,1e-06,1e-06,KCA,KCA,0.4444444444444444,0.7777777777777778,0.327,0.294
NYA202008190,2020-08-19,NYA,TBA,0,0,1.89,2.7,1e-06,1e-06,NYA,NYA,0.8,0.6,0.365,0.311
MIN202008190,2020-08-19,MIN,MIL,0,0,3.03,4.21,1e-06,1e-06,MIN,MIN,0.8,0.0,0.312,0.312
OAK202008190,2020-08-19,OAK,ARI,2,0,4.12,2.59,1040.2976618519092,1040.2976618519092,ARI,ARI,0.9,0.6,0.321,0.284
SEA202008200,2020-08-20,SEA,LAN,0,0,5.17,2.16,1e-06,1e-06,SEA,SEA,0.4,0.3,0.295,0.338
TOR202008202,2020-08-20,TOR,PHI,2,7,5.14,4.57,1e-06,1e-06,TOR,TOR,0.4,0.6666666666666666,0.345,0.336
SFN202008200,2020-08-20,SFN,ANA,2,1,3.62,38.57,1e-06,1e-06,SFN,SFN,0.4,0.5,0.354,0.308
TOR202008201,2020-08-20,TOR,PHI,0,1,1.23,8.59,537.0332419152472,691.6136251477402,BAL,BOS,0.6666666666666666,2.25,0.345,0.336
PIT202008200,2020-08-20,PIT,CLE,0,0,6.18,1.63,1e-06,1e-06,PIT,PIT,0.1,0.1,0.299,0.315
MIN202008200,2020-08-20,MIN,MIL,0,0,4.0,3.05,1e-06,1e-06,MIN,MIN,0.5,0.0,0.312,0.312
SDN202008200,2020-08-20,SDN,TEX,1,0,2.7,2.92,1e-06,1e-06,SDN,SDN,0.7,0.4,0.344,0.263
NYA202008200,2020-08-20,NYA,TBA,1,0,5.89,1.66,1e-06,1e-06,NYA,NYA,0.7,0.6,0.365,0.311
SLN202008200,2020-08-20,SLN,CIN,0,2,4.63,2.74,422.4920912040455,382.8562661725535,CHN,KCA,0.5,0.7,0.341,0.294
OAK202008200,2020-08-20,OAK,ARI,1,0,4.5,5.44,1e-06,1e-06,OAK,OAK,0.6,0.6,0.321,0.284
CHA202008200,2020-08-20,CHA,DET,3,0,3.48,3.97,1e-06,1e-06,CHA,CHA,0.5,0.75,0.333,0.301
COL202008200,2020-08-20,COL,HOU,0,0,3.75,3.05,1e-06,1e-06,COL,COL,0.4,0.1,0.322,0.318
BAL202008200,2020-08-20,BAL,BOS,0,0,6.81,3.72,1e-06,578.81170796599,BAL,BOS,0.6,0.2,0.318,0.318
PIT202008210,2020-08-21,PIT,MIL,0,0,4.27,5.3,1e-06,1195.838861467298,PIT,MIN,0.1,0.0,0.299,0.312
CHN202008210,2020-08-21,CHN,CHA,0,0,5.16,1.99,1e-06,1e-06,CHN,CHA,0.8,1.2,0.31,0.318
OAK202008210,2020-08-21,OAK,ANA,3,0,4.58,4.46,1e-06,13.027453191410114,OAK,SFN,0.7,0.6,0.321,0.308
SDN202008210,2020-08-21,SDN,HOU,1,1,4.02,3.93,1e-06,1340.79250926624,SDN,COL,0.8,0.1,0.344,0.318
SEA202008210,2020-08-21,SEA,TEX,4,0,4.57,7.75,1e-06,1711.8059777853623,SEA,SDN,0.4,0.3,0.295,0.263
TBA202008210,2020-08-21,TBA,TOR,1,0,2.52,2.73,1638.0556824552712,1789.459752085548,NYA,TOR,0.1,0.2,0.331,0.305
WAS202008210,2020-08-21,WAS,MIA,0,0,4.66,3.16,874.0887985860761,1489.628641346009,ATL,MIA,0.2,0.7,0.322,0.316
LAN202008210,2020-08-21,LAN,COL,1,0,3.44,6.69,1545.141516309272,1336.5596902131042,SEA,COL,0.5,0.0,0.346,0.3
BAL202008210,2020-08-21,BAL,BOS,0,0,4.53,2.16,1e-06,1e-06,BAL,BAL,0.6,0.2,0.318,0.318
CLE202008210,2020-08-21,CLE,DET,0,0,4.88,8.14,186.24975562107616,494.38381964269325,PIT,CHA,0.8888888888888888,0.6666666666666666,0.32,0.301
SFN202008210,2020-08-21,SFN,ARI,0,0,5.47,6.62,1e-06,13.027453191410114,SFN,OAK,0.5,0.6,0.354,0.284
KCA202008210,2020-08-21,KCA,MIN,4,0,4.95,6.59,1e-06,662.9211681328137,KCA,MIN,0.7,0.9,0.327,0.314
SLN202008210,2020-08-21,SLN,CIN,0,0,2.42,4.28,1e-06,1e-06,SLN,SLN,0.3333333333333333,0.9,0.341,0.294
ATL202008210,2020-08-21,ATL,PHI,0,1,2.25,3.28,1e-06,1183.2911929642491,ATL,TOR,0.7,2.0,0.362,0.336
SDN202008220,2020-08-22,SDN,HOU,2,1,2.73,6.75,1e-06,1e-06,SDN,SDN,0.9,0.2,0.344,0.318
CHN202008220,2020-08-22,CHN,CHA,0,0,2.88,4.83,1e-06,1e-06,CHN,CHN,0.8,1.2,0.31,0.318
LAN202008220,2020-08-22,LAN,COL,1,0,3.33,3.65,1e-06,1e-06,LAN,LAN,0.6,0.0,0.346,0.3
WAS202008221,2020-08-22,WAS,MIA,2,0,2.92,3.03,1e-06,1e-06,WAS,WAS,0.2,0.7,0.322,0.316
KCA202008220,2020-08-22,KCA,MIN,0,3,4.06,4.05,1e-06,1e-06,KCA,KCA,1.1,0.9,0.327,0.314
WAS202008222,2020-08-22,WAS,MIA,0,0,11.88,3.46,1e-06,1e-06,WAS,WAS,0.4,0.7,0.322,0.316
OAK202008220,2020-08-22,OAK,ANA,0,1,2.29,4.5,1e-06,1e-06,OAK,OAK,1.0,0.6,0.321,0.308
BAL202008220,2020-08-22,BAL,BOS,0,0,4.01,4.3,1e-06,1e-06,BAL,BAL,0.6,0.2,0.318,0.318
CLE202008220,2020-08-22,CLE,DET,0,0,3.24,6.71,1e-06,1e-06,CLE,CLE,0.8,0.6,0.32,0.301
TBA202008220,2020-08-22,TBA,TOR,0,0,10.29,3.51,1e-06,1e-06,TBA,TBA,0.2,0.1,0.331,0.305
ATL202008220,2020-08-22,ATL,PHI,0,2,2.78,5.95,1e-06,1e-06,ATL,ATL,0.7,1.8333333333333333,0.362,0.336
SLN202008220,2020-08-22,SLN,CIN,0,0,1.62,5.65,1e-06,1e-06,SLN,SLN,0.25,0.7,0.341,0.294
PIT202008220,2020-08-22,PIT,MIL,1,0,6.86,5.16,1e-06,1e-06,PIT,PIT,0.1,0.0,0.299,0.312
SEA202008220,2020-08-22,SEA,TEX,3,0,3.58,7.02,1e-06,1e-06,SEA,SEA,0.7,0.1,0.295,0.263
SFN202008220,2020-08-22,SFN,ARI,1,0,4.37,54.0,1e-06,1e-06,SFN,SFN,0.5,0.3,0.354,0.284
KCA202008230,2020-08-23,KCA,MIN,0,2,4.32,2.77,1e-06,1e-06,KCA,KCA,1.1,0.8,0.327,0.314
BAL202008230,2020-08-23,BAL,BOS,0,1,3.89,8.16,1e-06,1e-06,BAL,BAL,0.6,0.2,0.318,0.318
SLN202008230,2020-08-23,SLN,CIN,0,2,2.42,3.59,1e-06,1e-06,SLN,SLN,0.2,0.6,0.341,0.294
SDN202008230,2020-08-23,SDN,HOU,0,3,5.63,3.05,1e-06,1e-06,SDN,SDN,1.0,0.3,0.344,0.318
OAK202008230,2020-08-23,OAK,ANA,2,0,1.78,5.81,1e-06,1e-06,OAK,OAK,0.9,0.7,0.321,0.308
WAS202008230,2020-08-23,WAS,MIA,1,0,6.62,5.4,1e-06,1e-06,WAS,WAS,0.4,0.5,0.322,0.316
TBA202008230,2020-08-23,TBA,TOR,0,0,2.78,2.7,1e-06,1e-06,TBA,TBA,0.2,0.1,0.331,0.305
PIT202008230,2020-08-23,PIT,MIL,1,0,3.9,6.53,1e-06,1e-06,PIT,PIT,0.2,0.0,0.299,0.312
SEA202008230,2020-08-23,SEA,TEX,1,0,4.34,5.56,1e-06,1e-06,SEA,SEA,1.0,0.1,0.295,0.263
ATL202008230,2020-08-23,ATL,PHI,0,0,4.76,3.97,1e-06,1e-06,ATL,ATL,0.5,1.8571428571428572,0.362,0.336
SFN202008230,2020-08-23,SFN,ARI,0,0,4.03,6.58,1e-06,1e-06,SFN,SFN,0.6,0.3,0.354,0.284
CHN202008230,2020-08-23,CHN,CHA,0,0,2.01,4.01,1e-06,1e-06,CHN,CHN,0.7,1.2,0.31,0.318
LAN202008230,2020-08-23,LAN,COL,1,0,1.33,3.44,1e-06,1e-06,LAN,LAN,0.7,0.0,0.346,0.3
CLE202008230,2020-08-23,CLE,DET,1,1,2.91,3.25,1e-06,1e-06,CLE,CLE,0.8,0.5,0.32,0.301
SLN202008240,2020-08-24,SLN,KCA,1,0,4.91,2.47,1e-06,382.8562661725535,SLN,KCA,0.1666666666666666,0.4,0.341,0.291
HOU202008240,2020-08-24,HOU,ANA,0,0,3.57,5.65,2092.675240202723,2629.671879056886,SDN,OAK,1.1,0.4,0.321,0.308
MIL202008240,2020-08-24,MIL,CIN,1,0,4.21,1.73,722.0054120555708,526.8349145670746,PIT,SLN,0.25,0.8,0.309,0.294
ARI202008240,2020-08-24,ARI,COL,0,1,4.5,5.82,1050.993394248722,574.8341159449532,SFN,LAN,0.6,0.0,0.341,0.3
CLE202008240,2020-08-24,CLE,MIN,1,0,4.74,2.7,1e-06,1123.5230318083022,CLE,KCA,0.7,1.0,0.32,0.314
WAS202008240,2020-08-24,WAS,MIA,0,0,6.34,3.61,1e-06,1e-06,WAS,WAS,0.5,0.5,0.322,0.316
DET202008240,2020-08-24,DET,CHN,0,0,6.99,4.48,145.52553501827433,380.91207013286544,CLE,CHN,0.2,0.5714285714285714,0.306,0.323
TBA202008240,2020-08-24,TBA,TOR,0,0,2.52,2.73,1e-06,1e-06,TBA,TBA,0.2,0.1,0.331,0.305
TEX202008240,2020-08-24,TEX,OAK,2,1,3.32,4.12,2688.6235870338205,2350.5503898425545,SEA,OAK,0.3,0.1,0.307,0.319
DET202008250,2020-08-25,DET,CHN,2,0,3.97,5.3,1e-06,1e-06,DET,DET,0.1,0.5,0.306,0.323
SDN202008250,2020-08-25,SDN,SEA,0,2,4.73,3.1,1e-06,1711.8059777853623,SDN,SEA,0.9,0.6,0.344,0.317
NYN202008251,2020-08-25,NYN,MIA,0,0,5.64,2.16,1e-06,1e-06,NYN,NYN,0.5,0.4,0.333,0.316
NYN202008252,2020-08-25,NYN,MIA,0,0,4.84,6.84,1756.5620451799746,326.3648041771951,MIA,WAS,0.5,0.4,0.333,0.316
WAS202008250,2020-08-25,WAS,PHI,1,0,4.29,5.08,1e-06,874.0887985860761,WAS,ATL,0.5,1.625,0.322,0.336
CHA202008250,2020-08-25,CHA,PIT,0,0,3.48,3.38,1e-06,660.0502267315369,CHN,PIT,0.8,0.4444444444444444,0.333,0.266
HOU202008251,2020-08-25,HOU,ANA,5,0,3.48,38.57,1e-06,1e-06,HOU,HOU,1.1,0.4,0.321,0.308
ARI202008250,2020-08-25,ARI,COL,0,2,2.42,7.65,1e-06,1e-06,ARI,ARI,0.5,0.1,0.341,0.3
SFN202008250,2020-08-25,SFN,LAN,3,3,3.72,5.29,1e-06,559.4406195325591,SFN,LAN,0.6,0.3,0.354,0.338
TEX202008250,2020-08-25,TEX,OAK,0,0,5.35,4.5,1e-06,1e-06,TEX,TEX,0.5,0.2,0.307,0.319
CLE202008250,2020-08-25,CLE,MIN,1,0,1.63,2.63,1e-06,1e-06,CLE,CLE,0.6,0.7,0.32,0.314
SLN202008250,2020-08-25,SLN,KCA,0,0,2.4,2.45,1e-06,1e-06,SLN,SLN,0.2857142857142857,0.3,0.341,0.291
MIL202008250,2020-08-25,MIL,CIN,0,0,3.05,3.21,1e-06,1e-06,MIL,MIL,0.3333333333333333,0.8,0.309,0.294
TOR202008250,2020-08-25,TOR,BOS,4,0,9.92,3.26,1789.459752085548,537.0332419152472,TBA,BAL,0.5714285714285714,0.1,0.345,0.318
TBA202008250,2020-08-25,TBA,BAL,0,1,4.08,6.69,1e-06,1393.7772067986984,TBA,BAL,0.2,0.75,0.331,0.326
HOU202008252,2020-08-25,HOU,ANA,0,4,6.75,4.05,1e-06,1e-06,HOU,HOU,1.6,0.4,0.321,0.308
DET202008260,2020-08-26,DET,CHN,0,0,7.15,3.92,1e-06,1e-06,DET,DET,0.3,0.4444444444444444,0.306,0.323
CLE202008260,2020-08-26,CLE,MIN,0,1,4.57,4.05,1e-06,1e-06,CLE,CLE,0.4,0.7,0.32,0.314
ARI202008260,2020-08-26,ARI,COL,0,2,6.62,6.69,1e-06,1e-06,ARI,ARI,0.5,0.3,0.341,0.3
TOR202008260,2020-08-26,TOR,BOS,1,0,8.06,5.61,1e-06,1e-06,TOR,TOR,1.0,0.1,0.345,0.318
CHA202008260,2020-08-26,CHA,PIT,0,0,1.99,6.18,1e-06,1e-06,CHA,CHA,0.7,0.4,0.333,0.266
WAS202008260,2020-08-26,WAS,PHI,0,0,3.06,3.28,1e-06,1e-06,WAS,WAS,0.5,1.4444444444444444,0.322,0.336
NYN202008260,2020-08-26,NYN,MIA,1,0,5.84,4.43,1e-06,1e-06,NYN,NYN,0.4,0.3,0.333,0.316
SLN202008260,2020-08-26,SLN,KCA,0,0,3.2,8.1,1e-06,1e-06,SLN,SLN,0.25,0.2,0.341,0.291
ATL202008262,2020-08-26,ATL,NYA,0,0,2.25,3.51,1e-06,1e-06,ATL,ATL,0.3,0.9,0.362,0.324
TEX202008260,2020-08-26,TEX,OAK,0,0,7.75,4.58,1e-06,1e-06,TEX,TEX,0.5,0.2,0.307,0.319
ATL202008261,2020-08-26,ATL,NYA,1,0,1.95,2.84,1e-06,1200.4511584455877,ATL,NYA,0.3,0.9,0.362,0.324
TBA202008260,2020-08-26,TBA,BAL,0,2,0.0,3.63,1e-06,1e-06,TBA,TBA,0.2,0.7777777777777778,0.331,0.326
MIL202008271,2020-08-27,MIL,CIN,0,0,5.3,3.7,1e-06,1e-06,MIL,MIL,0.3,0.8,0.309,0.294
MIL202008272,2020-08-27,MIL,CIN,0,0,5.16,2.45,1e-06,1e-06,MIL,MIL,0.2,0.5,0.309,0.294
SDN202008271,2020-08-27,SDN,SEA,0,0,2.7,6.14,1e-06,1e-06,SDN,SDN,0.9,0.8,0.344,0.317
SFN202008272,2020-08-27,SFN,LAN,0,0,3.62,1.33,1e-06,1e-06,SFN,SFN,0.7,0.6,0.354,0.338
SLN202008272,2020-08-27,SLN,PIT,0,0,5.47,3.18,1e-06,422.4920912040455,SLN,CHA,0.2222222222222222,0.4,0.341,0.266
SFN202008271,2020-08-27,SFN,LAN,0,1,5.47,2.16,1e-06,1e-06,SFN,SFN,0.7,0.4,0.354,0.338
SDN202008272,2020-08-27,SDN,SEA,1,6,4.03,5.17,1e-06,1e-06,SDN,SDN,0.9,0.5,0.344,0.317
SLN202008271,2020-08-27,SLN,PIT,0,0,2.4,3.9,1e-06,1e-06,SLN,SLN,0.2,0.4,0.341,0.266
NYA202008282,2020-08-28,NYA,NYN,0,1,3.09,4.84,1e-06,1e-06,NYA,NYA,0.8,0.2,0.365,0.361
COL202008280,2020-08-28,COL,SDN,5,0,9.28,2.73,942.6579354569092,1340.79250926624,ARI,SDN,0.3,0.7,0.322,0.32
MIA202008280,2020-08-28,MIA,TBA,0,0,2.16,2.7,1756.5620451799746,319.9354673545946,NYN,TBA,0.1666666666666666,0.6,0.313,0.311
TEX202008280,2020-08-28,TEX,LAN,0,0,2.9,2.66,1e-06,2363.044634840767,TEX,SFN,0.5,0.4,0.307,0.338
SLN202008280,2020-08-28,SLN,CLE,0,4,4.96,4.91,1e-06,790.4867119732073,SLN,CLE,0.1,0.0,0.341,0.315
PHI202008280,2020-08-28,PHI,ATL,0,0,2.81,2.78,197.2342958595587,1071.2330338826837,WAS,ATL,0.4,0.1,0.347,0.329
NYA202008281,2020-08-28,NYA,NYN,2,0,3.51,4.96,1200.4511584455877,1e-06,ATL,NYN,0.7,0.3,0.365,0.361
TOR202008280,2020-08-28,TOR,BAL,0,0,1.5,5.56,1e-06,1789.459752085548,TOR,TBA,1.0,0.9,0.345,0.326
CHA202008280,2020-08-28,CHA,KCA,0,0,0.81,9.0,1e-06,422.4920912040455,CHA,SLN,0.7,0.2,0.333,0.291
ARI202008280,2020-08-28,ARI,SFN,1,0,2.75,4.37,1e-06,1050.993394248722,ARI,SFN,0.5,0.4,0.341,0.311
MIL202008280,2020-08-28,MIL,PIT,1,0,2.11,6.86,1e-06,526.8349145670746,MIL,SLN,0.2,0.4,0.309,0.266
BOS202008280,2020-08-28,BOS,WAS,0,0,4.5,3.74,691.6136251477402,632.55798631456,TOR,WAS,0.8,0.8888888888888888,0.342,0.349
CIN202008280,2020-08-28,CIN,CHN,0,2,3.59,2.88,525.1892238126902,380.0544669682655,MIL,DET,0.1,0.4,0.325,0.323
ANA202008280,2020-08-28,ANA,SEA,0,0,4.46,4.57,2169.9670210701,141.8121399568677,HOU,SDN,0.7,1.1,0.356,0.317
HOU202008291,2020-08-29,HOU,OAK,3,0,3.93,2.29,1e-06,1e-06,HOU,HOU,1.6,0.2,0.321,0.319
CIN202008292,2020-08-29,CIN,CHN,1,1,6.0,5.28,1e-06,1e-06,CIN,CIN,0.1,0.2,0.325,0.323
NYA202008290,2020-08-29,NYA,NYN,1,0,3.09,7.71,1e-06,1e-06,NYA,NYA,0.6,0.3,0.365,0.361
PHI202008290,2020-08-29,PHI,ATL,1,0,3.97,4.76,1e-06,1e-06,PHI,PHI,0.4,0.1,0.347,0.329
TOR202008290,2020-08-29,TOR,BAL,2,0,2.7,4.3,1e-06,1e-06,TOR,TOR,0.9,0.6,0.345,0.326
ARI202008290,2020-08-29,ARI,SFN,0,2,6.58,0.49,1e-06,1e-06,ARI,ARI,0.6,0.4,0.341,0.311
TEX202008290,2020-08-29,TEX,LAN,0,0,3.32,3.86,1e-06,1e-06,TEX,TEX,0.5,0.4,0.307,0.338
MIA202008290,2020-08-29,MIA,TBA,0,0,3.61,2.78,1e-06,1e-06,MIA,MIA,0.1428571428571428,0.6,0.313,0.311
COL202008290,2020-08-29,COL,SDN,0,0,3.65,5.63,1e-06,1e-06,COL,COL,0.7,0.7,0.322,0.32
ANA202008290,2020-08-29,ANA,SEA,1,0,3.29,3.58,1e-06,1e-06,ANA,ANA,0.7,1.1,0.356,0.317
MIL202008290,2020-08-29,MIL,PIT,1,1,0.33,2.7,1e-06,1e-06,MIL,MIL,0.3,0.4,0.309,0.266
CHA202008290,2020-08-29,CHA,KCA,0,0,11.05,4.09,1e-06,1e-06,CHA,CHA,0.7,0.2,0.333,0.291
DET202008292,2020-08-29,DET,MIN,0,0,5.63,1.88,1e-06,1e-06,DET,DET,0.3,0.8,0.306,0.314
SLN202008290,2020-08-29,SLN,CLE,0,1,3.2,3.42,1e-06,1e-06,SLN,SLN,0.1,0.4,0.341,0.315
BOS202008290,2020-08-29,BOS,WAS,3,0,3.96,6.62,1e-06,1e-06,BOS,BOS,0.8,0.8,0.342,0.349
CIN202008291,2020-08-29,CIN,CHN,0,0,1.73,2.01,1e-06,1e-06,CIN,CIN,0.2,0.3,0.325,0.323
DET202008291,2020-08-29,DET,MIN,0,0,6.71,4.05,1e-06,145.52553501827433,DET,CLE,0.3,0.8,0.306,0.314
HOU202008292,2020-08-29,HOU,OAK,3,1,4.03,5.6,1e-06,368.5990384284446,HOU,TEX,1.9,0.2,0.321,0.319
BOS202008300,2020-08-30,BOS,WAS,3,0,6.38,6.34,1e-06,1e-06,BOS,BOS,1.0,0.8,0.342,0.349
ARI202008300,2020-08-30,ARI,SFN,0,1,2.42,2.5,1e-06,1e-06,ARI,ARI,0.6,0.6,0.341,0.311
ANA202008300,2020-08-30,ANA,SEA,0,0,7.36,6.14,1e-06,1e-06,ANA,ANA,0.8,1.1,0.356,0.317
MIL202008300,2020-08-30,MIL,PIT,0,0,3.05,1.15,1e-06,1e-06,MIL,MIL,0.4,0.4,0.309,0.266
TOR202008300,2020-08-30,TOR,BAL,0,0,3.51,5.56,1e-06,1e-06,TOR,TOR,1.1,0.4,0.345,0.326
TEX202008300,2020-08-30,TEX,LAN,0,1,5.35,2.92,1e-06,1e-06,TEX,TEX,0.5,0.4,0.307,0.338
CIN202008300,2020-08-30,CIN,CHN,0,0,3.21,5.79,1e-06,1e-06,CIN,CIN,0.2,0.3,0.325,0.323
CHA202008300,2020-08-30,CHA,KCA,0,0,2.2,4.09,1e-06,1e-06,CHA,CHA,0.7,0.2,0.333,0.291
MIA202008300,2020-08-30,MIA,TBA,0,3,3.0,3.24,1e-06,1e-06,MIA,MIA,0.125,0.5,0.313,0.311
COL202008300,2020-08-30,COL,SDN,0,3,5.82,4.73,1e-06,1e-06,COL,COL,0.7,0.7,0.322,0.32
DET202008300,2020-08-30,DET,MIN,1,0,3.96,2.7,1e-06,1e-06,DET,DET,0.3,0.8,0.306,0.314
SLN202008300,2020-08-30,SLN,CLE,0,0,3.15,4.74,1e-06,1e-06,SLN,SLN,0.1,0.5,0.341,0.315
NYA202008301,2020-08-30,NYA,NYN,1,0,3.51,1.75,1e-06,1e-06,NYA,NYA,0.7,0.3,0.365,0.361
NYA202008302,2020-08-30,NYA,NYN,0,0,4.98,6.43,1e-06,1e-06,NYA,NYA,0.8,0.2,0.365,0.361
PHI202008300,2020-08-30,PHI,ATL,0,0,5.08,0.83,1e-06,1e-06,PHI,PHI,0.5,0.1,0.347,0.329
MIN202008310,2020-08-31,MIN,CHA,0,0,4.05,2.2,872.516450655481,571.0232496384983,DET,CHA,0.5,1.2,0.312,0.318
BOS202008310,2020-08-31,BOS,ATL,1,1,5.61,2.25,1e-06,435.5953169043613,BOS,PHI,1.3,0.1,0.342,0.329
MIL202008310,2020-08-31,MIL,PIT,0,0,0.33,4.98,1e-06,1e-06,MIL,MIL,0.4,0.3,0.309,0.266
TOR202008310,2020-08-31,TOR,BAL,0,1,3.51,1.26,1e-06,1e-06,TOR,TOR,1.1,0.3,0.345,0.326
NYN202008310,2020-08-31,NYN,MIA,0,0,2.38,6.11,1e-06,1756.5620451799746,NYA,MIA,0.5,0.3,0.333,0.316
CIN202008310,2020-08-31,CIN,SLN,1,1,7.22,2.77,1e-06,494.9532553693752,CIN,SLN,0.2,0.8,0.325,0.311
ANA202008310,2020-08-31,ANA,SEA,0,0,4.5,3.1,1e-06,1e-06,ANA,ANA,0.5,1.0,0.356,0.317
PHI202008310,2020-08-31,PHI,WAS,1,0,5.92,4.29,1e-06,435.5953169043613,PHI,BOS,0.5,0.7,0.347,0.349
KCA202008310,2020-08-31,KCA,CLE,0,0,4.2,2.67,663.9206411727051,382.8562661725535,CHA,SLN,1.1,0.5,0.327,0.315
NYA202008310,2020-08-31,NYA,TBA,0,2,2.84,4.08,1e-06,1756.5620451799746,NYA,MIA,0.6,0.7,0.365,0.311
COL202008310,2020-08-31,COL,SDN,0,0,3.75,4.66,1e-06,1e-06,COL,COL,0.6,1.0,0.322,0.32
BAL202009010,2020-09-01,BAL,NYN,3,0,3.89,11.12,537.0332419152472,272.81937803481173,TOR,NYN,0.6,0.1,0.318,0.361
KCA202009010,2020-09-01,KCA,CLE,0,3,11.57,2.28,1e-06,1e-06,KCA,KCA,1.1,0.5,0.327,0.315
CIN202009010,2020-09-01,CIN,SLN,0,6,3.7,1.62,1e-06,1e-06,CIN,CIN,0.3,0.9,0.325,0.311
MIN202009010,2020-09-01,MIN,CHA,0,2,2.25,6.08,1e-06,1e-06,MIN,MIN,0.4,0.8,0.312,0.318
NYA202009010,2020-09-01,NYA,TBA,1,0,3.56,4.44,1e-06,1e-06,NYA,NYA,0.5,0.7,0.365,0.311
BOS202009010,2020-09-01,BOS,ATL,0,2,4.73,1.95,1e-06,1e-06,BOS,BOS,1.4,0.2,0.342,0.329
COL202009010,2020-09-01,COL,SFN,0,3,6.69,3.62,1e-06,942.6579354569092,COL,ARI,0.6,0.7,0.322,0.311
MIL202009010,2020-09-01,MIL,DET,0,0,5.16,3.25,1e-06,408.2632535344616,MIL,DET,0.4,0.6,0.309,0.301
PHI202009010,2020-09-01,PHI,WAS,0,0,3.28,4.66,1e-06,1e-06,PHI,PHI,0.3,0.4,0.347,0.349
HOU202009010,2020-09-01,HOU,TEX,0,2,2.18,2.9,1e-06,368.5990384284446,HOU,TEX,2.2,0.1,0.321,0.263
MIA202009010,2020-09-01,MIA,TOR,0,1,1.23,8.06,1756.5620451799746,1988.7442573540511,NYN,TOR,0.1111111111111111,0.1,0.313,0.305
PIT202009010,2020-09-01,PIT,CHN,0,1,1.59,1.54,722.0054120555708,415.25842934625814,MIL,CIN,0.3,0.3,0.299,0.323
LAN202009010,2020-09-01,LAN,ARI,1,0,3.27,5.44,1971.1455630393184,574.8341159449532,TEX,ARI,0.8,0.3,0.346,0.284
LAN202009020,2020-09-02,LAN,ARI,0,0,3.33,3.04,1e-06,1e-06,LAN,LAN,0.9,0.3,0.346,0.284
MIN202009020,2020-09-02,MIN,CHA,0,0,4.0,6.49,1e-06,1e-06,MIN,MIN,0.4,1.0,0.312,0.318
COL202009020,2020-09-02,COL,SFN,0,4,3.63,9.82,1e-06,1e-06,COL,COL,0.6,1.0,0.322,0.311
NYA202009020,2020-09-02,NYA,TBA,0,4,5.11,1.8,1e-06,1e-06,NYA,NYA,0.6,0.5,0.365,0.311
HOU202009020,2020-09-02,HOU,TEX,2,0,3.48,7.75,1e-06,1e-06,HOU,HOU,1.3,0.2,0.321,0.263
PHI202009020,2020-09-02,PHI,WAS,0,0,2.92,3.74,1e-06,1e-06,PHI,PHI,0.3,0.3,0.347,0.349
KCA202009020,2020-09-02,KCA,CLE,0,0,6.39,3.24,1e-06,1e-06,KCA,KCA,1.0,0.8,0.327,0.315
CIN202009020,2020-09-02,CIN,SLN,0,0,2.74,3.6,1e-06,1e-06,CIN,CIN,0.2,1.5,0.325,0.311
MIA202009020,2020-09-02,MIA,TOR,0,0,3.46,2.69,1e-06,1e-06,MIA,MIA,0.1,0.1,0.313,0.305
ANA202009020,2020-09-02,ANA,SDN,0,0,5.81,4.5,1e-06,1321.5005793187804,ANA,COL,0.5,1.0,0.356,0.32
BAL202009020,2020-09-02,BAL,NYN,0,2,4.53,3.44,1e-06,1e-06,BAL,BAL,0.8,0.1,0.318,0.361
BOS202009020,2020-09-02,BOS,ATL,3,0,7.56,2.79,1e-06,1e-06,BOS,BOS,1.1,0.4,0.342,0.329
MIL202009020,2020-09-02,MIL,DET,0,3,1.54,7.15,1e-06,1e-06,MIL,MIL,0.3,0.6,0.309,0.301
PIT202009020,2020-09-02,PIT,CHN,0,0,3.86,2.88,1e-06,1e-06,PIT,PIT,0.3,0.4,0.299,0.323
NYN202009030,2020-09-03,NYN,NYA,0,0,1.75,20.25,272.81937803481173,1e-06,BAL,NYA,0.5,0.7,0.333,0.324
PHI202009030,2020-09-03,PHI,WAS,2,0,2.81,5.87,1e-06,1e-06,PHI,PHI,0.3,0.3,0.347,0.349
KCA202009030,2020-09-03,KCA,CHA,1,0,4.95,4.01,1e-06,662.9211681328137,KCA,MIN,1.0,0.8,0.327,0.318
PIT202009030,2020-09-03,PIT,CHN,0,0,4.94,4.48,1e-06,1e-06,PIT,PIT,0.3,0.4,0.299,0.323
BOS202009030,2020-09-03,BOS,TOR,0,0,3.26,1.5,1e-06,2024.1956124919243,BOS,MIA,1.4,0.1,0.342,0.305
HOU202009030,2020-09-03,HOU,TEX,4,0,4.03,3.32,1e-06,1e-06,HOU,HOU,1.5,0.2,0.321,0.263
LAN202009030,2020-09-03,LAN,ARI,2,0,2.16,6.58,1e-06,1e-06,LAN,LAN,0.8,0.3,0.346,0.284
ANA202009030,2020-09-03,ANA,SDN,0,0,4.46,3.02,1e-06,1e-06,ANA,ANA,0.4,0.8,0.356,0.32
MIN202009042,2020-09-04,MIN,DET,0,0,4.05,7.15,1e-06,476.3851219130703,MIN,MIL,0.1,0.4,0.312,0.301
LAN202009040,2020-09-04,LAN,COL,1,1,2.89,7.5,1e-06,1336.5596902131042,LAN,COL,1.0,0.5,0.346,0.3
CHN202009040,2020-09-04,CHN,SLN,2,0,2.01,4.91,660.0502267315369,406.2527329885922,PIT,CIN,0.7,1.5,0.31,0.311
OAK202009040,2020-09-04,OAK,SDN,0,0,4.12,2.73,2629.671879056886,592.0809005913671,HOU,ANA,1.1,0.8,0.321,0.32
TBA202009040,2020-09-04,TBA,MIA,0,0,2.78,3.61,1638.0556824552712,319.9354673545946,NYA,MIA,0.2,0.3,0.331,0.316
ATL202009041,2020-09-04,ATL,WAS,1,0,1.1,6.34,1e-06,1e-06,ATL,ATL,0.4,0.3,0.362,0.349
ATL202009042,2020-09-04,ATL,WAS,1,1,,3.8,1506.627841528967,1071.2330338826837,BOS,PHI,0.5,0.0,0.362,0.349
MIN202009041,2020-09-04,MIN,DET,2,0,4.05,6.71,1e-06,1e-06,MIN,MIN,0.1,0.4,0.312,0.301
CLE202009040,2020-09-04,CLE,MIL,0,0,4.57,2.11,1123.5230318083022,542.6220003248809,KCA,MIL,0.4,0.0,0.32,0.312
ANA202009040,2020-09-04,ANA,HOU,3,0,4.5,4.95,1e-06,2169.9670210701,ANA,HOU,0.4,0.5,0.356,0.318
NYN202009040,2020-09-04,NYN,PHI,0,0,4.84,5.08,1e-06,129.48897528262268,NYN,PHI,0.5,1.3,0.333,0.336
BAL202009041,2020-09-04,BAL,NYA,1,0,2.81,4.98,1e-06,1e-06,BAL,BAL,0.6,0.2,0.318,0.324
BOS202009042,2020-09-04,BOS,TOR,0,0,9.82,5.84,1e-06,1e-06,BOS,BOS,1.4,0.1,0.342,0.305
KCA202009040,2020-09-04,KCA,CHA,0,1,4.06,1.52,1e-06,1e-06,KCA,KCA,1.0,0.8,0.327,0.318
PIT202009042,2020-09-04,PIT,CIN,0,2,3.86,1.73,1e-06,1e-06,PIT,PIT,0.3,0.4,0.299,0.294
BAL202009042,2020-09-04,BAL,NYA,0,0,6.69,4.98,1e-06,272.81937803481173,BAL,NYN,0.6,0.1,0.318,0.324
SEA202009040,2020-09-04,SEA,TEX,0,0,5.17,1.59,1575.276973597757,3039.1839825945185,ANA,HOU,1.1,0.2,0.295,0.263
BOS202009041,2020-09-04,BOS,TOR,0,0,8.16,3.09,1e-06,1e-06,BOS,BOS,1.1,0.1,0.342,0.305
PIT202009041,2020-09-04,PIT,CIN,0,0,3.38,3.21,1e-06,415.25842934625814,PIT,CIN,0.3,0.6,0.299,0.294
SFN202009040,2020-09-04,SFN,ARI,1,1,4.37,3.24,1524.5101947303656,559.4406195325591,COL,LAN,0.6,0.1,0.354,0.284
TBA202009050,2020-09-05,TBA,MIA,0,0,3.24,3.0,1e-06,1e-06,TBA,TBA,0.2,0.0,0.331,0.316
PIT202009050,2020-09-05,PIT,CIN,0,0,6.18,2.45,1e-06,1e-06,PIT,PIT,0.2,0.6,0.299,0.294
KCA202009050,2020-09-05,KCA,CHA,0,2,4.32,3.48,1e-06,1e-06,KCA,KCA,0.8,0.9,0.327,0.318
NYN202009050,2020-09-05,NYN,PHI,0,1,5.15,5.92,1e-06,1e-06,NYN,NYN,0.5,1.3,0.333,0.336
CHN202009052,2020-09-05,CHN,SLN,0,0,5.79,5.25,1e-06,1e-06,CHN,CHN,0.7,1.1,0.31,0.311
ANA202009052,2020-09-05,ANA,HOU,0,1,3.0,6.75,1e-06,1e-06,ANA,ANA,0.5,0.5,0.356,0.318
LAN202009050,2020-09-05,LAN,COL,0,0,3.86,2.93,1e-06,1e-06,LAN,LAN,1.1,0.6,0.346,0.3
CHN202009051,2020-09-05,CHN,SLN,1,0,2.95,3.15,1e-06,1e-06,CHN,CHN,0.4,1.1,0.31,0.311
BOS202009050,2020-09-05,BOS,TOR,0,0,7.71,3.51,1e-06,1e-06,BOS,BOS,1.0,0.1,0.342,0.305
BAL202009050,2020-09-05,BAL,NYA,0,0,3.24,2.84,1e-06,1e-06,BAL,BAL,0.6,0.1,0.318,0.324
ANA202009051,2020-09-05,ANA,HOU,1,0,4.05,3.05,1e-06,1e-06,ANA,ANA,0.5,0.6,0.356,0.318
MIN202009050,2020-09-05,MIN,DET,0,1,2.63,3.03,1e-06,1e-06,MIN,MIN,0.2,0.4,0.312,0.301
ATL202009050,2020-09-05,ATL,WAS,1,2,2.79,4.91,1e-06,1e-06,ATL,ATL,0.6,0.1,0.362,0.349
OAK202009050,2020-09-05,OAK,SDN,2,0,4.5,4.73,1e-06,1e-06,OAK,OAK,0.9,0.7,0.321,0.32
SFN202009050,2020-09-05,SFN,ARI,0,1,4.03,6.48,1e-06,1e-06,SFN,SFN,0.7,0.2,0.354,0.284
CLE202009050,2020-09-05,CLE,MIL,0,0,2.05,3.79,1e-06,1e-06,CLE,CLE,0.4,0.0,0.32,0.312
SEA202009050,2020-09-05,SEA,TEX,0,0,4.02,2.9,1e-06,1e-06,SEA,SEA,1.1,0.2,0.295,0.263
SFN202009060,2020-09-06,SFN,ARI,0,2,4.03,5.44,1e-06,1e-06,SFN,SFN,0.7,0.2,0.354,0.284
KCA202009060,2020-09-06,KCA,CHA,0,0,11.57,1.99,1e-06,1e-06,KCA,KCA,0.8,0.7,0.327,0.318
NYN202009060,2020-09-06,NYN,PHI,1,0,2.38,3.28,1e-06,1e-06,NYN,NYN,0.5,1.4,0.333,0.336
MIN202009060,2020-09-06,MIN,DET,0,0,4.05,7.27,1e-06,1e-06,MIN,MIN,0.2,0.5,0.312,0.301
ATL202009060,2020-09-06,ATL,WAS,0,0,4.76,4.66,1e-06,1e-06,ATL,ATL,0.5,0.3,0.362,0.349
BAL202009060,2020-09-06,BAL,NYA,2,0,4.82,3.56,1e-06,1e-06,BAL,BAL,0.4,0.1,0.318,0.324
TBA202009060,2020-09-06,TBA,MIA,1,2,1.8,2.22,1e-06,1e-06,TBA,TBA,0.1,0.0,0.331,0.316
OAK202009060,2020-09-06,OAK,SDN,1,0,4.58,4.03,1e-06,1e-06,OAK,OAK,1.1,0.7,0.321,0.32
BOS202009060,2020-09-06,BOS,TOR,3,0,18.69,2.73,1e-06,1e-06,BOS,BOS,1.0,0.1,0.342,0.305
PIT202009060,2020-09-06,PIT,CIN,0,0,2.7,2.74,1e-06,1e-06,PIT,PIT,0.2,0.4,0.299,0.294
CLE202009060,2020-09-06,CLE,MIL,1,0,1.63,4.21,1e-06,1e-06,CLE,CLE,0.3,0.0,0.32,0.312
SEA202009060,2020-09-06,SEA,TEX,2,0,4.34,7.02,1e-06,1e-06,SEA,SEA,1.1,0.2,0.295,0.263
CHN202009060,2020-09-06,CHN,SLN,1,1,5.16,2.77,1e-06,1e-06,CHN,CHN,0.4,1.1,0.31,0.311
ANA202009060,2020-09-06,ANA,HOU,0,2,2.1,3.57,1e-06,1e-06,ANA,ANA,0.6,0.6,0.356,0.318
LAN202009060,2020-09-06,LAN,COL,1,0,2.89,2.93,1e-06,1e-06,LAN,LAN,0.8,0.6,0.346,0.3
CLE202009070,2020-09-07,CLE,KCA,0,0,2.28,2.47,1e-06,1123.5230318083022,CLE,KCA,0.4,0.1,0.32,0.291
OAK202009070,2020-09-07,OAK,HOU,0,0,2.29,3.48,1e-06,592.0809005913671,OAK,ANA,1.2,0.8,0.321,0.318
SEA202009070,2020-09-07,SEA,TEX,2,0,3.1,7.75,1e-06,1e-06,SEA,SEA,1.3,0.2,0.295,0.263
ATL202009070,2020-09-07,ATL,MIA,2,0,0.83,2.22,1e-06,688.5440708416155,ATL,TBA,0.5,0.2,0.362,0.316
TOR202009070,2020-09-07,TOR,NYA,1,2,1.35,5.89,691.6136251477402,537.0332419152472,BOS,BAL,1.1,0.1,0.345,0.324
SDN202009070,2020-09-07,SDN,COL,0,0,1.45,7.5,731.4285571970996,179.52869961196944,OAK,LAN,0.9,0.6,0.344,0.3
CHN202009070,2020-09-07,CHN,SLN,1,0,2.88,5.47,1e-06,1e-06,CHN,CHN,0.5,1.2,0.31,0.311
WAS202009070,2020-09-07,WAS,TBA,0,0,3.74,4.74,874.0887985860761,1340.493838211085,ATL,TBA,0.4,0.9,0.322,0.311
SFN202009070,2020-09-07,SFN,ARI,0,0,3.62,2.75,1e-06,1e-06,SFN,SFN,0.7,0.4,0.354,0.284
NYN202009070,2020-09-07,NYN,PHI,0,3,4.01,5.95,1e-06,1e-06,NYN,NYN,0.6,1.2,0.333,0.336
MIN202009070,2020-09-07,MIN,DET,0,0,3.38,8.78,1e-06,1e-06,MIN,MIN,0.2,0.5,0.312,0.301
WAS202009080,2020-09-08,WAS,TBA,1,0,6.62,3.56,1e-06,1e-06,WAS,WAS,0.4,0.9,0.322,0.311
SFN202009080,2020-09-08,SFN,SEA,1,1,4.5,4.05,1e-06,1092.0187760809354,SFN,SEA,0.5,1.0,0.354,0.317
TOR202009080,2020-09-08,TOR,NYA,0,0,8.06,3.47,1e-06,1e-06,TOR,TOR,1.2,0.3,0.345,0.324
ARI202009080,2020-09-08,ARI,LAN,0,0,5.95,3.33,1050.993394248722,574.8341159449532,SFN,LAN,0.6,0.5,0.341,0.338
PHI202009081,2020-09-08,PHI,BOS,0,0,4.57,4.3,1e-06,1e-06,PHI,PHI,0.5,0.1,0.347,0.318
ATL202009080,2020-09-08,ATL,MIA,0,0,5.21,3.46,1e-06,1e-06,ATL,ATL,0.6,0.2,0.362,0.316
SLN202009081,2020-09-08,SLN,MIN,0,0,9.9,4.0,1e-06,1e-06,SLN,SLN,0.1,0.6,0.341,0.314
SLN202009082,2020-09-08,SLN,MIN,0,0,2.42,4.05,422.4920912040455,750.9189277472408,CHN,MIN,0.1,0.6,0.341,0.314
NYN202009080,2020-09-08,NYN,BAL,0,0,6.62,4.53,1e-06,272.81937803481173,NYN,BAL,0.2,0.4,0.333,0.326
TEX202009080,2020-09-08,TEX,ANA,0,0,3.32,4.46,2688.6235870338205,1938.7751997181072,SEA,ANA,0.4,0.6,0.307,0.308
OAK202009082,2020-09-08,OAK,HOU,0,0,1.8,3.05,1e-06,1e-06,OAK,OAK,1.1,0.8,0.321,0.318
OAK202009081,2020-09-08,OAK,HOU,0,0,5.6,4.03,1e-06,1e-06,OAK,OAK,1.1,0.8,0.321,0.318
PIT202009080,2020-09-08,PIT,CHA,0,0,2.7,3.2,1e-06,1255.3811411500053,PIT,KCA,0.2,0.5,0.299,0.318
SDN202009080,2020-09-08,SDN,COL,5,3,3.02,6.86,1e-06,1e-06,SDN,SDN,0.8,0.6,0.344,0.3
CHN202009080,2020-09-08,CHN,CIN,0,0,4.48,3.59,1e-06,660.0502267315369,CHN,PIT,0.6,0.4,0.31,0.294
CLE202009080,2020-09-08,CLE,KCA,2,0,3.97,1.91,1e-06,1e-06,CLE,CLE,0.4,0.1,0.32,0.291
PHI202009082,2020-09-08,PHI,BOS,2,0,6.53,4.8,129.48897528262268,435.5953169043613,NYN,BOS,0.5,0.1,0.347,0.318
DET202009080,2020-09-08,DET,MIL,0,0,3.97,5.3,872.516450655481,145.52553501827433,MIN,CLE,0.4,0.0,0.306,0.312
OAK202009090,2020-09-09,OAK,HOU,0,1,1.78,3.43,1e-06,1e-06,OAK,OAK,0.9,0.8,0.321,0.318
PIT202009090,2020-09-09,PIT,CHA,0,0,4.94,3.97,1e-06,1e-06,PIT,PIT,0.2,0.5,0.299,0.318
SDN202009090,2020-09-09,SDN,COL,2,1,2.73,3.44,1e-06,1e-06,SDN,SDN,1.0,0.9,0.344,0.3
ARI202009090,2020-09-09,ARI,LAN,0,1,6.75,2.66,1e-06,1e-06,ARI,ARI,0.6,0.5,0.341,0.338
ATL202009090,2020-09-09,ATL,MIA,0,0,2.3,3.61,1e-06,1e-06,ATL,ATL,0.6,0.2,0.362,0.316
SFN202009090,2020-09-09,SFN,SEA,0,0,4.37,4.57,1e-06,1e-06,SFN,SFN,0.6,1.1,0.354,0.317
NYN202009090,2020-09-09,NYN,BAL,0,2,3.71,4.15,1e-06,1e-06,NYN,NYN,0.2,0.4,0.333,0.326
CHN202009090,2020-09-09,CHN,CIN,0,3,2.01,1.73,1e-06,1e-06,CHN,CHN,0.6,0.4,0.31,0.294
CLE202009090,2020-09-09,CLE,KCA,0,0,2.91,4.95,1e-06,1e-06,CLE,CLE,0.6,0.1,0.32,0.291
TEX202009090,2020-09-09,TEX,ANA,0,1,6.1,10.05,1e-06,1e-06,TEX,TEX,0.2,0.6,0.307,0.308
DET202009090,2020-09-09,DET,MIL,0,0,6.71,2.11,1e-06,1e-06,DET,DET,0.3,0.0,0.306,0.312
TOR202009090,2020-09-09,TOR,NYA,0,0,5.84,4.98,1e-06,1e-06,TOR,TOR,1.0,0.3,0.345,0.324
TEX202009100,2020-09-10,TEX,ANA,1,3,5.35,3.29,1e-06,1e-06,TEX,TEX,0.2,0.7,0.307,0.308
MIA202009100,2020-09-10,MIA,PHI,1,1,0.6,5.95,973.359131898138,1644.1190984600378,ATL,PHI,0.1,0.8,0.313,0.336
SLN202009102,2020-09-10,SLN,DET,0,0,3.6,3.03,1e-06,1e-06,SLN,SLN,0.1,0.5,0.341,0.301
SLN202009101,2020-09-10,SLN,DET,0,0,4.91,5.63,1e-06,731.229570844315,SLN,DET,0.0,0.5,0.341,0.301
TBA202009100,2020-09-10,TBA,BOS,0,0,2.7,4.4,1340.493838211085,1515.8203845337373,WAS,PHI,0.2,0.1,0.331,0.318
SDN202009100,2020-09-10,SDN,SFN,3,0,4.66,3.24,1e-06,738.1265117326025,SDN,SFN,1.2,1.4,0.344,0.311
CHN202009100,2020-09-10,CHN,CIN,0,2,5.17,3.7,1e-06,1e-06,CHN,CHN,0.5,0.5,0.31,0.294
CLE202009100,2020-09-10,CLE,KCA,0,0,4.74,4.06,1e-06,1e-06,CLE,CLE,0.6,0.0,0.32,0.291
ARI202009100,2020-09-10,ARI,LAN,0,0,1.47,2.31,1e-06,1e-06,ARI,ARI,0.6,0.6,0.341,0.338
OAK202009100,2020-09-10,OAK,HOU,0,0,4.5,2.73,1e-06,1e-06,OAK,OAK,0.8,0.8,0.321,0.318
WAS202009100,2020-09-10,WAS,ATL,3,0,2.66,1.0,1e-06,874.0887985860761,WAS,ATL,0.5,0.4,0.322,0.329
MIA202009112,2020-09-11,MIA,PHI,0,0,1.23,20.25,1e-06,1e-06,MIA,MIA,0.2,0.8,0.313,0.336
CHA202009110,2020-09-11,CHA,DET,0,0,2.38,3.03,660.0502267315369,422.4920912040455,PIT,SLN,0.7,0.5,0.333,0.301
TBA202009110,2020-09-11,TBA,BOS,0,0,3.24,18.69,1e-06,1e-06,TBA,TBA,0.2,0.1,0.331,0.318
MIL202009110,2020-09-11,MIL,CHN,0,0,3.79,3.12,408.2632535344616,132.54357794550742,DET,CHN,0.3,0.4,0.309,0.323
MIN202009110,2020-09-11,MIN,CLE,0,0,2.7,1.63,750.9189277472408,1013.2251113855248,SLN,CLE,0.2,0.8,0.312,0.315
TOR202009110,2020-09-11,TOR,NYN,1,0,7.22,2.38,1e-06,550.2922217550002,TOR,NYN,0.8,0.3,0.345,0.361
ARI202009110,2020-09-11,ARI,SEA,3,0,5.44,5.17,1e-06,1050.993394248722,ARI,SFN,0.6,0.9,0.341,0.317
MIA202009111,2020-09-11,MIA,PHI,0,0,6.11,3.28,1e-06,1e-06,MIA,MIA,0.2,0.7,0.313,0.336
TEX202009110,2020-09-11,TEX,OAK,1,4,2.92,4.58,1e-06,2350.5503898425545,TEX,OAK,0.3,0.2,0.307,0.319
SLN202009110,2020-09-11,SLN,CIN,0,2,3.15,3.21,1e-06,422.4920912040455,SLN,CHN,0.0,0.7,0.341,0.294
NYA202009111,2020-09-11,NYA,BAL,3,0,2.84,4.3,1e-06,1e-06,NYA,NYA,0.6,0.6,0.365,0.326
NYA202009112,2020-09-11,NYA,BAL,4,1,3.56,4.56,550.2922217550002,1e-06,TOR,NYN,0.9,0.6,0.365,0.326
WAS202009110,2020-09-11,WAS,ATL,3,0,6.75,2.3,1e-06,1e-06,WAS,WAS,0.8,0.4,0.322,0.329
KCA202009110,2020-09-11,KCA,PIT,1,0,4.32,3.38,1123.5230318083022,1255.3811411500053,CLE,PIT,0.5,0.3,0.327,0.266
COL202009110,2020-09-11,COL,ANA,0,2,3.65,5.81,1340.79250926624,1052.76358222127,SDN,TEX,0.5,1.0,0.322,0.308
WAS202009120,2020-09-12,WAS,ATL,0,1,4.66,1.95,1e-06,1e-06,WAS,WAS,1.1,0.3,0.322,0.329
COL202009120,2020-09-12,COL,ANA,0,0,5.32,5.81,1e-06,1e-06,COL,COL,0.5,1.1,0.322,0.308
ARI202009120,2020-09-12,ARI,SEA,0,4,2.75,3.58,1e-06,1e-06,ARI,ARI,0.4,0.9,0.341,0.317
LAN202009120,2020-09-12,LAN,HOU,0,1,3.33,7.27,574.8341159449532,552.4676717810693,ARI,OAK,0.8,0.7,0.346,0.318
TBA202009120,2020-09-12,TBA,BOS,1,0,4.08,9.45,1e-06,1e-06,TBA,TBA,0.1,0.1,0.331,0.318
TEX202009121,2020-09-12,TEX,OAK,5,0,4.84,22.5,1e-06,1e-06,TEX,TEX,0.4,0.6,0.307,0.319
MIA202009120,2020-09-12,MIA,PHI,0,4,5.4,9.0,1e-06,1e-06,MIA,MIA,0.1,0.5,0.313,0.336
TEX202009122,2020-09-12,TEX,OAK,0,0,7.75,2.29,1e-06,1e-06,TEX,TEX,0.7,0.6,0.307,0.319
MIL202009120,2020-09-12,MIL,CHN,0,0,3.79,3.29,1e-06,1e-06,MIL,MIL,0.2,0.4,0.309,0.323
CHA202009120,2020-09-12,CHA,DET,3,0,6.49,8.78,1e-06,1e-06,CHA,CHA,0.6,0.4,0.333,0.301
KCA202009120,2020-09-12,KCA,PIT,1,0,1.57,6.18,1e-06,1e-06,KCA,KCA,0.2,0.1,0.327,0.266
MIN202009120,2020-09-12,MIN,CLE,0,0,3.03,2.28,1e-06,1e-06,MIN,MIN,0.2,0.8,0.312,0.315
SLN202009120,2020-09-12,SLN,CIN,0,0,2.77,2.8,1e-06,1e-06,SLN,SLN,0.0,0.9,0.341,0.294
TOR202009120,2020-09-12,TOR,NYN,0,0,6.62,5.15,1e-06,1e-06,TOR,TOR,0.9,0.3,0.345,0.361
NYA202009120,2020-09-12,NYA,BAL,1,0,4.98,4.15,1e-06,1e-06,NYA,NYA,1.2,0.7,0.365,0.326
MIA202009132,2020-09-13,MIA,PHI,3,0,5.87,3.97,1e-06,1e-06,MIA,MIA,0.1,0.9,0.313,0.336
TEX202009130,2020-09-13,TEX,OAK,0,1,3.32,5.6,1e-06,1e-06,TEX,TEX,0.7,0.6,0.307,0.319
CHA202009130,2020-09-13,CHA,DET,0,1,6.08,3.97,1e-06,1e-06,CHA,CHA,0.7,0.4,0.333,0.301
MIA202009131,2020-09-13,MIA,PHI,0,0,3.46,6.52,1e-06,1e-06,MIA,MIA,0.4,0.9,0.313,0.336
MIN202009130,2020-09-13,MIN,CLE,0,1,2.25,3.24,1e-06,1e-06,MIN,MIN,0.2,0.8,0.312,0.315
NYA202009130,2020-09-13,NYA,BAL,0,0,1.89,3.24,1e-06,1e-06,NYA,NYA,1.3,0.6,0.365,0.326
TOR202009130,2020-09-13,TOR,NYN,0,1,2.69,3.44,1e-06,1e-06,TOR,TOR,0.5,0.3,0.345,0.361
KCA202009130,2020-09-13,KCA,PIT,4,0,2.47,4.27,1e-06,1e-06,KCA,KCA,0.3,0.1,0.327,0.266
SDN202009131,2020-09-13,SDN,SFN,0,0,3.02,5.4,1e-06,1e-06,SDN,SDN,1.4,1.4,0.344,0.311
MIL202009130,2020-09-13,MIL,CHN,0,0,5.3,4.48,1e-06,1e-06,MIL,MIL,0.2,0.4,0.309,0.323
COL202009130,2020-09-13,COL,ANA,0,0,7.5,4.46,1e-06,1e-06,COL,COL,0.5,1.1,0.322,0.308
LAN202009130,2020-09-13,LAN,HOU,1,0,1.33,4.03,1e-06,1e-06,LAN,LAN,0.8,0.5,0.346,0.318
ARI202009130,2020-09-13,ARI,SEA,1,1,6.58,5.12,1e-06,1e-06,ARI,ARI,0.4,1.1,0.341,0.317
SLN202009130,2020-09-13,SLN,CIN,1,0,2.4,2.95,1e-06,1e-06,SLN,SLN,0.0,0.9,0.341,0.294
SDN202009132,2020-09-13,SDN,SFN,0,0,4.5,3.72,1e-06,1e-06,SDN,SDN,1.3,1.4,0.344,0.311
TBA202009130,2020-09-13,TBA,BOS,1,2,2.7,4.5,1e-06,1e-06,TBA,TBA,0.2,0.1,0.331,0.318
WAS202009130,2020-09-13,WAS,ATL,0,1,3.74,5.21,1e-06,1e-06,WAS,WAS,0.9,0.4,0.322,0.329
MIA202009140,2020-09-14,MIA,PHI,0,1,3.61,5.56,1e-06,1e-06,MIA,MIA,0.4,0.9,0.313,0.336
SEA202009141,2020-09-14,SEA,OAK,0,0,3.1,2.82,1e-06,1e-06,SEA,SEA,1.5,0.7,0.295,0.319
SDN202009140,2020-09-14,SDN,LAN,0,0,2.09,2.16,1e-06,179.52869961196944,SDN,LAN,1.1,0.6,0.344,0.338
MIL202009142,2020-09-14,MIL,SLN,0,0,2.35,2.42,1e-06,526.8349145670746,MIL,SLN,0.2,1.2,0.309,0.311
MIL202009141,2020-09-14,MIL,SLN,0,0,3.99,5.25,1e-06,1e-06,MIL,MIL,0.2,1.2,0.309,0.311
CHA202009140,2020-09-14,CHA,MIN,0,0,0.81,4.05,1e-06,571.0232496384983,CHA,MIN,0.6,0.6,0.333,0.314
SEA202009142,2020-09-14,SEA,OAK,0,1,3.86,5.56,1793.290239503433,2688.6235870338205,ARI,TEX,1.3,0.7,0.295,0.319
BAL202009140,2020-09-14,BAL,ATL,1,0,6.69,8.88,272.81937803481173,55.02896457567408,NYA,WAS,0.6,0.5,0.318,0.329
CIN202009142,2020-09-14,CIN,PIT,0,1,0.0,4.98,494.9532553693752,868.1617780403714,SLN,KCA,0.2,0.1,0.325,0.266
CIN202009141,2020-09-14,CIN,PIT,0,0,2.74,3.86,1e-06,1e-06,CIN,CIN,0.2,0.2,0.325,0.266
NYA202009150,2020-09-15,NYA,TOR,0,0,4.98,2.7,1e-06,550.2922217550002,NYA,TOR,1.1,0.1,0.365,0.305
SDN202009150,2020-09-15,SDN,LAN,0,1,2.73,2.31,1e-06,1e-06,SDN,SDN,1.1,0.6,0.344,0.338
HOU202009150,2020-09-15,HOU,TEX,1,0,2.73,9.0,2205.5170699182067,368.5990384284446,LAN,TEX,1.9,0.2,0.321,0.263
CHN202009150,2020-09-15,CHN,CLE,0,0,1.54,2.0,132.54357794550742,571.0232496384983,MIL,MIN,0.5,0.9,0.31,0.315
DET202009150,2020-09-15,DET,KCA,3,0,6.71,6.39,380.91207013286544,1034.95696626315,CHA,KCA,0.3,0.0,0.306,0.291
COL202009150,2020-09-15,COL,OAK,0,0,3.44,4.5,1e-06,1640.846947858291,COL,SEA,0.5,0.7,0.322,0.319
CHA202009150,2020-09-15,CHA,MIN,1,0,3.97,4.05,1e-06,1e-06,CHA,CHA,0.6,0.3,0.333,0.314
CIN202009150,2020-09-15,CIN,PIT,3,0,4.28,3.86,1e-06,1e-06,CIN,CIN,0.2,0.2,0.325,0.266
TBA202009150,2020-09-15,TBA,WAS,0,0,3.56,6.62,1e-06,1340.493838211085,TBA,WAS,0.3,0.3,0.331,0.349
MIL202009150,2020-09-15,MIL,SLN,2,1,4.21,4.91,1e-06,1e-06,MIL,MIL,0.1,0.8,0.309,0.311
ANA202009150,2020-09-15,ANA,ARI,0,2,4.5,1.8,1321.5005793187804,540.0297061463508,COL,ARI,0.5,0.4,0.356,0.284
PHI202009150,2020-09-15,PHI,NYN,0,0,5.08,5.64,1644.1190984600378,539.7375980826044,MIA,TOR,0.7,0.4,0.347,0.361
BAL202009150,2020-09-15,BAL,ATL,0,0,3.89,1.1,1e-06,1e-06,BAL,BAL,0.7,0.5,0.318,0.329
MIA202009150,2020-09-15,MIA,BOS,0,0,3.0,0.53,1e-06,319.9354673545946,MIA,TBA,0.4,0.3,0.313,0.318
TBA202009160,2020-09-16,TBA,WAS,1,0,0.55,6.1,1e-06,1e-06,TBA,TBA,0.3,0.3,0.331,0.349
ANA202009160,2020-09-16,ANA,ARI,0,0,3.29,4.36,1e-06,1e-06,ANA,ANA,0.5,0.6,0.356,0.284
CIN202009160,2020-09-16,CIN,PIT,0,0,3.21,4.94,1e-06,1e-06,CIN,CIN,0.5,0.2,0.325,0.266
BAL202009160,2020-09-16,BAL,ATL,0,0,4.56,8.1,1e-06,1e-06,BAL,BAL,0.7,0.5,0.318,0.329
CHN202009160,2020-09-16,CHN,CLE,0,1,3.29,4.57,1e-06,1e-06,CHN,CHN,0.5,0.9,0.31,0.315
CHA202009160,2020-09-16,CHA,MIN,0,0,3.48,3.0,1e-06,1e-06,CHA,CHA,0.4,0.1,0.333,0.314
PHI202009160,2020-09-16,PHI,NYN,0,0,4.57,4.01,1e-06,1e-06,PHI,PHI,0.6,0.3,0.347,0.361
NYA202009160,2020-09-16,NYA,TOR,1,0,2.84,6.8,1e-06,1e-06,NYA,NYA,1.0,0.1,0.365,0.305
SDN202009160,2020-09-16,SDN,LAN,0,0,4.66,0.95,1e-06,1e-06,SDN,SDN,1.1,0.4,0.344,0.338
DET202009160,2020-09-16,DET,KCA,0,2,5.63,4.06,1e-06,1e-06,DET,DET,0.6,0.0,0.306,0.291
MIA202009160,2020-09-16,MIA,BOS,2,0,0.6,7.71,1e-06,1e-06,MIA,MIA,0.4,0.3,0.313,0.318
SFN202009160,2020-09-16,SFN,SEA,1,0,3.24,5.17,738.1265117326025,1092.0187760809354,SDN,SEA,0.5,1.2,0.354,0.317
MIL202009162,2020-09-16,MIL,SLN,4,0,3.99,5.47,1e-06,1e-06,MIL,MIL,0.2,0.8,0.309,0.311
COL202009160,2020-09-16,COL,OAK,0,0,3.75,4.58,1e-06,1e-06,COL,COL,0.5,0.7,0.322,0.319
HOU202009160,2020-09-16,HOU,TEX,0,0,3.43,5.35,1e-06,1e-06,HOU,HOU,1.8,0.2,0.321,0.263
MIL202009161,2020-09-16,MIL,SLN,2,0,3.05,3.15,1e-06,1e-06,MIL,MIL,0.6,0.2,0.309,0.311
CHA202009170,2020-09-17,CHA,MIN,0,0,1.52,2.77,1e-06,1e-06,CHA,CHA,0.4,0.1,0.333,0.314
MIA202009170,2020-09-17,MIA,BOS,0,0,5.4,3.72,1e-06,1e-06,MIA,MIA,0.6,0.2,0.313,0.318
SFN202009170,2020-09-17,SFN,SEA,0,0,5.4,5.79,1e-06,1e-06,SFN,SFN,0.6,0.6,0.354,0.317
PIT202009170,2020-09-17,PIT,SLN,0,0,3.38,1.86,415.25842934625814,722.0054120555708,CIN,MIL,0.1,0.2,0.299,0.311
ANA202009170,2020-09-17,ANA,ARI,3,0,3.99,5.44,1e-06,1e-06,ANA,ANA,0.4,0.6,0.356,0.284
BAL202009171,2020-09-17,BAL,TBA,0,0,1.26,1.66,1e-06,1e-06,BAL,BAL,0.7,0.9,0.318,0.311
HOU202009170,2020-09-17,HOU,TEX,0,0,3.57,7.02,1e-06,1e-06,HOU,HOU,1.8,0.2,0.321,0.263
COL202009170,2020-09-17,COL,LAN,2,0,4.33,2.59,1e-06,1340.79250926624,COL,SDN,0.0,0.4,0.322,0.338
PHI202009170,2020-09-17,PHI,NYN,4,3,5.95,3.66,1e-06,1e-06,PHI,PHI,0.6,0.3,0.347,0.361
DET202009170,2020-09-17,DET,CLE,0,1,6.99,1.63,1e-06,380.91207013286544,DET,CHN,0.6,0.6,0.306,0.315
BAL202009172,2020-09-17,BAL,TBA,0,3,5.56,2.7,1e-06,1393.7772067986984,BAL,TBA,0.7,0.9,0.318,0.311
NYA202009170,2020-09-17,NYA,TOR,2,0,3.56,7.22,1e-06,1e-06,NYA,NYA,1.0,0.1,0.365,0.305
BAL202009180,2020-09-18,BAL,TBA,0,1,4.3,4.08,1e-06,1e-06,BAL,BAL,0.4,1.2,0.318,0.311
HOU202009180,2020-09-18,HOU,ARI,1,0,,2.75,1e-06,2169.9670210701,HOU,ANA,1.8,0.6,0.321,0.284
PHI202009181,2020-09-18,PHI,TOR,1,0,3.97,6.62,1e-06,1e-06,PHI,PHI,0.9,0.1,0.347,0.305
PHI202009182,2020-09-18,PHI,TOR,1,0,3.97,1.5,1e-06,129.48897528262268,PHI,NYA,1.0,0.0,0.347,0.305
CHN202009180,2020-09-18,CHN,MIN,1,0,2.88,3.03,1e-06,1e-06,CHN,CHA,0.5,0.1,0.31,0.314
PIT202009181,2020-09-18,PIT,SLN,2,1,6.18,3.2,1e-06,1e-06,PIT,PIT,0.0,0.2,0.299,0.311
ANA202009180,2020-09-18,ANA,TEX,0,0,3.62,4.84,1e-06,2169.9670210701,ANA,HOU,0.7,0.2,0.356,0.263
CIN202009180,2020-09-18,CIN,CHA,1,0,3.59,9.95,1e-06,406.2527329885922,CIN,CHA,0.5,0.5,0.325,0.318
PIT202009182,2020-09-18,PIT,SLN,0,0,4.27,2.77,1e-06,1e-06,PIT,PIT,0.2,0.3,0.299,0.311
MIL202009180,2020-09-18,MIL,KCA,0,3,5.87,4.95,1e-06,408.2632535344616,MIL,DET,0.8,0.2,0.309,0.291
COL202009180,2020-09-18,COL,LAN,0,0,5.82,0.0,1e-06,1e-06,COL,COL,0.2,0.3,0.322,0.338
SDN202009180,2020-09-18,SDN,SEA,0,0,4.73,5.17,1e-06,738.1265117326025,SDN,SFN,1.1,0.6,0.344,0.317
NYN202009180,2020-09-18,NYN,ATL,0,1,9.68,2.25,129.48897528262268,272.81937803481173,PHI,BAL,0.2,0.5,0.333,0.329
OAK202009180,2020-09-18,OAK,SFN,1,0,2.29,5.47,1511.503011223779,13.027453191410114,COL,SFN,0.5,1.3,0.321,0.311
MIA202009182,2020-09-18,MIA,WAS,1,2,0.6,11.88,1e-06,319.9354673545946,MIA,TBA,0.6,0.3,0.313,0.349
DET202009180,2020-09-18,DET,CLE,0,0,3.96,2.28,1e-06,1e-06,DET,DET,0.6,0.6,0.306,0.315
BOS202009180,2020-09-18,BOS,NYA,0,0,4.4,3.52,2024.1956124919243,306.2037667286439,MIA,NYA,1.3,0.2,0.342,0.324
MIA202009181,2020-09-18,MIA,WAS,0,0,3.46,4.29,1e-06,1e-06,MIA,MIA,0.6,0.5,0.313,0.349
MIL202009190,2020-09-19,MIL,KCA,0,0,2.11,4.32,1e-06,1e-06,MIL,MIL,0.8,0.5,0.309,0.291
NYN202009190,2020-09-19,NYN,ATL,2,0,3.44,1.95,1e-06,1e-06,NYN,NYN,0.2,0.5,0.333,0.329
CIN202009190,2020-09-19,CIN,CHA,0,0,1.73,2.2,1e-06,1e-06,CIN,CIN,0.5,0.5,0.325,0.318
SDN202009190,2020-09-19,SDN,SEA,0,1,5.75,3.58,1e-06,1e-06,SDN,SDN,1.0,0.6,0.344,0.317
BAL202009190,2020-09-19,BAL,TBA,1,0,6.69,4.74,1e-06,1e-06,BAL,BAL,0.4,1.3,0.318,0.311
COL202009190,2020-09-19,COL,LAN,1,2,6.86,2.16,1e-06,1e-06,COL,COL,0.2,0.3,0.322,0.338
DET202009190,2020-09-19,DET,CLE,1,0,3.03,4.57,1e-06,1e-06,DET,DET,0.4,0.6,0.306,0.315
PHI202009190,2020-09-19,PHI,TOR,0,0,5.56,2.69,1e-06,1e-06,PHI,PHI,1.0,0.0,0.347,0.305
HOU202009190,2020-09-19,HOU,ARI,0,0,3.05,6.58,1e-06,1e-06,HOU,HOU,1.4,0.6,0.321,0.284
ANA202009190,2020-09-19,ANA,TEX,0,3,2.1,1.84,1e-06,1e-06,ANA,ANA,0.7,0.0,0.356,0.263
CHN202009190,2020-09-19,CHN,MIN,0,1,4.48,3.38,1e-06,1e-06,CHN,CHN,0.4,0.0,0.31,0.314
PIT202009190,2020-09-19,PIT,SLN,1,0,3.86,5.57,1e-06,1e-06,PIT,PIT,0.2,0.3,0.299,0.311
OAK202009190,2020-09-19,OAK,SFN,0,0,4.12,3.62,1e-06,1e-06,OAK,OAK,0.6,1.1,0.321,0.311
MIA202009190,2020-09-19,MIA,WAS,1,0,3.61,4.66,1e-06,1e-06,MIA,MIA,0.6,0.5,0.313,0.349
BOS202009190,2020-09-19,BOS,NYA,0,2,4.8,3.47,1e-06,1e-06,BOS,BOS,1.0,0.2,0.342,0.324
DET202009200,2020-09-20,DET,CLE,0,0,6.71,2.91,1e-06,1e-06,DET,DET,0.5,0.6,0.306,0.315
BOS202009200,2020-09-20,BOS,NYA,0,0,0.53,4.98,1e-06,1e-06,BOS,BOS,0.7,0.4,0.342,0.324
NYN202009200,2020-09-20,NYN,ATL,0,0,5.64,5.21,1e-06,1e-06,NYN,NYN,0.3,0.3,0.333,0.329
ANA202009200,2020-09-20,ANA,TEX,0,2,10.05,1.59,1e-06,1e-06,ANA,ANA,0.7,0.3,0.356,0.263
MIA202009201,2020-09-20,MIA,WAS,1,0,3.0,3.74,1e-06,1e-06,MIA,MIA,0.7,0.5,0.313,0.349
MIA202009202,2020-09-20,MIA,WAS,0,3,5.87,1.23,1e-06,1e-06,MIA,MIA,0.8,0.5,0.313,0.349
PIT202009200,2020-09-20,PIT,SLN,0,0,6.86,4.91,1e-06,1e-06,PIT,PIT,0.3,0.2,0.299,0.311
BAL202009200,2020-09-20,BAL,TBA,2,0,4.53,3.56,1e-06,1e-06,BAL,BAL,0.4,1.3,0.318,0.311
COL202009200,2020-09-20,COL,LAN,0,0,3.44,2.31,1e-06,1e-06,COL,COL,0.3,0.5,0.322,0.338
CIN202009200,2020-09-20,CIN,CHA,0,0,2.45,4.01,1e-06,1e-06,CIN,CIN,0.5,0.5,0.325,0.318
CHN202009200,2020-09-20,CHN,MIN,0,1,2.01,4.0,1e-06,1e-06,CHN,CHN,0.4,0.1,0.31,0.314
PHI202009200,2020-09-20,PHI,TOR,1,2,4.5,2.7,1e-06,1e-06,PHI,PHI,1.0,0.0,0.347,0.305
HOU202009200,2020-09-20,HOU,ARI,0,0,2.18,3.04,1e-06,1e-06,HOU,HOU,1.4,0.6,0.321,0.284
SDN202009200,2020-09-20,SDN,SEA,0,0,1.9,5.12,1e-06,1e-06,SDN,SDN,1.0,0.7,0.344,0.317
OAK202009200,2020-09-20,OAK,SFN,0,0,5.56,4.37,1e-06,1e-06,OAK,OAK,0.4,1.0,0.321,0.311
MIL202009200,2020-09-20,MIL,KCA,2,0,5.16,2.47,1e-06,1e-06,MIL,MIL,0.8,0.5,0.309,0.291
NYN202009210,2020-09-21,NYN,TBA,0,0,2.38,2.78,1e-06,272.81937803481173,NYN,BAL,0.3,1.0,0.333,0.311
PIT202009210,2020-09-21,PIT,CHN,0,0,4.94,5.16,1e-06,660.0502267315369,PIT,CHN,0.3,0.4,0.299,0.323
ATL202009210,2020-09-21,ATL,MIA,4,3,2.79,6.11,1200.4511584455877,973.359131898138,NYN,MIA,0.6,0.2,0.362,0.316
SFN202009210,2020-09-21,SFN,COL,0,2,5.4,3.75,13.027453191410114,1524.5101947303656,OAK,COL,0.3,1.0,0.354,0.3
ANA202009210,2020-09-21,ANA,TEX,0,1,3.29,5.35,1e-06,1e-06,ANA,ANA,0.7,0.5,0.356,0.263
KCA202009210,2020-09-21,KCA,SLN,0,0,2.45,3.15,707.8851314063497,1255.3811411500053,MIL,PIT,0.7,0.2,0.327,0.311
CLE202009210,2020-09-21,CLE,CHA,3,0,4.74,3.66,145.52553501827433,358.1075548344512,DET,CIN,0.5,0.3,0.32,0.318
SEA202009210,2020-09-21,SEA,HOU,0,0,3.1,3.93,1711.8059777853623,3039.1839825945185,SDN,HOU,1.2,0.5,0.295,0.318
WAS202009210,2020-09-21,WAS,PHI,2,0,6.62,2.92,1489.628641346009,197.2342958595587,MIA,PHI,0.9,1.0,0.322,0.336
CIN202009210,2020-09-21,CIN,MIL,0,0,3.21,3.05,1e-06,525.1892238126902,CIN,MIL,0.5,0.0,0.325,0.312
TOR202009210,2020-09-21,TOR,NYA,0,0,1.59,7.76,539.7375980826044,691.6136251477402,PHI,BOS,0.4,0.4,0.345,0.324
SDN202009220,2020-09-22,SDN,ANA,1,0,2.73,3.99,1e-06,141.8121399568677,SDN,ANA,0.5,1.0,0.344,0.308
KCA202009220,2020-09-22,KCA,SLN,0,0,4.06,1.86,1e-06,1e-06,KCA,KCA,0.7,0.2,0.327,0.311
LAN202009220,2020-09-22,LAN,OAK,1,1,2.57,5.6,1336.5596902131042,552.4676717810693,COL,OAK,0.8,0.7,0.346,0.319
NYN202009220,2020-09-22,NYN,TBA,0,0,5.15,3.24,1e-06,1e-06,NYN,NYN,0.3,0.8,0.333,0.311
SEA202009220,2020-09-22,SEA,HOU,1,1,5.12,3.57,1e-06,1e-06,SEA,SEA,1.2,0.4,0.295,0.318
SFN202009220,2020-09-22,SFN,COL,1,0,4.5,7.65,1e-06,1e-06,SFN,SFN,0.3,1.2,0.354,0.3
TOR202009220,2020-09-22,TOR,NYA,0,2,6.8,2.84,1e-06,1e-06,TOR,TOR,0.4,0.4,0.345,0.324
PIT202009220,2020-09-22,PIT,CHN,0,0,2.7,6.52,1e-06,1e-06,PIT,PIT,0.3,0.2,0.299,0.323
WAS202009222,2020-09-22,WAS,PHI,0,0,6.1,5.95,1e-06,1e-06,WAS,WAS,1.0,0.9,0.322,0.336
ARI202009220,2020-09-22,ARI,TEX,0,0,1.47,7.02,1630.8590123845936,540.0297061463508,HOU,ANA,0.5,0.6,0.341,0.263
WAS202009221,2020-09-22,WAS,PHI,1,0,6.34,3.28,1e-06,1e-06,WAS,WAS,1.0,0.9,0.322,0.336
CIN202009220,2020-09-22,CIN,MIL,2,0,2.8,4.21,1e-06,1e-06,CIN,CIN,0.4,0.0,0.325,0.312
CLE202009220,2020-09-22,CLE,CHA,1,0,4.57,2.2,1e-06,1e-06,CLE,CLE,0.7,0.3,0.32,0.318
BOS202009220,2020-09-22,BOS,BAL,0,1,6.89,4.56,1e-06,578.81170796599,BOS,BAL,0.6,0.4,0.342,0.326
ATL202009220,2020-09-22,ATL,MIA,1,0,4.02,5.4,1e-06,1e-06,ATL,ATL,1.0,0.5,0.362,0.316
MIN202009220,2020-09-22,MIN,DET,1,0,4.05,1.66,571.0232496384983,872.516450655481,CHN,DET,0.2,0.2,0.312,0.301
MIN202009230,2020-09-23,MIN,DET,0,0,2.7,6.99,1e-06,1e-06,MIN,MIN,0.3,0.2,0.312,0.301
SFN202009230,2020-09-23,SFN,COL,0,0,5.47,5.82,1e-06,1e-06,SFN,SFN,0.4,1.1,0.354,0.3
CIN202009230,2020-09-23,CIN,MIL,2,0,1.73,5.3,1e-06,1e-06,CIN,CIN,0.6,0.0,0.325,0.312
ARI202009230,2020-09-23,ARI,TEX,0,1,1.8,9.0,1e-06,1e-06,ARI,ARI,0.5,0.6,0.341,0.263
SEA202009230,2020-09-23,SEA,HOU,1,0,4.57,4.03,1e-06,1e-06,SEA,SEA,0.9,0.5,0.295,0.318
SDN202009230,2020-09-23,SDN,ANA,2,0,4.66,5.65,1e-06,1e-06,SDN,SDN,0.4,1.0,0.344,0.308
PIT202009230,2020-09-23,PIT,CHN,2,1,6.18,2.88,1e-06,1e-06,PIT,PIT,0.3,0.1,0.299,0.323
TOR202009230,2020-09-23,TOR,NYA,2,0,3.09,3.56,1e-06,1e-06,TOR,TOR,0.2,0.6,0.345,0.324
ATL202009230,2020-09-23,ATL,MIA,3,2,6.84,6.84,1e-06,1e-06,ATL,ATL,1.1,0.5,0.362,0.316
CLE202009230,2020-09-23,CLE,CHA,0,0,2.05,4.83,1e-06,1e-06,CLE,CLE,0.7,0.3,0.32,0.318
NYN202009230,2020-09-23,NYN,TBA,0,0,6.62,4.08,1e-06,1e-06,NYN,NYN,0.3,0.8,0.333,0.311
LAN202009230,2020-09-23,LAN,OAK,0,3,3.86,0.42,1e-06,1e-06,LAN,LAN,0.8,0.8,0.346,0.319
KCA202009230,2020-09-23,KCA,SLN,2,0,4.95,9.9,1e-06,1e-06,KCA,KCA,0.7,0.2,0.327,0.311
BOS202009230,2020-09-23,BOS,BAL,2,0,3.72,4.82,1e-06,1e-06,BOS,BOS,0.6,0.5,0.342,0.326
WAS202009230,2020-09-23,WAS,PHI,0,1,4.29,3.97,1e-06,1e-06,WAS,WAS,1.0,0.6,0.322,0.336
SFN202009240,2020-09-24,SFN,COL,2,0,3.24,3.65,1e-06,1e-06,SFN,SFN,0.3,0.9,0.354,0.3
ATL202009240,2020-09-24,ATL,MIA,0,0,1.95,3.61,1e-06,1e-06,ATL,ATL,1.3,0.7,0.362,0.316
BOS202009240,2020-09-24,BOS,BAL,0,0,4.5,4.3,1e-06,1e-06,BOS,BOS,0.5,0.5,0.342,0.326
TEX202009240,2020-09-24,TEX,HOU,0,2,3.32,3.48,1401.854927086376,2688.6235870338205,ARI,SEA,0.7,0.3,0.307,0.318
CLE202009240,2020-09-24,CLE,CHA,0,0,4.91,8.22,1e-06,1e-06,CLE,CLE,0.7,0.2,0.32,0.318
WAS202009240,2020-09-24,WAS,NYN,0,0,4.66,3.44,1e-06,326.3648041771951,WAS,NYN,1.0,0.6,0.322,0.361
PIT202009240,2020-09-24,PIT,CHN,1,0,4.27,4.48,1e-06,1e-06,PIT,PIT,0.5,0.2,0.299,0.323
KCA202009240,2020-09-24,KCA,DET,3,0,0.52,3.96,1e-06,662.9211681328137,KCA,MIN,0.9,0.2,0.327,0.301
TOR202009240,2020-09-24,TOR,NYA,0,0,2.69,5.11,1e-06,1e-06,TOR,TOR,0.4,0.6,0.345,0.324
LAN202009240,2020-09-24,LAN,OAK,1,0,2.59,4.58,1e-06,1e-06,LAN,LAN,0.7,1.0,0.346,0.319
SLN202009240,2020-09-24,SLN,MIL,0,0,1.62,2.11,382.8562661725535,494.9532553693752,KCA,CIN,0.1,0.0,0.341,0.312
SFN202009251,2020-09-25,SFN,SDN,0,0,4.37,4.73,1e-06,1e-06,SFN,SFN,0.5,0.7,0.354,0.32
TBA202009250,2020-09-25,TBA,PHI,0,0,0.55,5.54,1638.0556824552712,1340.493838211085,NYN,WAS,0.4,0.6,0.331,0.336
CHA202009250,2020-09-25,CHA,CHN,0,0,4.01,2.01,494.38381964269325,660.0502267315369,CLE,PIT,0.4,0.2,0.333,0.323
ARI202009251,2020-09-25,ARI,COL,0,0,2.75,3.44,1e-06,1e-06,ARI,ARI,0.4,0.7,0.341,0.3
ARI202009252,2020-09-25,ARI,COL,6,1,4.36,16.5,1e-06,1050.993394248722,ARI,SFN,0.4,0.6,0.341,0.3
OAK202009250,2020-09-25,OAK,SEA,0,0,0.42,4.02,552.4676717810693,1089.6592015072615,LAN,SEA,0.4,0.7,0.321,0.317
TEX202009250,2020-09-25,TEX,HOU,0,0,1.84,3.05,1e-06,1e-06,TEX,TEX,0.7,0.5,0.307,0.318
LAN202009250,2020-09-25,LAN,ANA,0,0,3.09,4.5,1e-06,179.52869961196944,LAN,SDN,0.7,1.0,0.346,0.308
MIN202009250,2020-09-25,MIN,CIN,0,0,4.0,4.28,1e-06,973.9884963018676,MIN,CIN,0.3,0.9,0.312,0.294
SFN202009252,2020-09-25,SFN,SDN,0,0,9.82,5.19,1e-06,738.1265117326025,SFN,SDN,0.5,0.3,0.354,0.32
TOR202009250,2020-09-25,TOR,BAL,0,0,6.0,6.69,1e-06,691.6136251477402,TOR,BOS,0.4,0.5,0.345,0.326
KCA202009250,2020-09-25,KCA,DET,1,0,2.47,3.97,1e-06,1e-06,KCA,KCA,1.1,0.1,0.327,0.301
ATL202009250,2020-09-25,ATL,BOS,1,0,2.6,7.08,1e-06,1506.627841528967,ATL,BOS,1.2,0.2,0.362,0.318
NYA202009250,2020-09-25,NYA,MIA,0,3,3.51,3.0,550.2922217550002,1200.4511584455877,TOR,ATL,1.2,0.7,0.365,0.316
SLN202009251,2020-09-25,SLN,MIL,0,0,4.91,0.33,1e-06,1e-06,SLN,SLN,0.1,0.0,0.341,0.312
CLE202009250,2020-09-25,CLE,PIT,1,0,4.88,3.9,1e-06,186.24975562107616,CLE,PIT,0.7,0.2,0.32,0.266
SLN202009252,2020-09-25,SLN,MIL,1,0,4.96,5.16,1e-06,1e-06,SLN,SLN,0.1,0.0,0.341,0.312
CLE202009260,2020-09-26,CLE,PIT,0,1,4.74,3.86,1e-06,1e-06,CLE,CLE,0.8,0.1,0.32,0.266
LAN202009260,2020-09-26,LAN,ANA,3,0,2.31,10.26,1e-06,1e-06,LAN,LAN,0.7,1.0,0.346,0.308
KCA202009260,2020-09-26,KCA,DET,1,3,4.91,6.71,1e-06,1e-06,KCA,KCA,1.2,0.1,0.327,0.301
NYA202009260,2020-09-26,NYA,MIA,0,0,4.98,9.0,1e-06,1e-06,NYA,NYA,1.2,1.0,0.365,0.316
TEX202009260,2020-09-26,TEX,HOU,0,0,3.2,6.75,1e-06,1e-06,TEX,TEX,0.7,0.5,0.307,0.318
ARI202009260,2020-09-26,ARI,COL,1,0,6.58,3.75,1e-06,1e-06,ARI,ARI,1.0,0.7,0.341,0.3
TBA202009260,2020-09-26,TBA,PHI,0,1,2.7,2.92,1e-06,1e-06,TBA,TBA,0.4,0.6,0.331,0.336
WAS202009262,2020-09-26,WAS,NYN,0,0,6.62,5.64,1e-06,1e-06,WAS,WAS,1.0,0.6,0.322,0.361
SFN202009260,2020-09-26,SFN,SDN,0,0,5.4,5.63,1e-06,1e-06,SFN,SFN,0.5,0.3,0.354,0.32
OAK202009262,2020-09-26,OAK,SEA,1,0,27.0,4.34,1e-06,1e-06,OAK,OAK,0.2,0.6,0.321,0.317
ATL202009260,2020-09-26,ATL,BOS,0,0,10.8,0.53,1e-06,1e-06,ATL,ATL,1.2,0.2,0.362,0.318
SLN202009260,2020-09-26,SLN,MIL,0,0,3.15,3.05,1e-06,1e-06,SLN,SLN,0.2,0.0,0.341,0.312
TOR202009260,2020-09-26,TOR,BAL,0,0,7.22,4.53,1e-06,1e-06,TOR,TOR,0.3,0.4,0.345,0.326
MIN202009260,2020-09-26,MIN,CIN,1,2,2.77,3.21,1e-06,1e-06,MIN,MIN,0.3,0.7,0.312,0.294
CHA202009260,2020-09-26,CHA,CHN,0,0,2.2,5.16,1e-06,1e-06,CHA,CHA,0.4,0.1,0.333,0.323
WAS202009261,2020-09-26,WAS,NYN,0,0,3.74,4.01,1e-06,1e-06,WAS,WAS,0.9,0.6,0.322,0.361
OAK202009261,2020-09-26,OAK,SEA,0,0,1.78,5.79,1e-06,1e-06,OAK,OAK,0.2,0.6,0.321,0.317
TBA202009270,2020-09-27,TBA,PHI,0,0,2.78,3.28,1e-06,1e-06,TBA,TBA,0.4,0.7,0.331,0.336
SFN202009270,2020-09-27,SFN,SDN,0,0,3.42,5.75,1e-06,1e-06,SFN,SFN,0.4,0.3,0.354,0.32
CHA202009270,2020-09-27,CHA,CHN,0,0,6.49,2.95,1e-06,1e-06,CHA,CHA,0.4,0.1,0.333,0.323
SLN202009270,2020-09-27,SLN,MIL,0,0,3.6,4.21,1e-06,1e-06,SLN,SLN,0.2,0.0,0.341,0.312
OAK202009270,2020-09-27,OAK,SEA,1,1,1.66,5.84,1e-06,1e-06,OAK,OAK,0.2,0.6,0.321,0.317
ARI202009270,2020-09-27,ARI,COL,2,0,6.48,4.33,1e-06,1e-06,ARI,ARI,1.1,0.7,0.341,0.3
KCA202009270,2020-09-27,KCA,DET,0,1,4.06,5.63,1e-06,1e-06,KCA,KCA,1.3,0.4,0.327,0.301
TEX202009270,2020-09-27,TEX,HOU,0,1,4.84,14.73,1e-06,1e-06,TEX,TEX,0.7,0.5,0.307,0.318
CLE202009270,2020-09-27,CLE,PIT,0,0,2.67,4.98,1e-06,1e-06,CLE,CLE,0.7,0.2,0.32,0.266
LAN202009270,2020-09-27,LAN,ANA,1,0,2.57,5.65,1e-06,1e-06,LAN,LAN,0.8,0.6,0.346,0.308
TOR202009270,2020-09-27,TOR,BAL,0,0,8.06,2.81,1e-06,1e-06,TOR,TOR,0.3,0.4,0.345,0.326
NYA202009270,2020-09-27,NYA,MIA,0,0,7.11,3.03,1e-06,1e-06,NYA,NYA,1.1,1.0,0.365,0.316
ATL202009270,2020-09-27,ATL,BOS,1,1,,6.89,1e-06,1e-06,ATL,ATL,1.1,0.2,0.362,0.318
MIN202009270,2020-09-27,MIN,CIN,0,0,2.25,2.74,1e-06,1e-06,MIN,MIN,0.2,0.9,0.312,0.294
WAS202009270,2020-09-27,WAS,NYN,1,2,6.34,5.15,1e-06,1e-06,WAS,WAS,0.6,0.6,0.322,0.361
