home_team,fringe_side,quadrant,first_inning,n,csr,exp,ocs
ATL,bottom,Bottom-Left,0,177,0.9830508474576272,0.968793275026001,0.014257572431626175
ATL,bottom,Bottom-Left,1,19,0.9473684210526315,0.967016485884253,-0.019648064831621515
ATL,bottom,Bottom-Right,0,178,0.949438202247191,0.9599127334926957,-0.010474531245504681
ATL,bottom,Bottom-Right,1,19,0.9473684210526315,0.9593447296727755,-0.011976308620143983
ATL,bottom,OZ,0,585,0.517948717948718,0.3092080506232717,0.20874066732544627
ATL,bottom,OZ,1,81,0.49382716049382713,0.3021806842577491,0.19164647623607806
ATL,left,Bottom-Left,0,166,0.9156626506024096,0.9700393338011345,-0.05437668319872491
ATL,left,Bottom-Left,1,26,1.0,0.9656761875915845,0.03432381240841553
ATL,left,OZ,0,631,0.45800316957210774,0.31277071043071186,0.14523245914139588
ATL,left,OZ,1,76,0.3815789473684211,0.301580499990604,0.07999844737781708
ATL,left,Top-Left,0,123,0.8943089430894309,0.9646674088645253,-0.07035846577509441
ATL,left,Top-Left,1,19,0.8421052631578947,0.9609800209092683,-0.11887475775137357
ATL,right,Bottom-Right,0,161,0.84472049689441,0.9589342646869666,-0.11421376779255665
ATL,right,Bottom-Right,1,22,0.9545454545454546,0.9585204929302704,-0.003975038384815832
ATL,right,OZ,0,604,0.40397350993377484,0.30625758496749633,0.09771592496627851
ATL,right,OZ,1,90,0.4444444444444444,0.3030361075646884,0.141408336879756
ATL,right,Top-Right,0,121,0.9173553719008265,0.9686937764718935,-0.051338404571066976
ATL,right,Top-Right,1,18,0.7222222222222222,0.969306069790852,-0.24708384756862978
ATL,top,OZ,0,384,0.4322916666666667,0.3067987241835862,0.12549294248308046
ATL,top,OZ,1,51,0.3137254901960784,0.2895932374396496,0.02413225275642883
ATL,top,Top-Left,0,136,0.9264705882352942,0.964106263510558,-0.03763567527526379
ATL,top,Top-Left,1,20,0.9,0.9617248169502058,-0.06172481695020582
ATL,top,Top-Right,0,98,0.9081632653061225,0.9690539770435336,-0.06089071173741112
ATL,top,Top-Right,1,21,0.9047619047619048,0.968108585524621,-0.06334668076271621
AZ,bottom,Bottom-Left,0,210,0.9333333333333333,0.9686028260235527,-0.035269492690219395
AZ,bottom,Bottom-Left,1,25,0.8,0.9661582827238939,-0.16615828272389388
AZ,bottom,Bottom-Right,0,193,0.8963730569948186,0.9579358393973981,-0.06156278240257951
AZ,bottom,Bottom-Right,1,21,1.0,0.9572372885168141,0.04276271148318589
AZ,bottom,OZ,0,659,0.4537177541729894,0.3081257961960896,0.14559195797689978
AZ,bottom,OZ,1,99,0.4444444444444444,0.29768513380137507,0.14675931064306935
AZ,left,Bottom-Left,0,168,0.8988095238095238,0.969129597428356,-0.07032007361883219
AZ,left,Bottom-Left,1,34,0.9705882352941176,0.9681548525028713,0.0024333827912463857
AZ,left,OZ,0,689,0.3991291727140784,0.3150146733071324,0.08411449940694599
AZ,left,OZ,1,79,0.4430379746835443,0.3055031769983549,0.1375347976851894
AZ,left,Top-Left,0,163,0.8404907975460123,0.9652907831559034,-0.12479998560989114
AZ,left,Top-Left,1,18,0.6666666666666666,0.9630890162239252,-0.29642234955725855
AZ,right,Bottom-Right,0,213,0.8779342723004695,0.9575540818936804,-0.07961980959321091
AZ,right,Bottom-Right,1,32,0.8125,0.9555523641101772,-0.1430523641101772
AZ,right,OZ,0,676,0.378698224852071,0.303176662279636,0.07552156257243497
AZ,right,OZ,1,92,0.3695652173913043,0.3050407575518085,0.06452445983949584
AZ,right,Top-Right,0,137,0.8905109489051095,0.9701331381238081,-0.07962218921869857
AZ,right,Top-Right,1,26,0.8076923076923077,0.971463526349864,-0.16377121865755628
AZ,top,OZ,0,443,0.4018058690744921,0.30784471212346015,0.09396115695103197
AZ,top,OZ,1,67,0.44776119402985076,0.29596009452839905,0.1518010995014517
AZ,top,Top-Left,0,140,0.8857142857142857,0.9642463082962719,-0.07853202258198622
AZ,top,Top-Left,1,21,0.9523809523809523,0.9626102634369521,-0.010229311055999779
AZ,top,Top-Right,0,110,0.9272727272727272,0.9689892835304448,-0.04171655625771753
AZ,top,Top-Right,1,21,0.8095238095238095,0.9704350583431288,-0.16091124881931929
BAL,bottom,Bottom-Left,0,132,0.9318181818181818,0.9685807215824783,-0.03676253976429655
BAL,bottom,Bottom-Left,1,16,0.9375,0.9642034270323655,-0.0267034270323655
BAL,bottom,Bottom-Right,0,138,0.8985507246376812,0.9576250966052191,-0.05907437196753795
BAL,bottom,Bottom-Right,1,12,0.9166666666666666,0.9540861826370602,-0.03741951597039361
BAL,bottom,OZ,0,526,0.47338403041825095,0.3043926701928368,0.16899136022541417
BAL,bottom,OZ,1,77,0.44155844155844154,0.2994695537425943,0.14208888781584722
BAL,left,Bottom-Left,0,140,0.9571428571428572,0.970460844050933,-0.01331798690807584
BAL,left,Bottom-Left,1,19,0.9473684210526315,0.9665938448368718,-0.019225423784240303
BAL,left,OZ,0,513,0.43859649122807015,0.31396003339378675,0.1246364578342834
BAL,left,OZ,1,78,0.4358974358974359,0.30422389235455544,0.13167354354288047
BAL,left,Top-Left,0,133,0.9097744360902256,0.9646872100826207,-0.054912773992395136
BAL,left,Top-Left,1,26,0.9230769230769231,0.9621408894513792,-0.03906396637445608
BAL,right,Bottom-Right,0,145,0.8620689655172413,0.9584731639370913,-0.09640419841984993
BAL,right,Bottom-Right,1,24,0.9166666666666666,0.9574282034214988,-0.040761536754832184
BAL,right,OZ,0,558,0.3548387096774194,0.29986626084070156,0.05497244883671781
BAL,right,OZ,1,68,0.4117647058823529,0.29927265067502073,0.11249205520733219
BAL,right,Top-Right,0,114,0.9298245614035088,0.9708357755776588,-0.04101121417414999
BAL,right,Top-Right,1,18,0.8888888888888888,0.9661657481463306,-0.07727685925744177
BAL,top,OZ,0,397,0.48866498740554154,0.30623531460033865,0.1824296728052029
BAL,top,OZ,1,72,0.5555555555555556,0.30793588543816675,0.24761967011738883
BAL,top,Top-Left,0,144,0.9583333333333334,0.9649517268211453,-0.006618393487811902
BAL,top,Top-Left,1,20,0.95,0.9608804932090333,-0.010880493209033393
BAL,top,Top-Right,0,113,0.9469026548672567,0.97037680620436,-0.02347415133710329
BAL,top,Top-Right,1,13,0.9230769230769231,0.9673381846142892,-0.04426126153736609
BOS,bottom,Bottom-Left,0,146,0.9041095890410958,0.9691917612207845,-0.0650821721796887
BOS,bottom,Bottom-Left,1,19,0.8947368421052632,0.9669512746630007,-0.07221443255773752
BOS,bottom,Bottom-Right,0,170,0.9176470588235294,0.9582750838300829,-0.04062802500655349
BOS,bottom,Bottom-Right,1,17,0.6470588235294118,0.9563616838020359,-0.3093028602726241
BOS,bottom,OZ,0,579,0.4680483592400691,0.30869998546531346,0.15934837377475564
BOS,bottom,OZ,1,88,0.38636363636363635,0.2994448652690819,0.08691877109455448
BOS,left,Bottom-Left,0,145,0.8827586206896552,0.9705038880718826,-0.08774526738222743
BOS,left,Bottom-Left,1,16,0.9375,0.9694829878491232,-0.031982987849123234
BOS,left,OZ,0,549,0.38979963570127507,0.32140760404757224,0.06839203165370283
BOS,left,OZ,1,67,0.208955223880597,0.3092278365156958,-0.10027261263509879
BOS,left,Top-Left,0,116,0.8620689655172413,0.9651084941973962,-0.10303952868015487
BOS,left,Top-Left,1,22,0.8636363636363636,0.9641387068630355,-0.10050234322667184
BOS,right,Bottom-Right,0,160,0.9125,0.9579729568506788,-0.04547295685067887
BOS,right,Bottom-Right,1,20,0.75,0.9538234935241663,-0.2038234935241663
BOS,right,OZ,0,547,0.40585009140767825,0.3068051179504063,0.09904497345727192
BOS,right,OZ,1,101,0.42574257425742573,0.3026474576319224,0.12309511662550332
BOS,right,Top-Right,0,122,0.8934426229508197,0.9684393599713439,-0.07499673702052423
BOS,right,Top-Right,1,21,0.8571428571428571,0.9698164692622872,-0.11267361211943006
BOS,top,OZ,0,386,0.49222797927461137,0.3104726948035855,0.18175528447102585
BOS,top,OZ,1,53,0.5283018867924528,0.2951654637911158,0.23313642300133702
BOS,top,Top-Left,0,120,0.9166666666666666,0.9647419353713864,-0.04807526870471979
BOS,top,Top-Left,1,21,1.0,0.9609751456973415,0.03902485430265845
BOS,top,Top-Right,0,120,0.9416666666666667,0.9705759928398477,-0.028909326173181094
BOS,top,Top-Right,1,14,0.8571428571428571,0.9725968115787997,-0.11545395443594264
CHC,bottom,Bottom-Left,0,114,0.9122807017543859,0.9685351505666915,-0.05625444881230557
CHC,bottom,Bottom-Left,1,19,0.7368421052631579,0.9649867216015785,-0.22814461633842065
CHC,bottom,Bottom-Right,0,121,0.9090909090909091,0.9591379717792651,-0.050047062688356014
CHC,bottom,Bottom-Right,1,18,0.7222222222222222,0.9606673811184301,-0.23844515889620788
CHC,bottom,OZ,0,553,0.4394213381555154,0.30878540606861776,0.1306359320868976
CHC,bottom,OZ,1,53,0.4528301886792453,0.29937102096268153,0.15345916771656376
CHC,left,Bottom-Left,0,136,0.9558823529411765,0.9703804560006339,-0.014498103059457423
CHC,left,Bottom-Left,1,16,0.9375,0.9664746234380304,-0.028974623438030367
CHC,left,OZ,0,484,0.4256198347107438,0.3142626434961916,0.11135719121455223
CHC,left,OZ,1,78,0.46153846153846156,0.32380346223173845,0.13773499930672312
CHC,left,Top-Left,0,157,0.8980891719745223,0.9654089456262411,-0.06731977365171882
CHC,left,Top-Left,1,17,0.8235294117647058,0.9649394651182319,-0.14141005335352608
CHC,right,Bottom-Right,0,130,0.8461538461538461,0.9582894588579377,-0.11213561270409156
CHC,right,Bottom-Right,1,27,0.8148148148148148,0.95712455400618,-0.14230973919136525
CHC,right,OZ,0,546,0.35714285714285715,0.3054298511163877,0.051713006026469444
CHC,right,OZ,1,88,0.3068181818181818,0.30240219172736216,0.004415990090819666
CHC,right,Top-Right,0,110,0.8545454545454545,0.9704650855079378,-0.11591963096248326
CHC,right,Top-Right,1,16,1.0,0.967060713420147,0.03293928657985301
CHC,top,OZ,0,433,0.45958429561200925,0.3053761957050583,0.15420809990695095
CHC,top,OZ,1,45,0.4222222222222222,0.2966527879211048,0.12556943430111744
CHC,top,Top-Left,0,150,0.9666666666666667,0.9637634429158201,0.0029032237508466174
CHC,top,Top-Left,1,13,0.8461538461538461,0.9573735829010658,-0.11121973674721963
CHC,top,Top-Right,0,116,0.9396551724137931,0.9708039616915438,-0.031148789277750666
CHC,top,Top-Right,1,16,1.0,0.9688018815178384,0.031198118482161585
CIN,bottom,Bottom-Left,0,121,0.8760330578512396,0.9692358305340966,-0.09320277268285693
CIN,bottom,Bottom-Left,1,9,0.8888888888888888,0.9640403956235163,-0.07515150673462745
CIN,bottom,Bottom-Right,0,158,0.7974683544303798,0.9576565821835398,-0.16018822775316
CIN,bottom,Bottom-Right,1,17,0.8235294117647058,0.9574448779699746,-0.13391546620526873
CIN,bottom,OZ,0,559,0.42397137745974955,0.30937797390196015,0.11459340355778941
CIN,bottom,OZ,1,77,0.42857142857142855,0.30568253231090786,0.12288889626052069
CIN,left,Bottom-Left,0,141,0.8936170212765957,0.9686344784439914,-0.07501745716739572
CIN,left,Bottom-Left,1,10,0.6,0.9697906259860313,-0.3697906259860313
CIN,left,OZ,0,481,0.3367983367983368,0.3091327405362499,0.027665596262086922
CIN,left,OZ,1,71,0.30985915492957744,0.3003643105494322,0.009494844380145251
CIN,left,Top-Left,0,140,0.85,0.9651316991118571,-0.11513169911185717
CIN,left,Top-Left,1,24,0.625,0.9620866991346775,-0.3370866991346775
CIN,right,Bottom-Right,0,168,0.8869047619047619,0.9587883188940926,-0.07188355698933069
CIN,right,Bottom-Right,1,27,0.8888888888888888,0.9594335982987857,-0.07054470940989688
CIN,right,OZ,0,631,0.4041204437400951,0.2993938179370642,0.10472662580303088
CIN,right,OZ,1,84,0.42857142857142855,0.2926533992376409,0.13591802933378766
CIN,right,Top-Right,0,150,0.9533333333333334,0.9704331440776409,-0.017099810744307553
CIN,right,Top-Right,1,17,1.0,0.9662623531721634,0.03373764682783664
CIN,top,OZ,0,435,0.535632183908046,0.308698751165715,0.22693343274233102
CIN,top,OZ,1,66,0.3939393939393939,0.28155820325120723,0.1123811906881867
CIN,top,Top-Left,0,141,0.9716312056737588,0.9658318032467968,0.005799402426961975
CIN,top,Top-Left,1,28,0.9285714285714286,0.9620691341544628,-0.03349770558303422
CIN,top,Top-Right,0,134,0.9925373134328358,0.9706381603942675,0.021899153038568264
CIN,top,Top-Right,1,32,1.0,0.9692892845343712,0.030710715465628757
CLE,bottom,Bottom-Left,0,109,0.908256880733945,0.9682739854436343,-0.06001710470968935
CLE,bottom,Bottom-Left,1,20,0.85,0.9671383613744962,-0.11713836137449618
CLE,bottom,Bottom-Right,0,147,0.9387755102040817,0.9615954384014953,-0.02281992819741363
CLE,bottom,Bottom-Right,1,11,0.9090909090909091,0.9615932684461018,-0.05250235935519276
CLE,bottom,OZ,0,441,0.5215419501133787,0.31028266177450864,0.21125928833887003
CLE,bottom,OZ,1,55,0.6,0.2932248859896611,0.30677511401033886
CLE,left,Bottom-Left,0,141,0.9361702127659575,0.9703090964185959,-0.034138883652638397
CLE,left,Bottom-Left,1,16,1.0,0.9659450572779875,0.03405494272201248
CLE,left,OZ,0,481,0.3866943866943867,0.31051866438922276,0.07617572230516395
CLE,left,OZ,1,66,0.3787878787878788,0.3057485317699872,0.07303934701789161
CLE,left,Top-Left,0,118,0.9067796610169492,0.9652049929141155,-0.058425331897166366
CLE,left,Top-Left,1,13,1.0,0.9640066788805052,0.035993321119494825
CLE,right,Bottom-Right,0,151,0.8543046357615894,0.9580613433388351,-0.10375670757724564
CLE,right,Bottom-Right,1,16,0.875,0.9567242661522477,-0.0817242661522477
CLE,right,OZ,0,541,0.36414048059149723,0.30157727844227494,0.06256320214922229
CLE,right,OZ,1,73,0.4657534246575342,0.284187278306863,0.1815661463506712
CLE,right,Top-Right,0,112,0.8482142857142857,0.9689658431356634,-0.12075155742137766
CLE,right,Top-Right,1,13,0.9230769230769231,0.9643702683185353,-0.04129334524161221
CLE,top,OZ,0,389,0.46272493573264784,0.3060606579032565,0.15666427782939135
CLE,top,OZ,1,50,0.52,0.3101186221768555,0.20988137782314453
CLE,top,Top-Left,0,135,0.9407407407407408,0.9643889346878654,-0.023648193947124585
CLE,top,Top-Left,1,15,0.9333333333333333,0.9633965327926339,-0.030063199459300582
CLE,top,Top-Right,0,109,0.9174311926605505,0.970615475595987,-0.05318428293543653
CLE,top,Top-Right,1,10,1.0,0.9668515665716436,0.03314843342835638
COL,bottom,Bottom-Left,0,140,0.9357142857142857,0.9692908124825844,-0.0335765267682987
COL,bottom,Bottom-Left,1,17,0.9411764705882353,0.9651015502128863,-0.02392507962465107
COL,bottom,Bottom-Right,0,185,0.9081081081081082,0.9572047211080904,-0.04909661299998225
COL,bottom,Bottom-Right,1,18,0.7222222222222222,0.9577716851822046,-0.23554946295998236
COL,bottom,OZ,0,614,0.43973941368078173,0.2979002550008291,0.14183915867995261
COL,bottom,OZ,1,64,0.3125,0.3010618607220042,0.011438139277995807
COL,left,Bottom-Left,0,145,0.8758620689655172,0.9690990042485484,-0.09323693528303123
COL,left,Bottom-Left,1,24,0.8333333333333334,0.9664584755069784,-0.13312514217364502
COL,left,OZ,0,619,0.4135702746365105,0.3106600148923936,0.10291025974411694
COL,left,OZ,1,79,0.4177215189873418,0.30475437023736973,0.11296714874997205
COL,left,Top-Left,0,145,0.8758620689655172,0.9653259162127811,-0.08946384724726386
COL,left,Top-Left,1,24,0.875,0.9672641394092838,-0.0922641394092838
COL,right,Bottom-Right,0,185,0.8756756756756757,0.9580478386293096,-0.08237216295363392
COL,right,Bottom-Right,1,28,0.8928571428571429,0.9579620648567745,-0.06510492199963158
COL,right,OZ,0,662,0.42900302114803623,0.29885109942723337,0.13015192172080287
COL,right,OZ,1,81,0.38271604938271603,0.2923651626990023,0.09035088668371372
COL,right,Top-Right,0,134,0.8582089552238806,0.9702986005031087,-0.11208964527922805
COL,right,Top-Right,1,15,0.9333333333333333,0.969096354481584,-0.035763021148250695
COL,top,OZ,0,473,0.4587737843551797,0.3038637861449306,0.1549099982102491
COL,top,OZ,1,55,0.4,0.29142560138736323,0.10857439861263679
COL,top,Top-Left,0,158,0.930379746835443,0.9649474618293712,-0.03456771499392819
COL,top,Top-Left,1,19,1.0,0.963402654895797,0.03659734510420298
COL,top,Top-Right,0,122,0.9590163934426229,0.9697467262693973,-0.01073033282677438
COL,top,Top-Right,1,13,0.9230769230769231,0.9676575075546161,-0.044580584477692975
CWS,bottom,Bottom-Left,0,125,0.904,0.9702430386628639,-0.06624303866286385
CWS,bottom,Bottom-Left,1,21,0.9047619047619048,0.9673827414318965,-0.06262083666999174
CWS,bottom,Bottom-Right,0,151,0.8543046357615894,0.9604332471243048,-0.10612861136271534
CWS,bottom,Bottom-Right,1,13,0.8461538461538461,0.9599468402816573,-0.11379299412781119
CWS,bottom,OZ,0,554,0.47653429602888087,0.31133876285998063,0.16519553316890023
CWS,bottom,OZ,1,70,0.42857142857142855,0.30046614974557756,0.128105278825851
CWS,left,Bottom-Left,0,125,0.896,0.9694482509090327,-0.07344825090903273
CWS,left,Bottom-Left,1,15,1.0,0.9717326943720938,0.028267305627906247
CWS,left,OZ,0,448,0.40848214285714285,0.31174725505675444,0.09673488780038841
CWS,left,OZ,1,53,0.5660377358490566,0.3140355296371152,0.2520022062119414
CWS,left,Top-Left,0,117,0.9145299145299145,0.9637780111261743,-0.04924809659625984
CWS,left,Top-Left,1,23,0.9565217391304348,0.9629461868786268,-0.006424447748191953
CWS,right,Bottom-Right,0,171,0.8947368421052632,0.960156881330634,-0.06542003922537087
CWS,right,Bottom-Right,1,13,1.0,0.9571815575015925,0.042818442498407494
CWS,right,OZ,0,604,0.38741721854304634,0.3051387369828616,0.08227848156018475
CWS,right,OZ,1,69,0.36231884057971014,0.2934443394925323,0.06887450108717785
CWS,right,Top-Right,0,102,0.9019607843137255,0.9691944531171985,-0.06723366880347303
CWS,right,Top-Right,1,21,0.8571428571428571,0.9664738962740519,-0.1093310391311948
CWS,top,OZ,0,382,0.5471204188481675,0.3096635880970136,0.23745683075115392
CWS,top,OZ,1,59,0.5423728813559322,0.286763972727098,0.2556089086288342
CWS,top,Top-Left,0,123,0.9512195121951219,0.964426615955924,-0.013207103760802141
CWS,top,Top-Left,1,15,0.9333333333333333,0.9615570046425219,-0.02822367130918857
CWS,top,Top-Right,0,99,0.9494949494949495,0.9702727849266638,-0.020777835431714298
CWS,top,Top-Right,1,21,0.9047619047619048,0.9696843669107426,-0.06492246214883779
DET,bottom,Bottom-Left,0,142,0.9084507042253521,0.9692869372517673,-0.060836233026415165
DET,bottom,Bottom-Left,1,18,0.8888888888888888,0.9671615610086496,-0.07827267211976074
DET,bottom,Bottom-Right,0,178,0.9044943820224719,0.9594579698518383,-0.05496358782936639
DET,bottom,Bottom-Right,1,27,0.8888888888888888,0.9603851992543757,-0.07149631036548687
DET,bottom,OZ,0,582,0.5137457044673539,0.309203347615772,0.2045423568515819
DET,bottom,OZ,1,52,0.5,0.2912164904637332,0.2087835095362668
DET,left,Bottom-Left,0,159,0.9056603773584906,0.9699478877536019,-0.06428751039511127
DET,left,Bottom-Left,1,20,0.8,0.9688592530288365,-0.16885925302883642
DET,left,OZ,0,523,0.4072657743785851,0.3175205893566712,0.08974518502191386
DET,left,OZ,1,64,0.390625,0.30460793051528584,0.08601706948471416
DET,left,Top-Left,0,147,0.8027210884353742,0.965825122288872,-0.1631040338534978
DET,left,Top-Left,1,16,0.75,0.9605541724702938,-0.21055417247029384
DET,right,Bottom-Right,0,177,0.9096045197740112,0.9595565367754162,-0.04995201700140495
DET,right,Bottom-Right,1,28,0.8214285714285714,0.953866554805688,-0.13243798337711665
DET,right,OZ,0,614,0.4381107491856677,0.3083341101763489,0.12977663900931885
DET,right,OZ,1,77,0.45454545454545453,0.2893972805327111,0.16514817401274345
DET,right,Top-Right,0,133,0.9323308270676691,0.9685429512458977,-0.03621212417822861
DET,right,Top-Right,1,14,0.8571428571428571,0.9646258574300219,-0.10748300028716484
DET,top,OZ,0,443,0.4582392776523702,0.3047274639197664,0.1535118137326038
DET,top,OZ,1,62,0.45161290322580644,0.3048077537946081,0.14680514943119832
DET,top,Top-Left,0,117,0.8803418803418803,0.9635981690919635,-0.08325628875008317
DET,top,Top-Left,1,18,0.9444444444444444,0.9616782887358036,-0.017233844291359213
DET,top,Top-Right,0,107,0.9252336448598131,0.9690141692022051,-0.04378052434239199
DET,top,Top-Right,1,19,1.0,0.9669168614351941,0.033083138564805936
HOU,bottom,Bottom-Left,0,125,0.928,0.9682216040487324,-0.04022160404873232
HOU,bottom,Bottom-Left,1,15,0.8666666666666667,0.9706829240052134,-0.10401625733854669
HOU,bottom,Bottom-Right,0,158,0.9367088607594937,0.9586403356261547,-0.021931474866661027
HOU,bottom,Bottom-Right,1,14,0.7857142857142857,0.9533491029707042,-0.1676348172564185
HOU,bottom,OZ,0,500,0.484,0.30353417475550204,0.18046582524449795
HOU,bottom,OZ,1,59,0.4406779661016949,0.2792164853474664,0.1614614807542285
HOU,left,Bottom-Left,0,95,0.8842105263157894,0.9684453737133674,-0.08423484739757792
HOU,left,Bottom-Left,1,18,0.8888888888888888,0.9675964617398649,-0.07870757285097607
HOU,left,OZ,0,502,0.4103585657370518,0.3111621922133704,0.09919637352368144
HOU,left,OZ,1,67,0.3582089552238806,0.3074610003842398,0.050747954839640785
HOU,left,Top-Left,0,108,0.8796296296296297,0.963853456641141,-0.08422382701151132
HOU,left,Top-Left,1,16,0.75,0.9620312683515944,-0.21203126835159436
HOU,right,Bottom-Right,0,173,0.7976878612716763,0.9583402145452429,-0.16065235327356653
HOU,right,Bottom-Right,1,21,0.8095238095238095,0.9533198529073055,-0.14379604338349594
HOU,right,OZ,0,579,0.4214162348877375,0.2969201402144361,0.12449609467330142
HOU,right,OZ,1,76,0.42105263157894735,0.29569785082989225,0.1253547807490551
HOU,right,Top-Right,0,121,0.8842975206611571,0.968458548442449,-0.08416102778129197
HOU,right,Top-Right,1,10,0.8,0.9692698837553186,-0.1692698837553186
HOU,top,OZ,0,391,0.5089514066496164,0.30645994849772157,0.2024914581518948
HOU,top,OZ,1,55,0.5454545454545454,0.29839996563152843,0.24705457982301698
HOU,top,Top-Left,0,131,0.9465648854961832,0.9633192088445512,-0.016754323348368017
HOU,top,Top-Left,1,13,1.0,0.9577909247009464,0.0422090752990536
HOU,top,Top-Right,0,124,0.9516129032258065,0.9707591587425369,-0.019146255516730437
HOU,top,Top-Right,1,20,0.95,0.9649556660013427,-0.014955666001342793
KC,bottom,Bottom-Left,0,149,0.959731543624161,0.969341326247511,-0.009609782623349994
KC,bottom,Bottom-Left,1,17,0.9411764705882353,0.9629130111892228,-0.02173654060098751
KC,bottom,Bottom-Right,0,175,0.9314285714285714,0.9596769526541438,-0.028248381225572383
KC,bottom,Bottom-Right,1,25,1.0,0.9512195596502145,0.04878044034978546
KC,bottom,OZ,0,577,0.49220103986135183,0.30890353464930087,0.18329750521205096
KC,bottom,OZ,1,77,0.44155844155844154,0.3013599913566695,0.14019845020177202
KC,left,Bottom-Left,0,135,0.9111111111111111,0.9680169029488522,-0.05690579183774114
KC,left,Bottom-Left,1,22,0.8181818181818182,0.9636012236873065,-0.14541940550548826
KC,left,OZ,0,525,0.38095238095238093,0.31699833177132974,0.06395404918105119
KC,left,OZ,1,62,0.4032258064516129,0.31278324600894436,0.09044256044266852
KC,left,Top-Left,0,124,0.8467741935483871,0.9654874636849701,-0.11871327013658295
KC,left,Top-Left,1,22,0.7727272727272727,0.9603601339803483,-0.18763286125307554
KC,right,Bottom-Right,0,174,0.9252873563218391,0.9585849458289705,-0.03329758950713135
KC,right,Bottom-Right,1,20,0.8,0.9585847682630642,-0.1585847682630641
KC,right,OZ,0,640,0.4421875,0.30792077707159116,0.13426672292840885
KC,right,OZ,1,90,0.34444444444444444,0.28714082131412244,0.057303623130322
KC,right,Top-Right,0,122,0.8934426229508197,0.9695807253495417,-0.07613810239872199
KC,right,Top-Right,1,12,0.9166666666666666,0.9715947416177303,-0.054928074951063666
KC,top,OZ,0,395,0.46835443037974683,0.30705463521050824,0.1612997951692386
KC,top,OZ,1,52,0.4423076923076923,0.28575555362817895,0.15655213867951334
KC,top,Top-Left,0,114,0.9473684210526315,0.964130807220428,-0.01676238616779646
KC,top,Top-Left,1,16,0.875,0.9597062403977328,-0.08470624039773278
KC,top,Top-Right,0,126,0.9523809523809523,0.9701247987250237,-0.017743846344071335
KC,top,Top-Right,1,13,0.8461538461538461,0.9693450058463444,-0.12319115969249828
LAA,bottom,Bottom-Left,0,149,0.9328859060402684,0.9692217188111644,-0.036335812770895926
LAA,bottom,Bottom-Left,1,13,1.0,0.9693324136751996,0.030667586324800378
LAA,bottom,Bottom-Right,0,168,0.8928571428571429,0.958414438084322,-0.06555729522717912
LAA,bottom,Bottom-Right,1,18,1.0,0.9597858376064177,0.04021416239358233
LAA,bottom,OZ,0,570,0.5017543859649123,0.3127264534952903,0.18902793246962196
LAA,bottom,OZ,1,70,0.4857142857142857,0.30872326606515227,0.17699101964913344
LAA,left,Bottom-Left,0,138,0.8985507246376812,0.9701488036850655,-0.07159807904738436
LAA,left,Bottom-Left,1,15,0.7333333333333333,0.9718009291324674,-0.23846759579913412
LAA,left,OZ,0,507,0.42998027613412226,0.32296190084625453,0.10701837528786773
LAA,left,OZ,1,72,0.4027777777777778,0.3091497147099909,0.09362806306778687
LAA,left,Top-Left,0,119,0.865546218487395,0.9645577750579654,-0.09901155657057037
LAA,left,Top-Left,1,16,1.0,0.9662574237763796,0.033742576223620424
LAA,right,Bottom-Right,0,183,0.912568306010929,0.958828163306376,-0.046259857295447016
LAA,right,Bottom-Right,1,17,0.7647058823529411,0.9545575599234993,-0.1898516775705582
LAA,right,OZ,0,604,0.4056291390728477,0.30428199838260905,0.10134714069023865
LAA,right,OZ,1,68,0.39705882352941174,0.3078217002876121,0.08923712324179967
LAA,right,Top-Right,0,119,0.907563025210084,0.9694235151781448,-0.06186048996806082
LAA,right,Top-Right,1,17,0.9411764705882353,0.9677869811058211,-0.026610510517585784
LAA,top,OZ,0,380,0.4,0.3133186400266614,0.08668135997333865
LAA,top,OZ,1,54,0.46296296296296297,0.3131811617788478,0.14978180118411516
LAA,top,Top-Left,0,133,0.9323308270676691,0.9644126771277353,-0.03208185006006614
LAA,top,Top-Left,1,25,0.92,0.9628352178210032,-0.04283521782100319
LAA,top,Top-Right,0,118,0.9067796610169492,0.969672157882125,-0.06289249686517584
LAA,top,Top-Right,1,10,0.7,0.9734422876118863,-0.2734422876118864
LAD,bottom,Bottom-Left,0,130,0.9461538461538461,0.9687181258448081,-0.022564279690961975
LAD,bottom,Bottom-Left,1,15,1.0,0.9694642536798501,0.03053574632014988
LAD,bottom,Bottom-Right,0,161,0.937888198757764,0.9581752035044644,-0.02028700474670042
LAD,bottom,Bottom-Right,1,19,0.9473684210526315,0.9562191356463422,-0.008850714593710673
LAD,bottom,OZ,0,564,0.49822695035460995,0.30288468237431354,0.1953422679802964
LAD,bottom,OZ,1,78,0.4230769230769231,0.2888380167477875,0.1342389063291356
LAD,left,Bottom-Left,0,109,0.9541284403669725,0.9684104832280807,-0.014282042861108124
LAD,left,Bottom-Left,1,18,0.9444444444444444,0.9669380121361546,-0.02249356769171018
LAD,left,OZ,0,475,0.35368421052631577,0.30356956293829523,0.05011464758802053
LAD,left,OZ,1,60,0.38333333333333336,0.315252884494621,0.06808044883871234
LAD,left,Top-Left,0,107,0.8504672897196262,0.9638931859303427,-0.11342589621071653
LAD,left,Top-Left,1,17,0.7647058823529411,0.959955937512956,-0.19525005516001492
LAD,right,Bottom-Right,0,166,0.8975903614457831,0.956776198826666,-0.0591858373808829
LAD,right,Bottom-Right,1,27,0.8888888888888888,0.957493024832595,-0.06860413594370618
LAD,right,OZ,0,538,0.40148698884758366,0.2969607079013476,0.10452628094623606
LAD,right,OZ,1,85,0.4470588235294118,0.29364557171252864,0.15341325181688314
LAD,right,Top-Right,0,122,0.8770491803278688,0.9690223032505385,-0.09197312292266968
LAD,right,Top-Right,1,17,0.9411764705882353,0.9695327199968181,-0.028356249408582834
LAD,top,OZ,0,326,0.48466257668711654,0.3053378026696412,0.17932477401747532
LAD,top,OZ,1,43,0.46511627906976744,0.29730908224749886,0.16780719682226858
LAD,top,Top-Left,0,121,0.9256198347107438,0.9653017367060165,-0.03968190199527266
LAD,top,Top-Left,1,13,0.9230769230769231,0.9621110271864707,-0.03903410410954755
LAD,top,Top-Right,0,111,0.972972972972973,0.9692465860354456,0.0037263869375274705
LAD,top,Top-Right,1,16,1.0,0.9675685637535828,0.0324314362464172
MIA,bottom,Bottom-Left,0,153,0.9803921568627451,0.9686211781489511,0.011770978713793956
MIA,bottom,Bottom-Left,1,25,0.96,0.9686466945337757,-0.008646694533775756
MIA,bottom,Bottom-Right,0,170,0.9117647058823529,0.9566491495760268,-0.04488444369367384
MIA,bottom,Bottom-Right,1,14,0.9285714285714286,0.9602719681546958,-0.03170053958326724
MIA,bottom,OZ,0,641,0.5179407176287052,0.3053270852313697,0.2126136323973355
MIA,bottom,OZ,1,82,0.5,0.3046361871607351,0.1953638128392649
MIA,left,Bottom-Left,0,169,0.9289940828402367,0.9687872172486267,-0.03979313440839005
MIA,left,Bottom-Left,1,26,0.8846153846153846,0.9704765673263951,-0.08586118271101051
MIA,left,OZ,0,565,0.47079646017699117,0.30907969721827644,0.16171676295871473
MIA,left,OZ,1,69,0.5072463768115942,0.3055880582249794,0.20165831858661482
MIA,left,Top-Left,0,116,0.9137931034482759,0.9647015066807173,-0.05090840323244139
MIA,left,Top-Left,1,22,0.8181818181818182,0.9612154936318222,-0.143033675450004
MIA,right,Bottom-Right,0,162,0.8765432098765432,0.9561677441963609,-0.07962453431981764
MIA,right,Bottom-Right,1,19,0.8947368421052632,0.9530787492666942,-0.05834190716143106
MIA,right,OZ,0,549,0.3970856102003643,0.3054617272025887,0.09162388299777563
MIA,right,OZ,1,73,0.3287671232876712,0.3001935474607773,0.028573575826893904
MIA,right,Top-Right,0,106,0.8490566037735849,0.9701187120300633,-0.12106210825647834
MIA,right,Top-Right,1,12,0.9166666666666666,0.9692410193150897,-0.05257435264842303
MIA,top,OZ,0,373,0.44235924932975873,0.3034725924582233,0.13888665687153545
MIA,top,OZ,1,51,0.43137254901960786,0.2986408852575911,0.13273166376201678
MIA,top,Top-Left,0,122,0.9262295081967213,0.9644127998585068,-0.03818329166178547
MIA,top,Top-Left,1,10,1.0,0.961683051736587,0.03831694826341303
MIA,top,Top-Right,0,106,0.8962264150943396,0.9705956937945841,-0.07436927870024446
MIA,top,Top-Right,1,19,0.9473684210526315,0.967625559384992,-0.020257138332360425
MIL,bottom,Bottom-Left,0,140,0.95,0.9687422285759065,-0.018742228575906572
MIL,bottom,Bottom-Left,1,18,1.0,0.9664683391118063,0.033531660888193704
MIL,bottom,Bottom-Right,0,174,0.896551724137931,0.9589591435972111,-0.06240741945928008
MIL,bottom,Bottom-Right,1,20,0.75,0.956077873649041,-0.20607787364904095
MIL,bottom,OZ,0,575,0.43826086956521737,0.3090337332677522,0.12922713629746518
MIL,bottom,OZ,1,71,0.5633802816901409,0.29428663524685816,0.2690936464432827
MIL,left,Bottom-Left,0,136,0.8823529411764706,0.9697222706338041,-0.08736932945733356
MIL,left,Bottom-Left,1,20,0.8,0.9694647820864727,-0.16946478208647264
MIL,left,OZ,0,497,0.4225352112676056,0.3081811473357174,0.11435406393188824
MIL,left,OZ,1,75,0.4533333333333333,0.3006006576254501,0.15273267570788324
MIL,left,Top-Left,0,128,0.8671875,0.964691589057945,-0.09750408905794505
MIL,left,Top-Left,1,22,0.7727272727272727,0.9642877350686326,-0.19156046234135993
MIL,right,Bottom-Right,0,162,0.8950617283950617,0.9575549761096346,-0.062493247714572875
MIL,right,Bottom-Right,1,21,0.9047619047619048,0.9566285930643813,-0.05186668830247654
MIL,right,OZ,0,568,0.40316901408450706,0.3059086413538249,0.09726037273068217
MIL,right,OZ,1,75,0.41333333333333333,0.2963217418379895,0.11701159149534385
MIL,right,Top-Right,0,101,0.9108910891089109,0.9695304885039632,-0.05863939939505225
MIL,right,Top-Right,1,27,0.8888888888888888,0.9669895240660049,-0.07810063517711607
MIL,top,OZ,0,318,0.5094339622641509,0.3039193908218762,0.20551457144227475
MIL,top,OZ,1,56,0.4107142857142857,0.31341644849651124,0.09729783721777446
MIL,top,Top-Left,0,130,0.9692307692307692,0.9653972968167266,0.003833472414042638
MIL,top,Top-Left,1,27,0.9259259259259259,0.9595284063467036,-0.033602480420777625
MIL,top,Top-Right,0,95,0.968421052631579,0.9685870670288842,-0.00016601439730523637
MIL,top,Top-Right,1,30,0.9,0.9685257262240845,-0.06852572622408448
MIN,bottom,Bottom-Left,0,144,0.9444444444444444,0.970054928606892,-0.0256104841624476
MIN,bottom,Bottom-Left,1,23,0.9130434782608695,0.9693745493325475,-0.05633107107167801
MIN,bottom,Bottom-Right,0,168,0.9285714285714286,0.9592285100059608,-0.030657081434532163
MIN,bottom,Bottom-Right,1,20,1.0,0.9595248617154043,0.0404751382845957
MIN,bottom,OZ,0,617,0.49270664505672607,0.3085803720278818,0.18412627302884427
MIN,bottom,OZ,1,69,0.5507246376811594,0.31062932368466123,0.2400953139964982
MIN,left,Bottom-Left,0,149,0.8791946308724832,0.969917697078838,-0.09072306620635484
MIN,left,Bottom-Left,1,17,0.7647058823529411,0.9691204241975477,-0.2044145418446066
MIN,left,OZ,0,557,0.40394973070017953,0.31704591180675296,0.08690381889342658
MIN,left,OZ,1,72,0.4305555555555556,0.31893618814041796,0.11161936741513762
MIN,left,Top-Left,0,157,0.910828025477707,0.9648196869448977,-0.0539916614671907
MIN,left,Top-Left,1,18,0.8888888888888888,0.9604624574072275,-0.07157356851833863
MIN,right,Bottom-Right,0,189,0.8888888888888888,0.9581758373284686,-0.06928694843957972
MIN,right,Bottom-Right,1,29,0.9310344827586207,0.9572581409431878,-0.026223658184567178
MIN,right,OZ,0,676,0.40384615384615385,0.3052154922224007,0.09863066162375317
MIN,right,OZ,1,75,0.38666666666666666,0.29106706137081173,0.09559960529585493
MIN,right,Top-Right,0,146,0.9041095890410958,0.9710379087995332,-0.06692831975843738
MIN,right,Top-Right,1,13,0.9230769230769231,0.9645148734302188,-0.04143795035329567
MIN,top,OZ,0,444,0.5292792792792793,0.3050591541206086,0.22422012515867074
MIN,top,OZ,1,57,0.5789473684210527,0.29660467546357827,0.2823426929574744
MIN,top,Top-Left,0,173,0.9595375722543352,0.9650788371398159,-0.005541264885480679
MIN,top,Top-Left,1,31,0.967741935483871,0.9611792172165974,0.006562718267273615
MIN,top,Top-Right,0,139,0.8920863309352518,0.9704985598689011,-0.0784122289336493
MIN,top,Top-Right,1,22,0.8636363636363636,0.9696909848427492,-0.10605462120638554
NYM,bottom,Bottom-Left,0,117,0.9487179487179487,0.969270035547852,-0.020552086829903282
NYM,bottom,Bottom-Left,1,13,1.0,0.970832767619859,0.02916723238014096
NYM,bottom,Bottom-Right,0,157,0.9363057324840764,0.9597143293846406,-0.023408596900564183
NYM,bottom,Bottom-Right,1,14,0.9285714285714286,0.9551254805413335,-0.0265540519699049
NYM,bottom,OZ,0,549,0.48633879781420764,0.299318758911347,0.18702003890286062
NYM,bottom,OZ,1,69,0.463768115942029,0.3004705822324274,0.1632975337096016
NYM,left,Bottom-Left,0,129,0.9224806201550387,0.9704122402328231,-0.0479316200777844
NYM,left,Bottom-Left,1,21,0.9047619047619048,0.9694475016580879,-0.06468559689618314
NYM,left,OZ,0,485,0.4247422680412371,0.3161922402349452,0.10855002780629192
NYM,left,OZ,1,96,0.40625,0.3009058509236953,0.10534414907630468
NYM,left,Top-Left,0,150,0.8533333333333334,0.9653116195799093,-0.11197828624657591
NYM,left,Top-Left,1,22,0.8636363636363636,0.9611725818629725,-0.09753621822660885
NYM,right,Bottom-Right,0,167,0.844311377245509,0.957810273240031,-0.11349889599452201
NYM,right,Bottom-Right,1,21,0.8095238095238095,0.9573220415514998,-0.14779823202769027
NYM,right,OZ,0,581,0.3717728055077453,0.3043153932957209,0.06745741221202439
NYM,right,OZ,1,88,0.42045454545454547,0.30819004239369013,0.11226450306085534
NYM,right,Top-Right,0,110,0.9454545454545454,0.9707540970294751,-0.02529955157492969
NYM,right,Top-Right,1,10,1.0,0.9673884470070228,0.032611552992977244
NYM,top,OZ,0,399,0.43107769423558895,0.306167437442521,0.12491025679306794
NYM,top,OZ,1,63,0.4603174603174603,0.29989755013448455,0.16041991018297574
NYM,top,Top-Left,0,138,0.9565217391304348,0.964526206332871,-0.008004467202436194
NYM,top,Top-Left,1,19,0.8421052631578947,0.9664831235312622,-0.12437786037336751
NYM,top,Top-Right,0,137,0.9124087591240876,0.9693568918692915,-0.05694813274520394
NYM,top,Top-Right,1,17,0.9411764705882353,0.9713212435324136,-0.030144772944178277
NYY,bottom,Bottom-Left,0,147,0.9387755102040817,0.9697948942569719,-0.031019384052890175
NYY,bottom,Bottom-Left,1,20,0.85,0.9665761974224732,-0.11657619742247327
NYY,bottom,Bottom-Right,0,215,0.9116279069767442,0.9590238920816535,-0.04739598510490928
NYY,bottom,Bottom-Right,1,32,0.9375,0.9587992255465905,-0.021299225546590472
NYY,bottom,OZ,0,636,0.4889937106918239,0.3091164453843497,0.17987726530747422
NYY,bottom,OZ,1,92,0.45652173913043476,0.313781966907057,0.14273977222337775
NYY,left,Bottom-Left,0,148,0.9054054054054054,0.9708787880475342,-0.06547338264212887
NYY,left,Bottom-Left,1,26,0.8461538461538461,0.9692075005969074,-0.12305365444306127
NYY,left,OZ,0,566,0.4363957597173145,0.31605879347418486,0.12033696624312962
NYY,left,OZ,1,82,0.4268292682926829,0.3139963168177614,0.1128329514749215
NYY,left,Top-Left,0,165,0.896969696969697,0.9657748823423314,-0.06880518537263447
NYY,left,Top-Left,1,24,0.8333333333333334,0.9668336894065703,-0.13350035607323696
NYY,right,Bottom-Right,0,197,0.9187817258883249,0.9594085602413525,-0.04062683435302761
NYY,right,Bottom-Right,1,26,0.9230769230769231,0.9612349263368536,-0.03815800325993046
NYY,right,OZ,0,746,0.3914209115281501,0.3100461978244359,0.08137471370371424
NYY,right,OZ,1,122,0.47540983606557374,0.30176064593383284,0.1736491901317409
NYY,right,Top-Right,0,142,0.8943661971830986,0.9697977227964011,-0.07543152561330246
NYY,right,Top-Right,1,28,0.8928571428571429,0.9683005297432341,-0.0754433868860912
NYY,top,OZ,0,412,0.46601941747572817,0.3103482486708743,0.15567116880485388
NYY,top,OZ,1,61,0.4098360655737705,0.29617317499521323,0.11366289057855727
NYY,top,Top-Left,0,146,0.9246575342465754,0.9644229221236726,-0.03976538787709727
NYY,top,Top-Left,1,28,0.8928571428571429,0.9648654282346284,-0.07200828537748549
NYY,top,Top-Right,0,119,0.9327731092436975,0.9711993771054849,-0.03842626786178738
NYY,top,Top-Right,1,15,0.8,0.9721705728895498,-0.17217057288954973
OAK,bottom,Bottom-Left,0,158,0.930379746835443,0.9693792536996327,-0.03899950686418974
OAK,bottom,Bottom-Left,1,19,0.8421052631578947,0.9664899332931423,-0.12438467013524757
OAK,bottom,Bottom-Right,0,160,0.85625,0.9583442995150628,-0.10209429951506288
OAK,bottom,Bottom-Right,1,18,0.8333333333333334,0.9538463431323666,-0.12051300979903323
OAK,bottom,OZ,0,558,0.43727598566308246,0.30614645705958904,0.13112952860349342
OAK,bottom,OZ,1,67,0.5223880597014925,0.30290459065600106,0.21948346904549143
OAK,left,Bottom-Left,0,111,0.7837837837837838,0.9707895118205917,-0.18700572803680793
OAK,left,Bottom-Left,1,12,1.0,0.9687316025791636,0.031268397420836425
OAK,left,OZ,0,509,0.3654223968565815,0.31231688364610166,0.05310551321047985
OAK,left,OZ,1,49,0.42857142857142855,0.3053472312234133,0.12322419734801526
OAK,left,Top-Left,0,145,0.8206896551724138,0.964847069013097,-0.14415741384068326
OAK,left,Top-Left,1,18,0.8333333333333334,0.9664983547319052,-0.13316502139857178
OAK,right,Bottom-Right,0,159,0.8616352201257862,0.9585272161032252,-0.09689199597743903
OAK,right,Bottom-Right,1,29,0.9310344827586207,0.9562545196706125,-0.025220036911991817
OAK,right,OZ,0,614,0.3990228013029316,0.30181291092283485,0.09720989038009675
OAK,right,OZ,1,65,0.2,0.28239559215720605,-0.08239559215720604
OAK,right,Top-Right,0,149,0.8322147651006712,0.9694890967732994,-0.13727433167262826
OAK,right,Top-Right,1,17,0.8823529411764706,0.9682389507129221,-0.08588600953645154
OAK,top,OZ,0,457,0.47045951859956237,0.30522716747422224,0.16523235112534013
OAK,top,OZ,1,50,0.4,0.3045834821699747,0.0954165178300253
OAK,top,Top-Left,0,140,0.95,0.9641210929310444,-0.014121092931044466
OAK,top,Top-Left,1,14,0.7857142857142857,0.9665232100515083,-0.18080892433722262
OAK,top,Top-Right,0,143,0.9440559440559441,0.9703990789114436,-0.02634313485549955
OAK,top,Top-Right,1,10,0.8,0.9674079648022073,-0.1674079648022072
PHI,bottom,Bottom-Left,0,159,0.9371069182389937,0.9696409551155392,-0.032534036876545436
PHI,bottom,Bottom-Left,1,10,0.9,0.9736965432032418,-0.07369654320324182
PHI,bottom,Bottom-Right,0,150,0.8866666666666667,0.9596792696803057,-0.07301260301363899
PHI,bottom,Bottom-Right,1,22,0.7272727272727273,0.9587498366210963,-0.23147710934836896
PHI,bottom,OZ,0,570,0.4807017543859649,0.3085578684501695,0.17214388593579538
PHI,bottom,OZ,1,77,0.45454545454545453,0.3000343384013507,0.15451111614410384
PHI,left,Bottom-Left,0,152,0.8947368421052632,0.9702861589509377,-0.07554931684567456
PHI,left,Bottom-Left,1,14,1.0,0.9684365273449463,0.03156347265505366
PHI,left,OZ,0,528,0.4715909090909091,0.31714091523795923,0.15444999385294989
PHI,left,OZ,1,68,0.4411764705882353,0.29749075100976974,0.14368571957846554
PHI,left,Top-Left,0,140,0.8714285714285714,0.9656238487278108,-0.09419527729923938
PHI,left,Top-Left,1,16,0.8125,0.9596631905676374,-0.14716319056763738
PHI,right,Bottom-Right,0,167,0.8562874251497006,0.9567365663690262,-0.10044914121932558
PHI,right,Bottom-Right,1,18,0.9444444444444444,0.9613100594188604,-0.016865614974415966
PHI,right,OZ,0,603,0.3864013266998342,0.3059293592452993,0.08047196745453489
PHI,right,OZ,1,51,0.27450980392156865,0.29098862741565223,-0.016478823494083583
PHI,right,Top-Right,0,134,0.835820895522388,0.970364744265823,-0.13454384874343495
PHI,right,Top-Right,1,8,0.875,0.9655845602941456,-0.09058456029414563
PHI,top,OZ,0,397,0.4433249370277078,0.3009716430277922,0.1423532939999156
PHI,top,OZ,1,50,0.5,0.29327729261287755,0.20672270738712245
PHI,top,Top-Left,0,107,0.9626168224299065,0.9648642924196487,-0.0022474699897421235
PHI,top,Top-Left,1,11,1.0,0.9614869681115337,0.03851303188846633
PHI,top,Top-Right,0,102,0.9117647058823529,0.9694456788785132,-0.05768097299616026
PHI,top,Top-Right,1,13,0.8461538461538461,0.9735080848448009,-0.12735423869095475
PIT,bottom,Bottom-Left,0,149,0.9060402684563759,0.9699344160450732,-0.06389414758869738
PIT,bottom,Bottom-Left,1,23,0.9130434782608695,0.9676169056999299,-0.05457342743906035
PIT,bottom,Bottom-Right,0,167,0.9221556886227545,0.9607599601107099,-0.03860427148795531
PIT,bottom,Bottom-Right,1,20,0.9,0.9554275934090912,-0.0554275934090912
PIT,bottom,OZ,0,627,0.4704944178628389,0.3114134109596474,0.1590810069031915
PIT,bottom,OZ,1,79,0.4936708860759494,0.29214172914861114,0.20152915692733825
PIT,left,Bottom-Left,0,157,0.8471337579617835,0.9684727261649758,-0.12133896820319234
PIT,left,Bottom-Left,1,26,0.8846153846153846,0.9689153441872247,-0.08429995957184011
PIT,left,OZ,0,585,0.3401709401709402,0.3106201918062803,0.029550748364659873
PIT,left,OZ,1,67,0.40298507462686567,0.31516563116959134,0.08781944345727433
PIT,left,Top-Left,0,159,0.8427672955974843,0.9661344016052834,-0.1233671060077991
PIT,left,Top-Left,1,30,0.9,0.9635724375664005,-0.06357243756640052
PIT,right,Bottom-Right,0,167,0.9041916167664671,0.9573539203784829,-0.05316230361201579
PIT,right,Bottom-Right,1,21,0.9047619047619048,0.9574891349557255,-0.05272723019382075
PIT,right,OZ,0,694,0.3703170028818444,0.3009898512435498,0.06932715163829456
PIT,right,OZ,1,68,0.4117647058823529,0.2879879382949393,0.12377676758741363
PIT,right,Top-Right,0,154,0.9090909090909091,0.9700691768720596,-0.060978267781150564
PIT,right,Top-Right,1,16,1.0,0.9666739731315291,0.03332602686847086
PIT,top,OZ,0,458,0.4672489082969432,0.3068626505883944,0.1603862577085488
PIT,top,OZ,1,54,0.5185185185185185,0.30449528164430295,0.21402323687421554
PIT,top,Top-Left,0,163,0.9079754601226994,0.9645830085536223,-0.05660754843092297
PIT,top,Top-Left,1,17,0.8235294117647058,0.9615200882891066,-0.13799067652440078
PIT,top,Top-Right,0,139,0.9712230215827338,0.9690981944368051,0.002124827145928654
PIT,top,Top-Right,1,24,0.9583333333333334,0.9684599399504599,-0.010126606617126499
SD,bottom,Bottom-Left,0,144,0.9166666666666666,0.9696470072588532,-0.05298034059218659
SD,bottom,Bottom-Left,1,19,0.8947368421052632,0.9684550156270001,-0.07371817352173693
SD,bottom,Bottom-Right,0,182,0.9230769230769231,0.9585626707260427,-0.0354857476491196
SD,bottom,Bottom-Right,1,20,0.9,0.9550830897345696,-0.055083089734569546
SD,bottom,OZ,0,556,0.49460431654676257,0.3123424295336187,0.1822618870131439
SD,bottom,OZ,1,74,0.5405405405405406,0.3126306005071145,0.22790994003342607
SD,left,Bottom-Left,0,160,0.9125,0.9694336542724618,-0.056933654272461776
SD,left,Bottom-Left,1,13,1.0,0.9644352496849721,0.035564750315027926
SD,left,OZ,0,537,0.3128491620111732,0.3132807363381366,-0.00043157432696339093
SD,left,OZ,1,70,0.2857142857142857,0.29804664998400543,-0.012332364269719731
SD,left,Top-Left,0,133,0.7969924812030075,0.9652607557386763,-0.16826827453566884
SD,left,Top-Left,1,14,0.8571428571428571,0.9621532784864243,-0.1050104213435672
SD,right,Bottom-Right,0,150,0.9066666666666666,0.9599501887893096,-0.05328352212264298
SD,right,Bottom-Right,1,28,0.9642857142857143,0.9569055502256828,0.007380164060031502
SD,right,OZ,0,563,0.3960923623445826,0.30089119129811087,0.09520117104647174
SD,right,OZ,1,75,0.3466666666666667,0.2990260532387381,0.04764061342792858
SD,right,Top-Right,0,116,0.8879310344827587,0.9699458266403873,-0.08201479215762864
SD,right,Top-Right,1,21,0.8571428571428571,0.9680265680250555,-0.1108837108821984
SD,top,OZ,0,369,0.4173441734417344,0.3125196896034941,0.10482448383824033
SD,top,OZ,1,51,0.3333333333333333,0.3102421430660927,0.023091190267240602
SD,top,Top-Left,0,137,0.8759124087591241,0.9656767520583115,-0.08976434329918737
SD,top,Top-Left,1,15,0.8666666666666667,0.9545928009895455,-0.08792613432287877
SD,top,Top-Right,0,83,0.8313253012048193,0.9707204443757136,-0.1393951431708943
SD,top,Top-Right,1,18,0.8888888888888888,0.9678212528622129,-0.07893236397332404
SEA,bottom,Bottom-Left,0,114,0.9210526315789473,0.9686230099392305,-0.047570378360283105
SEA,bottom,Bottom-Left,1,15,0.9333333333333333,0.9678696410069385,-0.03453630767360516
SEA,bottom,Bottom-Right,0,150,0.9133333333333333,0.9606997680732279,-0.04736643473989455
SEA,bottom,Bottom-Right,1,25,0.92,0.9571266809755755,-0.03712668097557548
SEA,bottom,OZ,0,591,0.45346869712351945,0.31023791701985226,0.1432307801036672
SEA,bottom,OZ,1,40,0.475,0.30859061768020457,0.1664093823197954
SEA,left,Bottom-Left,0,115,0.9043478260869565,0.9697318122983632,-0.06538398621140673
SEA,left,Bottom-Left,1,20,0.95,0.9677769561716199,-0.017776956171619895
SEA,left,OZ,0,470,0.44680851063829785,0.31456180612713047,0.13224670451116738
SEA,left,OZ,1,76,0.42105263157894735,0.31260079800580176,0.10845183357314558
SEA,left,Top-Left,0,142,0.8450704225352113,0.9640209282206691,-0.11895050568545784
SEA,left,Top-Left,1,18,0.8888888888888888,0.9609563351338082,-0.07206744624491934
SEA,right,Bottom-Right,0,169,0.8816568047337278,0.9592911456645253,-0.07763434093079757
SEA,right,Bottom-Right,1,24,0.875,0.9569637309364935,-0.08196373093649345
SEA,right,OZ,0,559,0.4561717352415027,0.30182075796232194,0.15435097727918073
SEA,right,OZ,1,70,0.34285714285714286,0.30272993955894917,0.04012720329819369
SEA,right,Top-Right,0,143,0.8881118881118881,0.9697890903661344,-0.08167720225424624
SEA,right,Top-Right,1,16,1.0,0.96936248736315,0.030637512636849995
SEA,top,OZ,0,419,0.48448687350835323,0.3061235112088926,0.17836336229946065
SEA,top,OZ,1,60,0.55,0.30180679504037466,0.24819320495962538
SEA,top,Top-Left,0,161,0.9440993788819876,0.9649665779522061,-0.0208671990702185
SEA,top,Top-Left,1,17,0.9411764705882353,0.9659531913244751,-0.02477672073623982
SEA,top,Top-Right,0,131,0.9541984732824428,0.9711601695045564,-0.01696169622211363
SEA,top,Top-Right,1,17,1.0,0.9707231953790242,0.029276804620975816
SF,bottom,Bottom-Left,0,140,0.9785714285714285,0.9699361507267215,0.008635277844707079
SF,bottom,Bottom-Left,1,11,1.0,0.9685818964644297,0.031418103535570285
SF,bottom,Bottom-Right,0,160,0.88125,0.9589770210848199,-0.07772702108481988
SF,bottom,Bottom-Right,1,24,0.9166666666666666,0.9552954367594412,-0.038628770092774545
SF,bottom,OZ,0,591,0.49746192893401014,0.3027968865019078,0.19466504243210236
SF,bottom,OZ,1,78,0.5,0.309551672316229,0.190448327683771
SF,left,Bottom-Left,0,139,0.8705035971223022,0.9689290265036895,-0.09842542938138732
SF,left,Bottom-Left,1,21,0.9047619047619048,0.9687452936152635,-0.06398338885335875
SF,left,OZ,0,500,0.436,0.30758348737544566,0.12841651262455434
SF,left,OZ,1,80,0.3875,0.29054470706522745,0.09695529293477256
SF,left,Top-Left,0,116,0.9224137931034483,0.9636622200279008,-0.04124842692445252
SF,left,Top-Left,1,24,0.8333333333333334,0.9626256696564157,-0.12929233632308235
SF,right,Bottom-Right,0,128,0.8515625,0.9577071559266273,-0.10614465592662725
SF,right,Bottom-Right,1,23,0.9565217391304348,0.9563004135521327,0.00022132557830212285
SF,right,OZ,0,521,0.42034548944337813,0.30247663411733666,0.11786885532604147
SF,right,OZ,1,80,0.35,0.3041993139398593,0.045800686060140705
SF,right,Top-Right,0,126,0.8888888888888888,0.9699068659320735,-0.0810179770431847
SF,right,Top-Right,1,21,0.9523809523809523,0.9698310990881024,-0.01745014670715006
SF,top,OZ,0,406,0.49014778325123154,0.30301309607205085,0.1871346871791807
SF,top,OZ,1,58,0.3620689655172414,0.2893477308891928,0.07272123462804858
SF,top,Top-Left,0,130,0.9538461538461539,0.9658349346888393,-0.011988780842685398
SF,top,Top-Left,1,17,1.0,0.9614204181154313,0.03857958188456867
SF,top,Top-Right,0,140,0.95,0.969125993796324,-0.01912599379632407
SF,top,Top-Right,1,17,0.9411764705882353,0.9671318457055951,-0.02595537511735979
STL,bottom,Bottom-Left,0,156,0.9166666666666666,0.9678487899865346,-0.051182123319867934
STL,bottom,Bottom-Left,1,26,0.8846153846153846,0.9694481472460009,-0.08483276263061634
STL,bottom,Bottom-Right,0,160,0.875,0.9586060488328764,-0.08360604883287637
STL,bottom,Bottom-Right,1,20,0.9,0.9611854744529138,-0.06118547445291378
STL,bottom,OZ,0,542,0.42988929889298894,0.30256941719450314,0.1273198816984858
STL,bottom,OZ,1,65,0.4307692307692308,0.2960494375542754,0.13471979321495542
STL,left,Bottom-Left,0,146,0.9246575342465754,0.9684211244742634,-0.043763590227688054
STL,left,Bottom-Left,1,24,0.9583333333333334,0.9640665938597125,-0.005733260526379125
STL,left,OZ,0,571,0.3607705779334501,0.3046958840860607,0.05607469384738939
STL,left,OZ,1,80,0.4125,0.2866300893546486,0.12586991064535136
STL,left,Top-Left,0,156,0.8910256410256411,0.9642473048736006,-0.07322166384795947
STL,left,Top-Left,1,15,0.8,0.9668677096564691,-0.16686770965646902
STL,right,Bottom-Right,0,171,0.8128654970760234,0.95781842240582,-0.14495292532979664
STL,right,Bottom-Right,1,29,0.8620689655172413,0.9583476089910635,-0.0962786434738222
STL,right,OZ,0,633,0.41232227488151657,0.30015172576863197,0.1121705491128846
STL,right,OZ,1,94,0.3829787234042553,0.295822024316406,0.08715669908784934
STL,right,Top-Right,0,127,0.8818897637795275,0.9690384720654205,-0.08714870828589294
STL,right,Top-Right,1,18,0.8888888888888888,0.9667718116097139,-0.07788292272082509
STL,top,OZ,0,449,0.44097995545657015,0.3059309934707609,0.13504896198580923
STL,top,OZ,1,59,0.4406779661016949,0.2855963781763115,0.1550815879253834
STL,top,Top-Left,0,152,0.9473684210526315,0.9650974889068076,-0.01772906785417605
STL,top,Top-Left,1,17,1.0,0.9610897505614825,0.03891024943851751
STL,top,Top-Right,0,134,0.9253731343283582,0.9687999186033359,-0.0434267842749777
STL,top,Top-Right,1,14,0.9285714285714286,0.9682347764963588,-0.0396633479249302
TB,bottom,Bottom-Left,0,156,0.9230769230769231,0.9691202674872574,-0.04604334441033431
TB,bottom,Bottom-Left,1,13,0.6923076923076923,0.9680040441646143,-0.275696351856922
TB,bottom,Bottom-Right,0,179,0.8994413407821229,0.9596918862849061,-0.06025054550278319
TB,bottom,Bottom-Right,1,28,0.9642857142857143,0.9587413662636858,0.005544348022028522
TB,bottom,OZ,0,652,0.504601226993865,0.30952781033494986,0.19507341665891514
TB,bottom,OZ,1,94,0.5,0.3072367305354423,0.19276326946455768
TB,left,Bottom-Left,0,156,0.8846153846153846,0.9692539910095189,-0.08463860639413434
TB,left,Bottom-Left,1,17,0.7647058823529411,0.9701769372538561,-0.205471054900915
TB,left,OZ,0,511,0.3913894324853229,0.3153693792198126,0.07602005326551026
TB,left,OZ,1,81,0.32098765432098764,0.3096622733170245,0.01132538100396313
TB,left,Top-Left,0,140,0.85,0.9659952022939435,-0.11599520229394356
TB,left,Top-Left,1,20,0.65,0.9647227989091898,-0.31472279890918975
TB,right,Bottom-Right,0,159,0.8616352201257862,0.9588742401304637,-0.09723902000467755
TB,right,Bottom-Right,1,28,0.9285714285714286,0.95633325847823,-0.027761829906801427
TB,right,OZ,0,686,0.4402332361516035,0.3044892814436634,0.1357439547079401
TB,right,OZ,1,94,0.5212765957446809,0.3185797922354023,0.2026968035092786
TB,right,Top-Right,0,146,0.8835616438356164,0.9704454649104891,-0.08688382107487269
TB,right,Top-Right,1,17,0.9411764705882353,0.96993636005479,-0.028759889466554722
TB,top,OZ,0,461,0.41431670281995664,0.31251387790372287,0.10180282491623377
TB,top,OZ,1,67,0.4925373134328358,0.29120426699625995,0.20133304643657585
TB,top,Top-Left,0,146,0.9178082191780822,0.9652391636358968,-0.047430944457814594
TB,top,Top-Left,1,20,0.9,0.9670526054698568,-0.06705260546985681
TB,top,Top-Right,0,123,0.9105691056910569,0.9714258078730138,-0.060856702181956934
TB,top,Top-Right,1,19,0.8947368421052632,0.9688982246800437,-0.07416138257478055
TEX,bottom,Bottom-Left,0,147,0.9455782312925171,0.9714833894391366,-0.025905158146619534
TEX,bottom,Bottom-Left,1,17,0.9411764705882353,0.9690876619010025,-0.027911191312767203
TEX,bottom,Bottom-Right,0,145,0.9103448275862069,0.9585421737398374,-0.04819734615363047
TEX,bottom,Bottom-Right,1,29,0.9310344827586207,0.9554100740571564,-0.024375591298535726
TEX,bottom,OZ,0,543,0.48987108655616945,0.3103928093464105,0.17947827720975895
TEX,bottom,OZ,1,72,0.5277777777777778,0.31666621200728273,0.21111156577049506
TEX,left,Bottom-Left,0,141,0.9361702127659575,0.9700165088746626,-0.033846296108705154
TEX,left,Bottom-Left,1,21,0.9047619047619048,0.9691540902246922,-0.06439218546278747
TEX,left,OZ,0,538,0.3940520446096654,0.32009645705545076,0.07395558755421466
TEX,left,OZ,1,74,0.40540540540540543,0.31411152497191547,0.09129388043348996
TEX,left,Top-Left,0,135,0.8444444444444444,0.9653371343266031,-0.12089268988215862
TEX,left,Top-Left,1,13,0.6923076923076923,0.9626264688906789,-0.27031877658298664
TEX,right,Bottom-Right,0,190,0.9157894736842105,0.958728322242037,-0.04293884855782648
TEX,right,Bottom-Right,1,24,0.875,0.9590140975472927,-0.08401409754729272
TEX,right,OZ,0,629,0.4642289348171701,0.3078059884045132,0.15642294641265692
TEX,right,OZ,1,78,0.46153846153846156,0.297136311235661,0.1644021503028006
TEX,right,Top-Right,0,134,0.9477611940298507,0.9699247982442496,-0.02216360421439889
TEX,right,Top-Right,1,15,1.0,0.9703909483309475,0.029609051669052477
TEX,top,OZ,0,410,0.4292682926829268,0.3071759963712016,0.12209229631172525
TEX,top,OZ,1,58,0.3793103448275862,0.3002149269075205,0.07909541792006569
TEX,top,Top-Left,0,127,0.968503937007874,0.9651504386530969,0.0033534983547770514
TEX,top,Top-Left,1,21,0.9523809523809523,0.9641634151205009,-0.011782462739548527
TEX,top,Top-Right,0,128,0.9296875,0.9714595496241555,-0.04177204962415548
TEX,top,Top-Right,1,8,1.0,0.9726080094289249,0.02739199057107511
TOR,bottom,Bottom-Left,0,167,0.9401197604790419,0.9689268932558844,-0.028807132776842548
TOR,bottom,Bottom-Left,1,19,1.0,0.9710358849798947,0.02896411502010532
TOR,bottom,Bottom-Right,0,197,0.9441624365482234,0.9585905653567323,-0.014428128808508855
TOR,bottom,Bottom-Right,1,15,0.9333333333333333,0.9599294772775689,-0.026596143944235595
TOR,bottom,OZ,0,578,0.4688581314878893,0.3097421981650674,0.15911593332282192
TOR,bottom,OZ,1,81,0.4444444444444444,0.3015066727029882,0.14293777174145622
TOR,left,Bottom-Left,0,132,0.9242424242424242,0.9707525122116607,-0.0465100879692365
TOR,left,Bottom-Left,1,18,0.7777777777777778,0.9670514362800149,-0.1892736585022371
TOR,left,OZ,0,555,0.46126126126126127,0.31716570593309723,0.14409555532816404
TOR,left,OZ,1,84,0.40476190476190477,0.2986017293919315,0.10616017536997324
TOR,left,Top-Left,0,136,0.875,0.9648386514336399,-0.0898386514336399
TOR,left,Top-Left,1,23,1.0,0.9632912110336901,0.03670878896630991
TOR,right,Bottom-Right,0,166,0.8674698795180723,0.9577498008763059,-0.0902799213582336
TOR,right,Bottom-Right,1,19,0.8421052631578947,0.960362430785059,-0.11825716762716432
TOR,right,OZ,0,614,0.3957654723127036,0.3100989852534489,0.08566648705925467
TOR,right,OZ,1,80,0.4125,0.3113121743150594,0.10118782568494056
TOR,right,Top-Right,0,111,0.8918918918918919,0.9701751619184754,-0.07828327002658353
TOR,right,Top-Right,1,17,0.8235294117647058,0.972258563885566,-0.14872915212086013
TOR,top,OZ,0,450,0.4866666666666667,0.3114629586311122,0.17520370803555452
TOR,top,OZ,1,57,0.43859649122807015,0.3056822021142861,0.13291428911378406
TOR,top,Top-Left,0,127,0.984251968503937,0.964850501837385,0.01940146666655207
TOR,top,Top-Left,1,22,0.9545454545454546,0.9654488413368352,-0.010903386791380587
TOR,top,Top-Right,0,120,0.95,0.9699591605923288,-0.01995916059232883
TOR,top,Top-Right,1,28,0.9285714285714286,0.9692449662774384,-0.04067353770600979
WSH,bottom,Bottom-Left,0,127,0.9212598425196851,0.9695015055253527,-0.04824166300566768
WSH,bottom,Bottom-Left,1,23,0.8695652173913043,0.9671101821014736,-0.09754496471016927
WSH,bottom,Bottom-Right,0,157,0.8853503184713376,0.9573501829463971,-0.07199986447505946
WSH,bottom,Bottom-Right,1,24,0.9583333333333334,0.9541014396916535,0.0042318936416798625
WSH,bottom,OZ,0,534,0.43258426966292135,0.3015885491060064,0.13099572055691494
WSH,bottom,OZ,1,75,0.6,0.29474579456916583,0.30525420543083415
WSH,left,Bottom-Left,0,130,0.9,0.9690592930817764,-0.06905929308177639
WSH,left,Bottom-Left,1,17,0.8823529411764706,0.9673756129222926,-0.08502267174582201
WSH,left,OZ,0,536,0.42350746268656714,0.30454848972854265,0.11895897295802449
WSH,left,OZ,1,68,0.36764705882352944,0.299335684331686,0.06831137449184344
WSH,left,Top-Left,0,123,0.926829268292683,0.9647288782681589,-0.03789960997547592
WSH,left,Top-Left,1,11,0.7272727272727273,0.9618651172373102,-0.23459238996458287
WSH,right,Bottom-Right,0,146,0.9041095890410958,0.955648161977575,-0.05153857293647912
WSH,right,Bottom-Right,1,31,0.8709677419354839,0.9518113918812116,-0.08084364994572768
WSH,right,OZ,0,499,0.36472945891783565,0.299992091634833,0.06473736728300267
WSH,right,OZ,1,68,0.3235294117647059,0.28568212045164465,0.03784729131306125
WSH,right,Top-Right,0,119,0.8487394957983193,0.969025493358998,-0.1202859975606787
WSH,right,Top-Right,1,12,0.8333333333333334,0.9696924468268676,-0.13635911349353425
WSH,top,OZ,0,400,0.41,0.3041025799123649,0.10589742008763509
WSH,top,OZ,1,35,0.5714285714285714,0.3032814054076656,0.26814716602090577
WSH,top,Top-Left,0,119,0.9747899159663865,0.9657421870061711,0.00904772896021544
WSH,top,Top-Left,1,19,0.7368421052631579,0.9621210942602171,-0.22527898899705923
WSH,top,Top-Right,0,92,0.9565217391304348,0.9696192458990257,-0.013097506768590894
WSH,top,Top-Right,1,15,0.8666666666666667,0.9673576068661748,-0.10069094019950808
