game_id,date,hometeam,visteam,home_first_inning_runs,visiting_first_inning_runs
ANA202404050,2024-04-05,ANA,BOS,0,0
ANA202404080,2024-04-08,ANA,TBA,2,0
ANA202404220,2024-04-22,ANA,BAL,0,0
ANA202404260,2024-04-26,ANA,MIN,0,0
ANA202404290,2024-04-29,ANA,PHI,1,3
ANA202405090,2024-05-09,ANA,KCA,0,0
ANA202405130,2024-05-13,ANA,SLN,0,0
ANA202405240,2024-05-24,ANA,CLE,1,0
ANA202405280,2024-05-28,ANA,NYA,2,1
ANA202406030,2024-06-03,ANA,SDN,0,1
ANA202406070,2024-06-07,ANA,HOU,0,1
ANA202406170,2024-06-17,ANA,MIL,0,0
ANA202406240,2024-06-24,ANA,OAK,2,0
ANA202406270,2024-06-27,ANA,DET,0,0
ANA202407080,2024-07-08,ANA,TEX,0,2
ANA202407110,2024-07-11,ANA,SEA,0,4
ANA202407250,2024-07-25,ANA,OAK,0,2
ANA202407300,2024-07-30,ANA,COL,2,2
ANA202408020,2024-08-02,ANA,NYN,0,0
ANA202408120,2024-08-12,ANA,TOR,0,0
ANA202408160,2024-08-16,ANA,ATL,0,0
ANA202408300,2024-08-30,ANA,SEA,2,5
ANA202409030,2024-09-03,ANA,LAN,0,0
ANA202409130,2024-09-13,ANA,HOU,0,0
ANA202409160,2024-09-16,ANA,CHA,0,3
ANA202409270,2024-09-27,ANA,TEX,1,3
ARI202403290,2024-03-29,ARI,COL,2,0
ARI202404010,2024-04-01,ARI,NYA,0,0
ARI202404120,2024-04-12,ARI,SLN,0,3
ARI202404150,2024-04-15,ARI,CHN,0,0
ARI202404290,2024-04-29,ARI,LAN,1,0
ARI202405030,2024-05-03,ARI,SDN,0,0
ARI202405130,2024-05-13,ARI,CIN,0,0
ARI202405170,2024-05-17,ARI,DET,0,0
ARI202405240,2024-05-24,ARI,MIA,0,0
ARI202406030,2024-06-03,ARI,SFN,0,0
ARI202406110,2024-06-11,ARI,ANA,0,0
ARI202406140,2024-06-14,ARI,CHA,0,0
ARI202406250,2024-06-25,ARI,MIN,2,0
ARI202406280,2024-06-28,ARI,OAK,2,0
ARI202407080,2024-07-08,ARI,ATL,0,1
ARI202407120,2024-07-12,ARI,TOR,0,0
ARI202407260,2024-07-26,ARI,PIT,0,2
ARI202407290,2024-07-29,ARI,WAS,0,5
ARI202408080,2024-08-08,ARI,PHI,0,0
ARI202408120,2024-08-12,ARI,COL,0,0
ARI202408270,2024-08-27,ARI,NYN,0,0
ARI202408300,2024-08-30,ARI,LAN,2,2
ARI202409100,2024-09-10,ARI,TEX,2,0
ARI202409130,2024-09-13,ARI,MIL,1,0
ARI202409230,2024-09-23,ARI,SFN,1,0
ARI202409270,2024-09-27,ARI,SDN,2,4
ATL202404050,2024-04-05,ATL,ARI,1,3
ATL202404080,2024-04-08,ATL,NYN,0,0
ATL202404190,2024-04-19,ATL,TEX,1,1
ATL202404220,2024-04-22,ATL,MIA,0,0
ATL202404260,2024-04-26,ATL,CLE,0,1
ATL202405070,2024-05-07,ATL,BOS,0,0
ATL202405130,2024-05-13,ATL,CHN,0,0
ATL202405170,2024-05-17,ATL,SDN,1,0
ATL202405270,2024-05-27,ATL,WAS,0,4
ATL202405310,2024-05-31,ATL,OAK,1,0
ATL202406140,2024-06-14,ATL,TBA,5,1
ATL202406170,2024-06-17,ATL,DET,0,0
ATL202406280,2024-06-28,ATL,PIT,0,0
ATL202407020,2024-07-02,ATL,SFN,0,0
ATL202407050,2024-07-05,ATL,PHI,0,0
ATL202407201,2024-07-20,ATL,SLN,0,0
ATL202407220,2024-07-22,ATL,CIN,0,1
ATL202408010,2024-08-01,ATL,MIA,3,0
ATL202408060,2024-08-06,ATL,MIL,0,3
ATL202408200,2024-08-20,ATL,PHI,0,0
ATL202408230,2024-08-23,ATL,WAS,1,0
ATL202409030,2024-09-03,ATL,COL,0,0
ATL202409060,2024-09-06,ATL,TOR,0,0
ATL202409090,2024-09-09,ATL,CIN,0,0
ATL202409130,2024-09-13,ATL,LAN,1,0
ATL202409240,2024-09-24,ATL,NYN,0,0
ATL202409270,2024-09-27,ATL,KCA,0,0
ATL202409301,2024-09-30,ATL,NYN,0,0
BAL202403300,2024-03-30,BAL,ANA,2,0
BAL202404010,2024-04-01,BAL,KCA,0,0
BAL202404120,2024-04-12,BAL,MIL,0,0
BAL202404150,2024-04-15,BAL,MIN,2,0
BAL202404260,2024-04-26,BAL,OAK,0,1
BAL202404290,2024-04-29,BAL,NYA,1,0
BAL202405100,2024-05-10,BAL,ARI,0,0
BAL202405130,2024-05-13,BAL,TOR,0,0
BAL202405170,2024-05-17,BAL,SEA,5,1
BAL202405270,2024-05-27,BAL,BOS,0,0
BAL202405310,2024-05-31,BAL,TBA,0,0
BAL202406110,2024-06-11,BAL,ATL,0,0
BAL202406140,2024-06-14,BAL,PHI,0,1
BAL202406240,2024-06-24,BAL,CLE,1,1
BAL202406270,2024-06-27,BAL,TEX,3,0
BAL202407090,2024-07-09,BAL,CHN,0,1
BAL202407120,2024-07-12,BAL,NYA,0,0
BAL202407260,2024-07-26,BAL,SDN,0,0
BAL202407291,2024-07-29,BAL,TOR,4,0
BAL202408130,2024-08-13,BAL,WAS,0,2
BAL202408150,2024-08-15,BAL,BOS,0,0
BAL202408220,2024-08-22,BAL,HOU,0,0
BAL202409020,2024-09-02,BAL,CHA,1,2
BAL202409060,2024-09-06,BAL,TBA,0,0
BAL202409170,2024-09-17,BAL,SFN,0,1
BAL202409200,2024-09-20,BAL,DET,2,0
BOS202404090,2024-04-09,BOS,BAL,1,0
BOS202404120,2024-04-12,BOS,ANA,0,3
BOS202404150,2024-04-15,BOS,CLE,0,0
BOS202404260,2024-04-26,BOS,CHN,0,0
BOS202404300,2024-04-30,BOS,SFN,1,0
BOS202405100,2024-05-10,BOS,WAS,0,0
BOS202405130,2024-05-13,BOS,TBA,3,3
BOS202405240,2024-05-24,BOS,MIL,0,0
BOS202405300,2024-05-30,BOS,DET,0,0
BOS202406040,2024-06-04,BOS,ATL,0,0
BOS202406110,2024-06-11,BOS,PHI,1,1
BOS202406140,2024-06-14,BOS,NYA,0,2
BOS202406240,2024-06-24,BOS,TOR,0,0
BOS202406280,2024-06-28,BOS,SDN,0,0
BOS202407090,2024-07-09,BOS,OAK,3,2
BOS202407120,2024-07-12,BOS,KCA,0,1
BOS202407260,2024-07-26,BOS,NYA,1,0
BOS202407290,2024-07-29,BOS,SEA,0,0
BOS202408090,2024-08-09,BOS,HOU,0,1
BOS202408120,2024-08-12,BOS,TEX,0,0
BOS202408230,2024-08-23,BOS,ARI,1,2
BOS202408260,2024-08-26,BOS,TOR,0,0
BOS202409060,2024-09-06,BOS,CHA,0,0
BOS202409090,2024-09-09,BOS,BAL,1,1
BOS202409200,2024-09-20,BOS,MIN,0,0
BOS202409270,2024-09-27,BOS,TBA,0,0
CHA202403300,2024-03-30,CHA,DET,2,3
CHA202404010,2024-04-01,CHA,ATL,0,0
CHA202404120,2024-04-12,CHA,CIN,0,1
CHA202404150,2024-04-15,CHA,KCA,0,0
CHA202404260,2024-04-26,CHA,TBA,0,0
CHA202404290,2024-04-29,CHA,MIN,2,0
CHA202405090,2024-05-09,CHA,CLE,1,0
CHA202405141,2024-05-14,CHA,WAS,0,0
CHA202405230,2024-05-23,CHA,BAL,1,0
CHA202405270,2024-05-27,CHA,TOR,0,0
CHA202406060,2024-06-06,CHA,BOS,0,1
CHA202406180,2024-06-18,CHA,HOU,0,0
CHA202406240,2024-06-24,CHA,LAN,0,0
CHA202406270,2024-06-27,CHA,ATL,1,0
CHA202406280,2024-06-28,CHA,COL,0,0
CHA202407080,2024-07-08,CHA,MIN,0,1
CHA202407120,2024-07-12,CHA,PIT,0,0
CHA202407260,2024-07-26,CHA,SEA,0,8
CHA202407290,2024-07-29,CHA,KCA,1,0
CHA202408090,2024-08-09,CHA,CHN,0,3
CHA202408120,2024-08-12,CHA,NYA,2,1
CHA202408230,2024-08-23,CHA,DET,0,1
CHA202408270,2024-08-27,CHA,TEX,0,1
CHA202408300,2024-08-30,CHA,NYN,1,0
CHA202409090,2024-09-09,CHA,CLE,0,2
CHA202409130,2024-09-13,CHA,OAK,0,0
CHA202409240,2024-09-24,CHA,ANA,0,0
CHN202404010,2024-04-01,CHN,COL,0,0
CHN202404050,2024-04-05,CHN,LAN,0,2
CHN202404190,2024-04-19,CHN,MIA,2,0
CHN202404230,2024-04-23,CHN,HOU,5,0
CHN202405030,2024-05-03,CHN,MIL,0,0
CHN202405060,2024-05-06,CHN,SDN,0,0
CHN202405160,2024-05-16,CHN,PIT,0,2
CHN202405210,2024-05-21,CHN,ATL,0,0
CHN202405310,2024-05-31,CHN,CIN,0,0
CHN202406040,2024-06-04,CHN,CHA,0,0
CHN202406140,2024-06-14,CHN,SLN,0,0
CHN202406170,2024-06-17,CHN,SFN,0,0
CHN202406210,2024-06-21,CHN,NYN,1,3
CHN202407020,2024-07-02,CHN,PHI,0,0
CHN202407050,2024-07-05,CHN,ANA,2,0
CHN202407190,2024-07-19,CHN,ARI,0,0
CHN202407220,2024-07-22,CHN,MIL,0,0
CHN202408010,2024-08-01,CHN,SLN,0,1
CHN202408050,2024-08-05,CHN,MIN,0,0
CHN202408160,2024-08-16,CHN,TOR,2,0
CHN202408200,2024-08-20,CHN,DET,0,0
CHN202409020,2024-09-02,CHN,PIT,0,0
CHN202409060,2024-09-06,CHN,NYA,0,0
CHN202409160,2024-09-16,CHN,OAK,1,0
CHN202409190,2024-09-19,CHN,WAS,1,1
CHN202409270,2024-09-27,CHN,CIN,0,0
CIN202403300,2024-03-30,CIN,WAS,0,0
CIN202404050,2024-04-05,CIN,NYN,1,0
CIN202404080,2024-04-08,CIN,MIL,0,0
CIN202404190,2024-04-19,CIN,ANA,0,0
CIN202404220,2024-04-22,CIN,PHI,0,0
CIN202405030,2024-05-03,CIN,BAL,0,0
CIN202405070,2024-05-07,CIN,ARI,0,0
CIN202405210,2024-05-21,CIN,SDN,0,0
CIN202405240,2024-05-24,CIN,LAN,3,0
CIN202405270,2024-05-27,CIN,SLN,1,1
CIN202406060,2024-06-06,CIN,CHN,0,0
CIN202406110,2024-06-11,CIN,CLE,1,0
CIN202406210,2024-06-21,CIN,BOS,1,0
CIN202406240,2024-06-24,CIN,PIT,0,0
CIN202407050,2024-07-05,CIN,DET,0,0
CIN202407080,2024-07-08,CIN,COL,0,0
CIN202407120,2024-07-12,CIN,MIA,2,0
CIN202407290,2024-07-29,CIN,CHN,0,0
CIN202408020,2024-08-02,CIN,SFN,0,0
CIN202408120,2024-08-12,CIN,SLN,0,0
CIN202408160,2024-08-16,CIN,KCA,0,0
CIN202408270,2024-08-27,CIN,OAK,0,0
CIN202408301,2024-08-30,CIN,MIL,1,0
CIN202409020,2024-09-02,CIN,HOU,2,0
CIN202409170,2024-09-17,CIN,ATL,1,3
CIN202409200,2024-09-20,CIN,PIT,1,0
CLE202404080,2024-04-08,CLE,CHA,0,0
CLE202404132,2024-04-13,CLE,NYA,0,2
CLE202404190,2024-04-19,CLE,OAK,0,1
CLE202404230,2024-04-23,CLE,BOS,0,0
CLE202405030,2024-05-03,CLE,ANA,0,0
CLE202405060,2024-05-06,CLE,DET,1,1
CLE202405170,2024-05-17,CLE,MIN,0,0
CLE202405200,2024-05-20,CLE,NYN,2,0
CLE202405310,2024-05-31,CLE,WAS,0,0
CLE202406040,2024-06-04,CLE,KCA,0,0
CLE202406180,2024-06-18,CLE,SEA,0,0
CLE202406210,2024-06-21,CLE,TOR,0,0
CLE202407020,2024-07-02,CLE,CHA,0,1
CLE202407050,2024-07-05,CLE,SFN,0,3
CLE202407190,2024-07-19,CLE,SDN,0,0
CLE202407220,2024-07-22,CLE,DET,0,2
CLE202408010,2024-08-01,CLE,BAL,2,1
CLE202408050,2024-08-05,CLE,ARI,2,2
CLE202408120,2024-08-12,CLE,CHN,0,0
CLE202408230,2024-08-23,CLE,TEX,0,0
CLE202408261,2024-08-26,CLE,KCA,0,0
CLE202408300,2024-08-30,CLE,PIT,2,0
CLE202409120,2024-09-12,CLE,TBA,1,1
CLE202409160,2024-09-16,CLE,MIN,0,0
CLE202409240,2024-09-24,CLE,CIN,3,0
CLE202409270,2024-09-27,CLE,HOU,0,1
COL202404050,2024-04-05,COL,TBA,1,1
COL202404080,2024-04-08,COL,ARI,1,0
COL202404200,2024-04-20,COL,SEA,0,0
COL202404220,2024-04-22,COL,SDN,0,0
COL202404270,2024-04-27,COL,HOU,2,0
COL202405070,2024-05-07,COL,SFN,0,0
COL202405100,2024-05-10,COL,TEX,0,0
COL202405240,2024-05-24,COL,PHI,0,0
COL202405270,2024-05-27,COL,CLE,0,1
COL202406030,2024-06-03,COL,CIN,1,0
COL202406140,2024-06-14,COL,PIT,0,1
COL202406170,2024-06-17,COL,LAN,0,1
COL202406210,2024-06-21,COL,WAS,0,0
COL202407010,2024-07-01,COL,MIL,0,0
COL202407050,2024-07-05,COL,KCA,0,1
COL202407190,2024-07-19,COL,SFN,0,0
COL202407220,2024-07-22,COL,BOS,0,0
COL202408060,2024-08-06,COL,NYN,0,0
COL202408090,2024-08-09,COL,ATL,0,1
COL202408160,2024-08-16,COL,SDN,4,0
COL202408260,2024-08-26,COL,MIA,0,0
COL202408300,2024-08-30,COL,BAL,0,0
COL202409130,2024-09-13,COL,CHN,0,2
COL202409160,2024-09-16,COL,ARI,0,2
COL202409240,2024-09-24,COL,SLN,0,0
COL202409270,2024-09-27,COL,LAN,1,2
DET202404050,2024-04-05,DET,OAK,0,0
DET202404120,2024-04-12,DET,MIN,1,0
DET202404150,2024-04-15,DET,TEX,0,0
DET202404260,2024-04-26,DET,KCA,0,0
DET202404302,2024-04-30,DET,SLN,2,0
DET202405100,2024-05-10,DET,HOU,0,0
DET202405130,2024-05-13,DET,MIA,0,0
DET202405230,2024-05-23,DET,TOR,0,0
DET202405292,2024-05-29,DET,PIT,0,0
DET202406070,2024-06-07,DET,MIL,0,0
DET202406110,2024-06-11,DET,WAS,0,0
DET202406210,2024-06-21,DET,CHA,0,0
DET202406240,2024-06-24,DET,PHI,0,4
DET202407080,2024-07-08,DET,CLE,0,0
DET202407120,2024-07-12,DET,LAN,2,0
DET202407260,2024-07-26,DET,MIN,0,2
DET202407290,2024-07-29,DET,CLE,0,3
DET202408010,2024-08-01,DET,KCA,0,3
DET202408130,2024-08-13,DET,SEA,1,0
DET202408160,2024-08-16,DET,NYA,0,1
DET202408270,2024-08-27,DET,ANA,0,1
DET202408300,2024-08-30,DET,BOS,0,1
DET202409100,2024-09-10,DET,COL,1,0
DET202409130,2024-09-13,DET,BAL,1,0
DET202409240,2024-09-24,DET,TBA,0,0
DET202409270,2024-09-27,DET,CHA,0,0
HOU202403290,2024-03-29,HOU,NYA,1,0
HOU202404010,2024-04-01,HOU,TOR,3,0
HOU202404120,2024-04-12,HOU,TEX,1,1
HOU202404150,2024-04-15,HOU,ATL,1,0
HOU202404300,2024-04-30,HOU,CLE,0,3
HOU202405030,2024-05-03,HOU,SEA,0,0
HOU202405130,2024-05-13,HOU,OAK,0,0
HOU202405170,2024-05-17,HOU,MIL,0,0
HOU202405200,2024-05-20,HOU,ANA,0,1
HOU202405310,2024-05-31,HOU,MIN,0,0
HOU202406030,2024-06-03,HOU,SLN,0,2
HOU202406140,2024-06-14,HOU,DET,0,0
HOU202406210,2024-06-21,HOU,BAL,1,0
HOU202406250,2024-06-25,HOU,COL,5,0
HOU202407090,2024-07-09,HOU,MIA,0,1
HOU202407120,2024-07-12,HOU,TEX,0,0
HOU202407260,2024-07-26,HOU,LAN,0,0
HOU202407290,2024-07-29,HOU,PIT,0,0
HOU202408020,2024-08-02,HOU,TBA,0,2
HOU202408160,2024-08-16,HOU,CHA,0,0
HOU202408190,2024-08-19,HOU,BOS,0,2
HOU202408290,2024-08-29,HOU,KCA,0,0
HOU202409060,2024-09-06,HOU,ARI,0,0
HOU202409100,2024-09-10,HOU,OAK,0,1
HOU202409190,2024-09-19,HOU,ANA,0,1
HOU202409230,2024-09-23,HOU,SEA,0,0
KCA202403300,2024-03-30,KCA,MIN,0,0
KCA202404040,2024-04-04,KCA,CHA,0,0
KCA202404090,2024-04-09,KCA,HOU,0,1
KCA202404190,2024-04-19,KCA,BAL,0,0
KCA202404220,2024-04-22,KCA,TOR,0,0
KCA202405030,2024-05-03,KCA,TEX,0,0
KCA202405060,2024-05-06,KCA,MIL,0,0
KCA202405170,2024-05-17,KCA,OAK,1,0
KCA202405200,2024-05-20,KCA,DET,0,0
KCA202405310,2024-05-31,KCA,SDN,0,0
KCA202406070,2024-06-07,KCA,SEA,0,7
KCA202406100,2024-06-10,KCA,NYA,0,2
KCA202406240,2024-06-24,KCA,MIA,0,0
KCA202406270,2024-06-27,KCA,CLE,0,0
KCA202407020,2024-07-02,KCA,TBA,0,0
KCA202407190,2024-07-19,KCA,CHA,1,0
KCA202407220,2024-07-22,KCA,ARI,0,0
KCA202407260,2024-07-26,KCA,CHN,0,0
KCA202408050,2024-08-05,KCA,BOS,0,0
KCA202408090,2024-08-09,KCA,SLN,0,2
KCA202408190,2024-08-19,KCA,ANA,0,0
KCA202408230,2024-08-23,KCA,PHI,1,0
KCA202409020,2024-09-02,KCA,CLE,0,0
KCA202409060,2024-09-06,KCA,MIN,0,0
KCA202409160,2024-09-16,KCA,DET,0,0
KCA202409200,2024-09-20,KCA,SFN,0,1
LAN202403210,2024-03-21,LAN,SDN,1,5
LAN202403290,2024-03-29,LAN,SLN,1,0
LAN202404010,2024-04-01,LAN,SFN,1,0
LAN202404120,2024-04-12,LAN,SDN,1,2
LAN202404150,2024-04-15,LAN,WAS,1,1
LAN202404190,2024-04-19,LAN,NYN,0,0
LAN202405030,2024-05-03,LAN,ATL,0,1
LAN202405060,2024-05-06,LAN,MIA,3,2
LAN202405160,2024-05-16,LAN,CIN,0,2
LAN202405200,2024-05-20,LAN,ARI,0,0
LAN202405310,2024-05-31,LAN,COL,0,0
LAN202406110,2024-06-11,LAN,TEX,3,0
LAN202406140,2024-06-14,LAN,KCA,0,0
LAN202406210,2024-06-21,LAN,ANA,0,0
LAN202407020,2024-07-02,LAN,ARI,1,0
LAN202407050,2024-07-05,LAN,MIL,1,0
LAN202407190,2024-07-19,LAN,BOS,0,0
LAN202407220,2024-07-22,LAN,SFN,0,0
LAN202408050,2024-08-05,LAN,PHI,0,0
LAN202408090,2024-08-09,LAN,PIT,1,0
LAN202408190,2024-08-19,LAN,SEA,0,0
LAN202408230,2024-08-23,LAN,TBA,0,1
LAN202408270,2024-08-27,LAN,BAL,0,0
LAN202409060,2024-09-06,LAN,CLE,0,0
LAN202409090,2024-09-09,LAN,CHN,0,3
LAN202409200,2024-09-20,LAN,COL,0,0
LAN202409240,2024-09-24,LAN,SDN,1,0
MIA202403290,2024-03-29,MIA,PIT,0,0
MIA202404010,2024-04-01,MIA,ANA,4,0
MIA202404120,2024-04-12,MIA,ATL,0,1
MIA202404150,2024-04-15,MIA,SFN,0,0
MIA202404260,2024-04-26,MIA,WAS,0,0
MIA202404300,2024-04-30,MIA,COL,0,5
MIA202405100,2024-05-10,MIA,PHI,0,0
MIA202405170,2024-05-17,MIA,NYN,0,0
MIA202405200,2024-05-20,MIA,MIL,0,0
MIA202405310,2024-05-31,MIA,TEX,0,0
MIA202406040,2024-06-04,MIA,TBA,3,0
MIA202406070,2024-06-07,MIA,CLE,0,0
MIA202406170,2024-06-17,MIA,SLN,0,0
MIA202406210,2024-06-21,MIA,SEA,0,1
MIA202407020,2024-07-02,MIA,BOS,0,2
MIA202407050,2024-07-05,MIA,CHA,0,0
MIA202407190,2024-07-19,MIA,NYN,0,0
MIA202407230,2024-07-23,MIA,BAL,0,1
MIA202408050,2024-08-05,MIA,CIN,0,2
MIA202408090,2024-08-09,MIA,SDN,0,0
MIA202408190,2024-08-19,MIA,ARI,0,0
MIA202408230,2024-08-23,MIA,CHN,0,0
MIA202409030,2024-09-03,MIA,WAS,0,0
MIA202409050,2024-09-05,MIA,PHI,0,1
MIA202409170,2024-09-17,MIA,LAN,2,0
MIA202409200,2024-09-20,MIA,ATL,3,0
MIL202404020,2024-04-02,MIL,MIN,0,0
MIL202404050,2024-04-05,MIL,SEA,0,0
MIL202404150,2024-04-15,MIL,SDN,1,0
MIL202404260,2024-04-26,MIL,NYA,0,1
MIL202404290,2024-04-29,MIL,TBA,0,1
MIL202405090,2024-05-09,MIL,SLN,3,0
MIL202405130,2024-05-13,MIL,PIT,0,2
MIL202405270,2024-05-27,MIL,CHN,0,0
MIL202405310,2024-05-31,MIL,CHA,0,0
MIL202406100,2024-06-10,MIL,TOR,0,0
MIL202406140,2024-06-14,MIL,CIN,0,0
MIL202406240,2024-06-24,MIL,TEX,0,0
MIL202406280,2024-06-28,MIL,CHN,0,0
MIL202407090,2024-07-09,MIL,PIT,0,0
MIL202407120,2024-07-12,MIL,WAS,0,1
MIL202407260,2024-07-26,MIL,MIA,0,3
MIL202407290,2024-07-29,MIL,ATL,0,0
MIL202408090,2024-08-09,MIL,CIN,3,0
MIL202408120,2024-08-12,MIL,LAN,0,0
MIL202408160,2024-08-16,MIL,CLE,3,0
MIL202408270,2024-08-27,MIL,SFN,0,0
MIL202409020,2024-09-02,MIL,SLN,3,0
MIL202409060,2024-09-06,MIL,COL,0,0
MIL202409160,2024-09-16,MIL,PHI,0,0
MIL202409190,2024-09-19,MIL,ARI,0,0
MIL202409270,2024-09-27,MIL,NYN,4,0
MIN202404040,2024-04-04,MIN,CLE,0,0
MIN202404080,2024-04-08,MIN,LAN,0,1
MIN202404190,2024-04-19,MIN,DET,2,1
MIN202404220,2024-04-22,MIN,CHA,2,0
MIN202405030,2024-05-03,MIN,BOS,0,0
MIN202405060,2024-05-06,MIN,SEA,0,0
MIN202405140,2024-05-14,MIN,NYA,1,0
MIN202405240,2024-05-24,MIN,TEX,0,2
MIN202405270,2024-05-27,MIN,KCA,0,0
MIN202406100,2024-06-10,MIN,COL,0,0
MIN202406130,2024-06-13,MIN,OAK,0,0
MIN202406180,2024-06-18,MIN,TBA,0,3
MIN202407020,2024-07-02,MIN,DET,0,0
MIN202407050,2024-07-05,MIN,HOU,0,0
MIN202407200,2024-07-20,MIN,MIL,0,0
MIN202407220,2024-07-22,MIN,PHI,0,2
MIN202408020,2024-08-02,MIN,CHA,2,0
MIN202408092,2024-08-09,MIN,CLE,1,0
MIN202408120,2024-08-12,MIN,KCA,0,1
MIN202408230,2024-08-23,MIN,SLN,0,0
MIN202408260,2024-08-26,MIN,ATL,1,4
MIN202408300,2024-08-30,MIN,TOR,0,0
MIN202409090,2024-09-09,MIN,ANA,0,2
MIN202409130,2024-09-13,MIN,CIN,0,0
MIN202409240,2024-09-24,MIN,MIA,0,0
MIN202409270,2024-09-27,MIN,BAL,0,0
NYA202404050,2024-04-05,NYA,TOR,0,0
NYA202404080,2024-04-08,NYA,MIA,0,0
NYA202404190,2024-04-19,NYA,TBA,0,0
NYA202404220,2024-04-22,NYA,OAK,0,0
NYA202405030,2024-05-03,NYA,DET,0,0
NYA202405070,2024-05-07,NYA,HOU,3,1
NYA202405170,2024-05-17,NYA,CHA,1,0
NYA202405200,2024-05-20,NYA,SEA,2,0
NYA202406040,2024-06-04,NYA,MIN,0,0
NYA202406070,2024-06-07,NYA,LAN,0,0
NYA202406180,2024-06-18,NYA,BAL,0,0
NYA202406210,2024-06-21,NYA,ATL,0,3
NYA202407020,2024-07-02,NYA,CIN,0,0
NYA202407050,2024-07-05,NYA,BOS,0,0
NYA202407190,2024-07-19,NYA,TBA,0,0
NYA202407230,2024-07-23,NYA,NYN,0,0
NYA202408020,2024-08-02,NYA,TOR,2,3
NYA202408072,2024-08-07,NYA,ANA,0,0
NYA202408102,2024-08-10,NYA,TEX,0,0
NYA202408200,2024-08-20,NYA,CLE,2,0
NYA202408230,2024-08-23,NYA,COL,0,0
NYA202408300,2024-08-30,NYA,SLN,0,0
NYA202409090,2024-09-09,NYA,KCA,0,1
NYA202409120,2024-09-12,NYA,BOS,1,0
NYA202409240,2024-09-24,NYA,BAL,0,0
NYA202409270,2024-09-27,NYA,PIT,0,0
NYN202403300,2024-03-30,NYN,MIL,0,3
NYN202404010,2024-04-01,NYN,DET,0,0
NYN202404120,2024-04-12,NYN,KCA,0,0
NYN202404150,2024-04-15,NYN,PIT,0,0
NYN202404260,2024-04-26,NYN,SLN,0,0
NYN202404290,2024-04-29,NYN,CHN,1,0
NYN202405100,2024-05-10,NYN,ATL,0,0
NYN202405130,2024-05-13,NYN,PHI,0,0
NYN202405240,2024-05-24,NYN,SFN,1,0
NYN202405281,2024-05-28,NYN,LAN,0,0
NYN202405300,2024-05-30,NYN,ARI,0,0
NYN202406080,2024-06-08,NYN,PHI,1,0
NYN202406110,2024-06-11,NYN,MIA,0,0
NYN202406140,2024-06-14,NYN,SDN,0,0
NYN202406250,2024-06-25,NYN,NYA,1,0
NYN202406280,2024-06-28,NYN,HOU,1,1
NYN202407090,2024-07-09,NYN,WAS,0,0
NYN202407120,2024-07-12,NYN,COL,0,0
NYN202407250,2024-07-25,NYN,ATL,0,0
NYN202407290,2024-07-29,NYN,MIN,0,1
NYN202408130,2024-08-13,NYN,OAK,0,3
NYN202408160,2024-08-16,NYN,MIA,1,0
NYN202408190,2024-08-19,NYN,BAL,2,0
NYN202409020,2024-09-02,NYN,BOS,0,0
NYN202409060,2024-09-06,NYN,CIN,2,0
NYN202409160,2024-09-16,NYN,WAS,0,0
NYN202409190,2024-09-19,NYN,PHI,2,0
OAK202403290,2024-03-29,OAK,CLE,0,3
OAK202404010,2024-04-01,OAK,BOS,0,1
OAK202404120,2024-04-12,OAK,WAS,0,0
OAK202404150,2024-04-15,OAK,SLN,0,1
OAK202404290,2024-04-29,OAK,PIT,1,1
OAK202405030,2024-05-03,OAK,MIA,0,0
OAK202405060,2024-05-06,OAK,TEX,0,0
OAK202405210,2024-05-21,OAK,COL,0,2
OAK202405240,2024-05-24,OAK,HOU,1,0
OAK202406040,2024-06-04,OAK,SEA,0,0
OAK202406070,2024-06-07,OAK,TOR,0,0
OAK202406180,2024-06-18,OAK,KCA,2,0
OAK202406210,2024-06-21,OAK,MIN,1,1
OAK202407020,2024-07-02,OAK,ANA,0,0
OAK202407050,2024-07-05,OAK,BAL,1,1
OAK202407190,2024-07-19,OAK,ANA,0,0
OAK202407220,2024-07-22,OAK,HOU,0,0
OAK202408020,2024-08-02,OAK,LAN,0,2
OAK202408050,2024-08-05,OAK,CHA,1,0
OAK202408170,2024-08-17,OAK,SFN,0,0
OAK202408190,2024-08-19,OAK,TBA,2,0
OAK202408230,2024-08-23,OAK,MIL,1,0
OAK202409020,2024-09-02,OAK,SEA,0,2
OAK202409060,2024-09-06,OAK,DET,0,0
OAK202409200,2024-09-20,OAK,NYA,0,0
OAK202409240,2024-09-24,OAK,TEX,2,1
PHI202403300,2024-03-30,PHI,ATL,3,2
PHI202404010,2024-04-01,PHI,CIN,2,0
PHI202404110,2024-04-11,PHI,PIT,0,0
PHI202404150,2024-04-15,PHI,COL,0,0
PHI202404190,2024-04-19,PHI,CHA,3,0
PHI202405030,2024-05-03,PHI,SFN,0,0
PHI202405070,2024-05-07,PHI,TOR,1,0
PHI202405150,2024-05-15,PHI,NYN,1,1
PHI202405170,2024-05-17,PHI,WAS,1,0
PHI202405210,2024-05-21,PHI,TEX,0,0
PHI202405310,2024-05-31,PHI,SLN,0,0
PHI202406030,2024-06-03,PHI,MIL,0,0
PHI202406090,2024-06-09,PHI,NYN,1,0
PHI202406170,2024-06-17,PHI,SDN,0,0
PHI202406210,2024-06-21,PHI,ARI,0,0
PHI202406270,2024-06-27,PHI,MIA,1,0
PHI202407090,2024-07-09,PHI,LAN,0,0
PHI202407120,2024-07-12,PHI,OAK,0,0
PHI202407260,2024-07-26,PHI,CLE,0,1
PHI202407290,2024-07-29,PHI,NYA,0,1
PHI202408130,2024-08-13,PHI,MIA,0,2
PHI202408150,2024-08-15,PHI,WAS,4,0
PHI202408260,2024-08-26,PHI,HOU,0,0
PHI202408290,2024-08-29,PHI,ATL,0,0
PHI202409090,2024-09-09,PHI,TBA,0,0
PHI202409130,2024-09-13,PHI,NYN,0,0
PHI202409230,2024-09-23,PHI,CHN,0,0
PIT202404050,2024-04-05,PIT,BAL,0,0
PIT202404080,2024-04-08,PIT,DET,0,1
PIT202404190,2024-04-19,PIT,BOS,0,2
PIT202404220,2024-04-22,PIT,MIL,1,0
PIT202405030,2024-05-03,PIT,COL,0,0
PIT202405060,2024-05-06,PIT,ANA,0,0
PIT202405100,2024-05-10,PIT,CHN,2,1
PIT202405210,2024-05-21,PIT,SFN,0,2
PIT202405240,2024-05-24,PIT,ATL,2,0
PIT202406040,2024-06-04,PIT,LAN,0,0
PIT202406070,2024-06-07,PIT,MIN,0,0
PIT202406170,2024-06-17,PIT,CIN,3,1
PIT202406210,2024-06-21,PIT,TBA,0,0
PIT202407020,2024-07-02,PIT,SLN,0,0
PIT202407050,2024-07-05,PIT,NYN,0,0
PIT202407190,2024-07-19,PIT,PHI,3,3
PIT202407220,2024-07-22,PIT,SLN,0,0
PIT202408020,2024-08-02,PIT,ARI,0,5
PIT202408060,2024-08-06,PIT,SDN,0,0
PIT202408160,2024-08-16,PIT,SEA,0,0
PIT202408220,2024-08-22,PIT,CIN,0,0
PIT202408260,2024-08-26,PIT,CHN,0,0
PIT202409050,2024-09-05,PIT,WAS,0,3
PIT202409090,2024-09-09,PIT,MIA,1,0
PIT202409130,2024-09-13,PIT,KCA,0,0
PIT202409240,2024-09-24,PIT,MIL,0,0
SDN202403290,2024-03-29,SDN,SFN,0,3
SDN202404010,2024-04-01,SDN,SLN,0,3
SDN202404080,2024-04-08,SDN,CHN,0,0
SDN202404190,2024-04-19,SDN,TOR,0,1
SDN202404260,2024-04-26,SDN,PHI,0,2
SDN202404290,2024-04-29,SDN,CIN,1,1
SDN202405100,2024-05-10,SDN,LAN,0,0
SDN202405130,2024-05-13,SDN,COL,0,0
SDN202405240,2024-05-24,SDN,NYA,0,1
SDN202405270,2024-05-27,SDN,MIA,0,0
SDN202406060,2024-06-06,SDN,ARI,0,1
SDN202406100,2024-06-10,SDN,OAK,0,0
SDN202406200,2024-06-20,SDN,MIL,4,1
SDN202406240,2024-06-24,SDN,WAS,0,0
SDN202407050,2024-07-05,SDN,ARI,0,2
SDN202407090,2024-07-09,SDN,SEA,0,1
SDN202407120,2024-07-12,SDN,ATL,0,0
SDN202407300,2024-07-30,SDN,LAN,0,5
SDN202408020,2024-08-02,SDN,COL,0,0
SDN202408120,2024-08-12,SDN,PIT,0,0
SDN202408190,2024-08-19,SDN,MIN,2,1
SDN202408220,2024-08-22,SDN,NYN,0,1
SDN202409020,2024-09-02,SDN,DET,0,0
SDN202409060,2024-09-06,SDN,SFN,3,0
SDN202409160,2024-09-16,SDN,HOU,1,0
SDN202409200,2024-09-20,SDN,CHA,0,0
SEA202403290,2024-03-29,SEA,BOS,0,0
SEA202404010,2024-04-01,SEA,CLE,0,0
SEA202404120,2024-04-12,SEA,CHN,0,0
SEA202404150,2024-04-15,SEA,CIN,3,0
SEA202404260,2024-04-26,SEA,ARI,1,0
SEA202404290,2024-04-29,SEA,ATL,0,0
SEA202405100,2024-05-10,SEA,OAK,0,0
SEA202405130,2024-05-13,SEA,KCA,0,0
SEA202405270,2024-05-27,SEA,HOU,3,0
SEA202405310,2024-05-31,SEA,ANA,3,0
SEA202406100,2024-06-10,SEA,CHA,0,0
SEA202406140,2024-06-14,SEA,TEX,2,2
SEA202406280,2024-06-28,SEA,MIN,0,0
SEA202407020,2024-07-02,SEA,BAL,0,0
SEA202407050,2024-07-05,SEA,TOR,0,0
SEA202407190,2024-07-19,SEA,HOU,0,0
SEA202407220,2024-07-22,SEA,ANA,1,0
SEA202408020,2024-08-02,SEA,PHI,1,0
SEA202408060,2024-08-06,SEA,DET,0,0
SEA202408090,2024-08-09,SEA,NYN,0,0
SEA202408230,2024-08-23,SEA,SFN,0,1
SEA202408260,2024-08-26,SEA,TBA,0,0
SEA202409100,2024-09-10,SEA,SDN,1,0
SEA202409120,2024-09-12,SEA,TEX,0,0
SEA202409170,2024-09-17,SEA,NYA,0,2
SEA202409270,2024-09-27,SEA,OAK,0,0
SFN202404050,2024-04-05,SFN,SDN,1,1
SFN202404080,2024-04-08,SFN,WAS,1,0
SFN202404180,2024-04-18,SFN,ARI,0,0
SFN202404220,2024-04-22,SFN,NYN,0,0
SFN202404260,2024-04-26,SFN,PIT,0,0
SFN202405100,2024-05-10,SFN,CIN,1,1
SFN202405130,2024-05-13,SFN,LAN,0,1
SFN202405170,2024-05-17,SFN,COL,1,3
SFN202405270,2024-05-27,SFN,PHI,0,0
SFN202405310,2024-05-31,SFN,NYA,0,0
SFN202406100,2024-06-10,SFN,HOU,0,0
SFN202406140,2024-06-14,SFN,ANA,0,0
SFN202406240,2024-06-24,SFN,CHN,0,0
SFN202406280,2024-06-28,SFN,LAN,0,0
SFN202407090,2024-07-09,SFN,TOR,0,0
SFN202407120,2024-07-12,SFN,MIN,1,0
SFN202407260,2024-07-26,SFN,COL,1,0
SFN202407300,2024-07-30,SFN,OAK,0,0
SFN202408090,2024-08-09,SFN,DET,0,0
SFN202408120,2024-08-12,SFN,ATL,0,0
SFN202408190,2024-08-19,SFN,CHA,0,0
SFN202408300,2024-08-30,SFN,MIA,0,0
SFN202409030,2024-09-03,SFN,ARI,1,3
SFN202409100,2024-09-10,SFN,MIL,1,2
SFN202409130,2024-09-13,SFN,SDN,0,3
SFN202409270,2024-09-27,SFN,SLN,0,1
SLN202404040,2024-04-04,SLN,MIA,0,0
SLN202404080,2024-04-08,SLN,PHI,0,0
SLN202404190,2024-04-19,SLN,MIL,0,0
SLN202404220,2024-04-22,SLN,ARI,0,0
SLN202405030,2024-05-03,SLN,CHA,2,0
SLN202405060,2024-05-06,SLN,NYN,0,1
SLN202405170,2024-05-17,SLN,BOS,2,0
SLN202405200,2024-05-20,SLN,BAL,0,0
SLN202405250,2024-05-25,SLN,CHN,0,0
SLN202406060,2024-06-06,SLN,COL,0,0
SLN202406110,2024-06-11,SLN,PIT,0,0
SLN202406200,2024-06-20,SLN,SFN,3,0
SLN202406240,2024-06-24,SLN,ATL,0,0
SLN202406270,2024-06-27,SLN,CIN,0,1
SLN202407102,2024-07-10,SLN,KCA,0,0
SLN202407120,2024-07-12,SLN,CHN,0,0
SLN202407260,2024-07-26,SLN,WAS,0,0
SLN202407290,2024-07-29,SLN,TEX,0,0
SLN202408050,2024-08-05,SLN,NYN,0,0
SLN202408060,2024-08-06,SLN,TBA,0,2
SLN202408160,2024-08-16,SLN,LAN,0,0
SLN202408200,2024-08-20,SLN,MIL,0,0
SLN202408260,2024-08-26,SLN,SDN,0,2
SLN202409060,2024-09-06,SLN,SEA,0,0
SLN202409100,2024-09-10,SLN,CIN,0,0
SLN202409160,2024-09-16,SLN,PIT,0,0
SLN202409200,2024-09-20,SLN,CLE,0,0
TBA202403290,2024-03-29,TBA,TOR,0,0
TBA202404010,2024-04-01,TBA,TEX,0,3
TBA202404120,2024-04-12,TBA,SFN,0,0
TBA202404150,2024-04-15,TBA,ANA,0,0
TBA202404220,2024-04-22,TBA,DET,0,1
TBA202405030,2024-05-03,TBA,NYN,0,0
TBA202405060,2024-05-06,TBA,CHA,0,0
TBA202405100,2024-05-10,TBA,NYA,0,0
TBA202405200,2024-05-20,TBA,BOS,0,0
TBA202405240,2024-05-24,TBA,KCA,1,0
TBA202405280,2024-05-28,TBA,OAK,0,0
TBA202406070,2024-06-07,TBA,BAL,0,0
TBA202406110,2024-06-11,TBA,CHN,0,0
TBA202406240,2024-06-24,TBA,SEA,0,0
TBA202406280,2024-06-28,TBA,WAS,0,0
TBA202407090,2024-07-09,TBA,NYA,4,1
TBA202407120,2024-07-12,TBA,CLE,0,0
TBA202407260,2024-07-26,TBA,CIN,0,2
TBA202407300,2024-07-30,TBA,MIA,0,2
TBA202408090,2024-08-09,TBA,BAL,0,1
TBA202408120,2024-08-12,TBA,HOU,0,1
TBA202408160,2024-08-16,TBA,ARI,0,2
TBA202408300,2024-08-30,TBA,SDN,0,3
TBA202409020,2024-09-02,TBA,MIN,2,1
TBA202409170,2024-09-17,TBA,BOS,0,0
TBA202409200,2024-09-20,TBA,TOR,0,0
TEX202403300,2024-03-30,TEX,CHN,0,0
TEX202404050,2024-04-05,TEX,HOU,0,0
TEX202404090,2024-04-09,TEX,OAK,1,0
TEX202404230,2024-04-23,TEX,SEA,0,2
TEX202404260,2024-04-26,TEX,CIN,0,0
TEX202404300,2024-04-30,TEX,WAS,0,1
TEX202405130,2024-05-13,TEX,CLE,0,0
TEX202405170,2024-05-17,TEX,ANA,0,0
TEX202405280,2024-05-28,TEX,ARI,0,0
TEX202406030,2024-06-03,TEX,DET,1,0
TEX202406070,2024-06-07,TEX,SFN,0,0
TEX202406170,2024-06-17,TEX,NYN,0,1
TEX202406210,2024-06-21,TEX,KCA,0,0
TEX202407020,2024-07-02,TEX,SDN,2,0
TEX202407050,2024-07-05,TEX,TBA,0,0
TEX202407190,2024-07-19,TEX,BAL,0,4
TEX202407220,2024-07-22,TEX,CHA,0,1
TEX202408020,2024-08-02,TEX,BOS,1,0
TEX202408050,2024-08-05,TEX,HOU,0,0
TEX202408150,2024-08-15,TEX,MIN,2,0
TEX202408190,2024-08-19,TEX,PIT,1,0
TEX202408300,2024-08-30,TEX,OAK,0,1
TEX202409020,2024-09-02,TEX,NYA,0,0
TEX202409050,2024-09-05,TEX,ANA,3,0
TEX202409170,2024-09-17,TEX,TOR,0,2
TEX202409200,2024-09-20,TEX,SEA,0,0
TOR202404080,2024-04-08,TOR,SEA,0,0
TOR202404120,2024-04-12,TOR,COL,1,0
TOR202404150,2024-04-15,TOR,NYA,0,0
TOR202404260,2024-04-26,TOR,LAN,0,1
TOR202404290,2024-04-29,TOR,KCA,2,2
TOR202405100,2024-05-10,TOR,MIN,0,1
TOR202405170,2024-05-17,TOR,TBA,0,0
TOR202405200,2024-05-20,TOR,CHA,0,0
TOR202405310,2024-05-31,TOR,PIT,0,0
TOR202406030,2024-06-03,TOR,BAL,0,0
TOR202406140,2024-06-14,TOR,CLE,0,0
TOR202406170,2024-06-17,TOR,BOS,0,2
TOR202406270,2024-06-27,TOR,NYA,5,0
TOR202407010,2024-07-01,TOR,HOU,0,0
TOR202407190,2024-07-19,TOR,DET,0,0
TOR202407230,2024-07-23,TOR,TBA,0,0
TOR202407260,2024-07-26,TOR,TEX,3,1
TOR202408060,2024-08-06,TOR,BAL,0,0
TOR202408090,2024-08-09,TOR,OAK,1,0
TOR202408190,2024-08-19,TOR,CIN,1,0
TOR202408220,2024-08-22,TOR,ANA,0,0
TOR202409030,2024-09-03,TOR,PHI,6,1
TOR202409090,2024-09-09,TOR,NYN,0,0
TOR202409130,2024-09-13,TOR,SLN,0,2
TOR202409230,2024-09-23,TOR,BOS,0,0
TOR202409270,2024-09-27,TOR,MIA,0,3
WAS202404010,2024-04-01,WAS,PIT,0,0
WAS202404050,2024-04-05,WAS,PHI,0,0
WAS202404190,2024-04-19,WAS,HOU,0,0
WAS202404230,2024-04-23,WAS,LAN,0,0
WAS202405030,2024-05-03,WAS,TOR,0,0
WAS202405070,2024-05-07,WAS,BAL,0,0
WAS202405200,2024-05-20,WAS,MIN,0,0
WAS202405240,2024-05-24,WAS,SEA,0,1
WAS202406030,2024-06-03,WAS,NYN,0,0
WAS202406060,2024-06-06,WAS,ATL,0,0
WAS202406140,2024-06-14,WAS,MIA,0,0
WAS202406180,2024-06-18,WAS,ARI,0,2
WAS202407010,2024-07-01,WAS,NYN,0,0
WAS202407050,2024-07-05,WAS,SLN,2,0
WAS202407190,2024-07-19,WAS,CIN,0,0
WAS202407230,2024-07-23,WAS,SDN,0,0
WAS202408020,2024-08-02,WAS,MIL,0,0
WAS202408050,2024-08-05,WAS,SFN,0,1
WAS202408090,2024-08-09,WAS,ANA,1,0
WAS202408200,2024-08-20,WAS,COL,0,1
WAS202408260,2024-08-26,WAS,NYA,0,1
WAS202408300,2024-08-30,WAS,CHN,2,0
WAS202409100,2024-09-10,WAS,ATL,0,0
WAS202409120,2024-09-12,WAS,MIA,3,0
WAS202409240,2024-09-24,WAS,KCA,0,0
WAS202409270,2024-09-27,WAS,PHI,4,0
