game_id,hometeam,visteam,home_first_inning_runs,visiting_first_inning_runs,home_pitcher,away_pitcher,wp,lp,winner
BOS192804110,BOS,WS1,0,0,,D,marbf101,russj103,WS1
BOS192804130,BOS,WS1,0,0,,D,zacht101,wilth101,WS1
BOS192804140,BOS,WS1,0,0,,D,,,WS1
BOS192804160,BOS,NYA,0,0,,D,pipgg101,macfd101,NYA
BOS192804180,BOS,NYA,2,3,,D,hoytw101,bradh102,NYA
BOS192804191,BOS,NYA,0,0,,D,harrs101,moorw101,BOS
BOS192804192,BOS,NYA,0,0,,D,pennh101,wilth101,NYA
BOS192804300,BOS,PHA,1,0,,D,walbr101,ruffr101,PHA
BOS192805010,BOS,PHA,0,0,,D,grovl101,settm101,PHA
BOS192805030,BOS,PHA,1,0,,D,morre102,orwoo101,BOS
BOS192805040,BOS,CLE,0,2,,D,macfd101,hudlw101,BOS
BOS192805050,BOS,CLE,0,1,,D,shauj101,ruffr101,CLE
BOS192805070,BOS,CLE,0,0,,D,millj109,harrs101,CLE
BOS192805080,BOS,CHA,0,0,,D,morre102,conns101,BOS
BOS192805100,BOS,CHA,0,0,,D,blant101,macfd101,CHA
BOS192805110,BOS,CHA,0,0,,D,ruffr101,adkig101,BOS
BOS192805120,BOS,SLA,0,0,,D,russj103,stewl101,BOS
BOS192805140,BOS,SLA,0,0,,D,morre102,grays102,BOS
BOS192805150,BOS,SLA,0,0,,D,ruffr101,ogdej101,BOS
BOS192805160,BOS,DET,2,0,,D,harrs101,sorrv101,BOS
BOS192805250,BOS,WS1,1,0,,D,ruffr101,liseh101,BOS
BOS192805280,BOS,WS1,0,0,,D,zacht101,morre102,WS1
BOS192805290,BOS,PHA,0,3,,D,romme101,russj103,PHA
BOS192805301,BOS,PHA,0,3,,D,ehmkh101,ruffr101,PHA
BOS192805302,BOS,PHA,0,1,,D,quinj102,harrs101,PHA
BOS192806271,BOS,WS1,0,0,,D,ruffr101,burkb102,BOS
BOS192806281,BOS,WS1,1,1,,D,jones104,settm101,WS1
BOS192806301,BOS,NYA,0,0,,D,sheaa101,russj103,NYA
BOS192806302,BOS,NYA,2,2,,D,coves101,ruffr101,NYA
BOS192807071,BOS,DET,0,2,,D,stonl101,harrs101,DET
BOS192807091,BOS,DET,0,0,,D,russj103,white102,BOS
BOS192807092,BOS,DET,2,0,,D,morre102,carro101,BOS
BOS192807100,BOS,SLA,0,0,,D,coffd101,ruffr101,SLA
BOS192807110,BOS,SLA,0,0,,D,harrs101,stewl101,BOS
BOS192807120,BOS,SLA,0,0,,D,crowg102,macfd101,SLA
BOS192807141,BOS,CHA,0,0,,D,thomt103,russj103,CHA
BOS192807142,BOS,CHA,2,0,,D,walse102,morre102,CHA
BOS192807161,BOS,CHA,0,0,,D,faber101,ruffr101,CHA
BOS192807162,BOS,CHA,1,0,,D,blant101,harrs101,CHA
BOS192807170,BOS,CHA,6,2,,D,macfd101,adkig101,BOS
BOS192807180,BOS,CLE,0,1,,D,hudlw101,morre102,CLE
BOS192807190,BOS,CLE,0,0,,D,morre102,shauj101,BOS
BOS192807211,BOS,CLE,0,0,,D,ruffr101,grang101,BOS
BOS192807212,BOS,CLE,0,0,,D,baynb101,harrs101,CLE
BOS192807230,BOS,NYA,2,0,,D,macfd101,sheaa101,BOS
BOS192807240,BOS,NYA,3,0,,D,moorw101,russj103,NYA
BOS192808090,BOS,NYA,1,0,,D,heimf101,morre102,NYA
BOS192808100,BOS,NYA,0,0,,D,pipgg101,ruffr101,NYA
BOS192808110,BOS,NYA,0,0,,D,hoytw101,macfd101,NYA
BOS192808130,BOS,CLE,2,0,,D,morre102,grang101,BOS
BOS192808140,BOS,CLE,1,2,,D,uhleg101,ruffr101,CLE
BOS192808150,BOS,CLE,0,0,,D,shauj101,grifm102,CLE
BOS192808160,BOS,CLE,1,2,,D,hudlw101,ruffr101,CLE
BOS192808170,BOS,CHA,0,0,,D,russj103,lyont102,BOS
BOS192808180,BOS,CHA,1,0,,D,morre102,thomt103,BOS
BOS192808200,BOS,CHA,0,1,,D,faber101,ruffr101,CHA
BOS192808210,BOS,DET,0,0,,D,vange101,harrs101,DET
BOS192808221,BOS,DET,1,0,,D,gibss101,macfd101,DET
BOS192808240,BOS,DET,0,0,,D,ruffr101,stonl101,BOS
BOS192808250,BOS,SLA,0,0,,D,morre102,grays102,BOS
BOS192808271,BOS,SLA,1,0,,D,crowg102,harrs101,SLA
BOS192808272,BOS,SLA,0,0,,D,ogdej101,macfd101,SLA
BOS192808280,BOS,SLA,0,0,,D,grays102,ruffr101,SLA
BOS192808290,BOS,SLA,0,0,,D,stewl101,morre102,SLA
BOS192809071,BOS,PHA,0,0,,D,grovl101,ruffr101,PHA
BOS192809072,BOS,PHA,1,3,,D,romme101,macfd101,PHA
BOS192809081,BOS,PHA,0,0,,D,orwoo101,morre102,PHA
BOS192809082,BOS,PHA,0,0,,D,earng101,russj103,PHA
BRO192804110,BRO,PHI,0,0,,D,ringj101,pettj103,PHI
BRO192804130,BRO,PHI,1,0,,D,vancd101,bengr101,BRO
BRO192804150,BRO,BSN,0,0,,D,clarw101,brane101,BRO
BRO192804160,BRO,BSN,0,0,,D,delaa101,pettj103,BSN
BRO192804180,BRO,BSN,0,0,,D,vancd101,wertj101,BRO
BRO192804240,BRO,PHI,4,3,,D,pettj103,ringj101,BRO
BRO192804250,BRO,PHI,0,0,,D,ehrhr101,sweel101,BRO
BRO192804291,BRO,PHI,0,0,,D,mcwed101,sweel101,BRO
BRO192804292,BRO,PHI,3,0,,D,clarw101,ringj101,BRO
BRO192805130,BRO,PIT,0,0,,D,clarw101,grimb101,BRO
BRO192805200,BRO,PHI,0,0,,D,clarw101,sweel101,BRO
BRO192805220,BRO,NY1,0,0,,D,faulj101,vancd101,NY1
BRO192805231,BRO,NY1,1,0,,D,mcwed101,henrd101,BRO
BRO192805232,BRO,NY1,0,0,,D,bentl101,ellij103,NY1
BRO192805240,BRO,NY1,2,0,,D,pettj103,fitzf101,BRO
BRO192805250,BRO,BSN,2,0,,D,clarw101,genej101,BRO
BRO192805260,BRO,BSN,0,0,,D,vancd101,greek101,BRO
BRO192805271,BRO,BSN,0,1,,D,brane101,mcwed101,BSN
BRO192805272,BRO,BSN,0,0,,D,ellij103,smitb110,BRO
BRO192805290,BRO,NY1,0,0,,D,fitzf101,pettj103,NY1
BRO192805301,BRO,NY1,0,2,,D,faulj101,doakb101,NY1
BRO192805302,BRO,NY1,0,1,,D,,,NY1
BRO192806030,BRO,PIT,0,0,,D,grimb101,pettj103,PIT
BRO192806060,BRO,CIN,3,0,,D,mcwed101,kolpr101,BRO
BRO192806070,BRO,CIN,0,0,,D,doakb101,donop102,BRO
BRO192806080,BRO,CIN,2,1,,D,applp101,vancd101,CIN
BRO192806090,BRO,CIN,0,0,,D,pettj103,rixee101,BRO
BRO192806100,BRO,SLN,0,0,,D,hainj101,clarw101,SLN
BRO192806110,BRO,CHN,0,0,,D,bushg101,mcwed101,CHN
BRO192806120,BRO,CHN,0,0,,D,ellij103,rootc101,BRO
BRO192806130,BRO,CHN,0,1,,D,vancd101,malop103,BRO
BRO192806140,BRO,CHN,0,0,,D,nehfa101,pettj103,CHN
BRO192806150,BRO,SLN,0,0,,D,johns101,clarw101,SLN
BRO192806160,BRO,SLN,0,1,,D,sherb101,ellij103,SLN
BRO192806170,BRO,CHN,2,0,,D,vancd101,rootc101,BRO
BRO192806240,BRO,NY1,0,0,,D,pettj103,faulj101,BRO
BRO192806301,BRO,PHI,1,0,,D,prueh101,vancd101,PHI
BRO192806302,BRO,PHI,2,0,,D,pettj103,willc102,BRO
BRO192807010,BRO,BSN,4,0,,D,greek101,clarw101,BSN
BRO192807221,BRO,PIT,1,0,,D,vancd101,grimb101,BRO
BRO192807222,BRO,PIT,0,3,,D,kremr101,clarw101,PIT
BRO192807230,BRO,PIT,0,0,,D,fussf101,mcwed101,PIT
BRO192807240,BRO,SLN,0,0,,D,sherb101,pettj103,SLN
BRO192807250,BRO,SLN,0,0,,D,ellij103,reina102,BRO
BRO192807260,BRO,SLN,0,0,,D,alexg102,pettj103,SLN
BRO192807270,BRO,SLN,0,0,,D,vancd101,mitcc102,BRO
BRO192807280,BRO,CIN,0,0,,D,luqud101,doakb101,CIN
BRO192807290,BRO,CIN,0,0,,D,may-j102,ellij103,CIN
BRO192807300,BRO,CIN,0,0,,D,pettj103,rixee101,BRO
BRO192807310,BRO,CIN,0,0,,D,vancd101,may-j102,BRO
BRO192808020,BRO,CHN,0,0,,D,carlh101,mcwed101,CHN
BRO192808030,BRO,CHN,0,0,,D,nehfa101,ellij103,CHN
BRO192808040,BRO,CHN,0,5,,D,malop103,clarw101,CHN
BRO192808050,BRO,CHN,3,0,,D,vancd101,jonep101,BRO
BRO192808071,BRO,PIT,1,0,,D,grimb101,mcwed101,PIT
BRO192808072,BRO,PIT,0,0,,D,hillc102,ellij103,PIT
BRO192808080,BRO,PIT,0,0,,D,kremr101,mcwed101,PIT
BRO192808100,BRO,BSN,0,0,,D,vancd101,brane101,BRO
BRO192808110,BRO,BSN,1,0,,D,greek101,clarw101,BSN
BRO192808120,BRO,BSN,0,0,,D,pettj103,coonj101,BRO
BRO192808260,BRO,NY1,0,0,,D,ellij103,hubbc101,BRO
BRO192809081,BRO,NY1,0,0,,D,hubbc101,mcwed101,NY1
BRO192809082,BRO,NY1,3,0,,D,pettj103,faulj101,BRO
BRO192809090,BRO,NY1,0,0,,D,vancd101,bentl101,BRO
BRO192809160,BRO,CIN,0,0,,D,luqud101,mossr101,CIN
BRO192809170,BRO,CIN,0,0,,D,ellij103,donop102,BRO
BRO192809180,BRO,CIN,0,1,,D,rixee101,mcwed101,CIN
BRO192809210,BRO,CHN,1,1,,D,vancd101,nehfa101,BRO
BRO192809220,BRO,CHN,0,0,,D,mcwed101,rootc101,BRO
BRO192809230,BRO,SLN,0,2,,D,hainj101,pettj103,SLN
BRO192809240,BRO,SLN,1,0,,D,alexg102,ellij103,SLN
BRO192809250,BRO,SLN,0,0,,D,sherb101,clarw101,SLN
BRO192809260,BRO,SLN,2,1,,D,vancd101,mitcc102,BRO
BRO192809271,BRO,PIT,0,1,,D,pettj103,grimb101,BRO
BRO192809272,BRO,PIT,0,0,,D,koupl101,blanh101,BRO
BSN192804210,BSN,NY1,1,0,,D,barnv101,robec101,NY1
BSN192804260,BSN,BRO,0,0,,D,brane101,vancd101,BSN
BSN192804270,BSN,BRO,0,0,,D,ellij103,greek101,BRO
BSN192805220,BSN,PHI,0,0,,D,brane101,walsa102,BSN
BSN192806010,BSN,CIN,0,0,,D,kolpr101,genej101,CIN
BSN192806020,BSN,CIN,4,4,,D,donop102,delaa101,CIN
BSN192806040,BSN,CIN,1,1,,D,genej101,rixee101,BSN
BSN192806070,BSN,PIT,2,1,,D,burwb101,smitb110,PIT
BSN192806080,BSN,PIT,2,0,,D,brane101,kremr101,BSN
BSN192806091,BSN,PIT,0,0,,D,grimb101,genej101,PIT
BSN192806092,BSN,PIT,0,4,,D,miljj101,robec101,PIT
BSN192806110,BSN,SLN,0,0,,D,alexg102,greek101,SLN
BSN192806120,BSN,SLN,0,3,,D,franf101,smitb110,SLN
BSN192806130,BSN,SLN,0,0,,D,rhemf101,brane101,SLN
BSN192806140,BSN,SLN,0,1,,D,hainj101,genej101,SLN
BSN192806150,BSN,CHN,0,0,,D,jonep101,delaa101,CHN
BSN192806160,BSN,CHN,0,2,,D,blaks101,brane101,CHN
BSN192806181,BSN,CHN,1,0,,D,barnv101,bushg101,BSN
BSN192806182,BSN,CHN,0,5,,D,malop103,greek101,CHN
BSN192806211,BSN,NY1,1,3,,D,fitzf101,coonj101,NY1
BSN192806212,BSN,NY1,2,0,,D,delaa101,bentl101,BSN
BSN192806231,BSN,BRO,0,0,,D,vancd101,brane101,BRO
BSN192806232,BSN,BRO,0,0,,D,clarw101,barnv101,BRO
BSN192806250,BSN,BRO,0,2,,D,mcwed101,cantb102,BRO
BSN192806261,BSN,BRO,0,0,,D,clarw101,delaa101,BRO
BSN192806262,BSN,BRO,0,1,,D,vancd101,brane101,BRO
BSN192807021,BSN,PHI,1,0,,D,delaa101,bengr101,BSN
BSN192807031,BSN,PHI,0,0,,D,walsa102,hollb102,PHI
BSN192807250,BSN,CHN,0,0,,D,brane101,malop103,BSN
BSN192807260,BSN,CHN,3,1,,D,smitb110,rootc101,BSN
BSN192807270,BSN,CHN,0,0,,D,blaks101,delaa101,CHN
BSN192807301,BSN,PIT,0,0,,D,kremr101,brane101,PIT
BSN192807302,BSN,PIT,1,2,,D,grimb101,barnv101,PIT
BSN192807310,BSN,PIT,5,0,,D,smitb110,meadl101,BSN
BSN192808020,BSN,SLN,0,3,,D,rhemf101,delaa101,SLN
BSN192808030,BSN,SLN,0,1,,D,sherb101,barnv101,SLN
BSN192808041,BSN,SLN,0,0,,D,hainj101,brane101,SLN
BSN192808042,BSN,SLN,0,0,,D,smitb110,alexg102,BSN
BSN192808081,BSN,CIN,0,0,,D,delaa101,luqud101,BSN
BSN192808082,BSN,CIN,0,0,,D,smitb110,rixee101,BSN
BSN192808300,BSN,PHI,0,0,,D,delaa101,ferga101,BSN
BSN192808311,BSN,PHI,0,1,,D,baece101,greek101,PHI
BSN192809011,BSN,PHI,1,0,,D,smitb110,walsa102,BSN
BSN192809041,BSN,BRO,0,2,,D,vancd101,coonj101,BRO
BSN192809042,BSN,BRO,1,0,,D,pettj103,delaa101,BRO
BSN192809051,BSN,BRO,3,1,,D,brane101,doakb101,BSN
BSN192809052,BSN,BRO,0,0,,D,smitb110,ellij103,BSN
BSN192809101,BSN,NY1,0,0,,D,fitzf101,smitb110,NY1
BSN192809102,BSN,NY1,0,0,,D,genej101,delaa101,NY1
BSN192809111,BSN,NY1,0,1,,D,scotj101,cantb102,NY1
BSN192809112,BSN,NY1,1,0,,D,hubbc101,coonj101,NY1
BSN192809131,BSN,NY1,0,2,,D,bentl101,brane101,NY1
BSN192809132,BSN,NY1,3,0,,D,faulj101,delaa101,NY1
BSN192809141,BSN,NY1,1,5,,D,fitzf101,smitb110,NY1
BSN192809142,BSN,NY1,0,0,,D,scotj101,smitb110,NY1
BSN192809151,BSN,CHN,4,0,,D,cantb102,rootc101,BSN
BSN192809152,BSN,CHN,1,3,,D,bushg101,brane101,CHN
BSN192809170,BSN,CHN,0,0,,D,malop103,delaa101,CHN
BSN192809180,BSN,CHN,2,0,,D,blaks101,coonj101,CHN
BSN192809222,BSN,CIN,0,1,,D,coonj101,beckj101,BSN
BSN192809241,BSN,PIT,0,0,,D,dawsj101,delaa101,PIT
BSN192809270,BSN,SLN,1,6,,D,hainj101,brane101,SLN
BSN192809280,BSN,SLN,2,0,,D,johns101,smitb110,SLN
BSN192809290,BSN,SLN,0,3,,D,sherb101,delaa101,SLN
CHA192804110,CHA,CLE,0,0,,D,uhleg101,lyont102,CLE
CHA192804120,CHA,CLE,0,1,,D,shauj101,thomt103,CLE
CHA192804130,CHA,CLE,0,0,,D,,,CLE
CHA192804150,CHA,SLA,1,0,,D,grays102,cox-g102,SLA
CHA192804160,CHA,SLA,0,0,,D,thomt103,coffd101,CHA
CHA192804170,CHA,SLA,2,2,,D,lyont102,stewl101,CHA
CHA192804300,CHA,DET,1,0,,D,faber101,white102,CHA
CHA192805010,CHA,DET,0,2,,D,billj102,blant101,DET
CHA192805020,CHA,DET,0,1,,D,carro101,conns101,DET
CHA192805220,CHA,CLE,1,0,,D,blant101,uhleg101,CHA
CHA192805230,CHA,CLE,1,0,,D,lyont102,browj110,CHA
CHA192805240,CHA,DET,0,0,,D,carro101,thomt103,DET
CHA192805250,CHA,DET,0,0,,D,faber101,hollk101,CHA
CHA192805270,CHA,DET,2,0,,D,lyont102,vange101,CHA
CHA192806020,CHA,PHA,0,0,,D,grovl101,blant101,PHA
CHA192806030,CHA,PHA,0,0,,D,thomt103,earng101,CHA
CHA192806040,CHA,PHA,0,1,,D,walbr101,faber101,PHA
CHA192806070,CHA,WS1,0,1,,D,marbf101,lyont102,WS1
CHA192806090,CHA,WS1,1,0,,D,zacht101,adkig101,WS1
CHA192806100,CHA,NYA,1,0,,D,lyont102,sheaa101,CHA
CHA192806110,CHA,NYA,0,0,,D,blant101,pennh101,CHA
CHA192806120,CHA,NYA,0,2,,D,pipgg101,adkig101,NYA
CHA192806130,CHA,NYA,0,4,,D,hoytw101,lyont102,NYA
CHA192806140,CHA,BOS,1,0,,D,faber101,ruffr101,CHA
CHA192806150,CHA,BOS,0,0,,D,macfd101,thomt103,BOS
CHA192806160,CHA,BOS,1,0,,D,morre102,blant101,BOS
CHA192806280,CHA,CLE,1,0,,D,blant101,uhleg101,CHA
CHA192806290,CHA,CLE,0,0,,D,grang101,conns101,CLE
CHA192806301,CHA,CLE,1,0,,D,shauj101,lyont102,CLE
CHA192806302,CHA,CLE,3,0,,D,thomt103,levsd101,CHA
CHA192807010,CHA,CLE,0,0,,D,hudlw101,adkig101,CLE
CHA192807021,CHA,SLA,0,1,,D,blant101,grays102,CHA
CHA192807022,CHA,SLA,4,0,,D,conns101,blaeg101,CHA
CHA192807030,CHA,SLA,1,0,,D,adkig101,ogdej101,CHA
CHA192807252,CHA,PHA,0,0,,D,bushj102,blant101,PHA
CHA192807260,CHA,PHA,1,0,,D,grovl101,thomt103,PHA
CHA192807270,CHA,PHA,4,0,,D,romme101,walse102,PHA
CHA192807281,CHA,WS1,0,0,,D,marbf101,faber101,WS1
CHA192807282,CHA,WS1,0,0,,D,burkb102,blant101,WS1
CHA192807292,CHA,WS1,0,0,,D,adkig101,hadlb101,CHA
CHA192807300,CHA,WS1,0,0,,D,thomt103,braxg101,CHA
CHA192807310,CHA,WS1,1,1,,D,blant101,gastm101,CHA
CHA192808011,CHA,BOS,0,0,,D,faber101,harrs101,CHA
CHA192808012,CHA,BOS,1,0,,D,walse102,grifm102,CHA
CHA192808020,CHA,BOS,1,0,,D,lyont102,macfd101,CHA
CHA192808030,CHA,BOS,0,0,,D,morre102,thomt103,BOS
CHA192808040,CHA,NYA,0,3,,D,pipgg101,adkig101,NYA
CHA192808050,CHA,NYA,1,0,,D,walse102,johnh101,CHA
CHA192808060,CHA,NYA,1,0,,D,adkig101,pipgg101,CHA
CHA192808070,CHA,NYA,0,5,,D,pennh101,lyont102,NYA
CHA192808100,CHA,SLA,3,0,,D,blant101,stewl101,CHA
CHA192808110,CHA,SLA,0,0,,D,grays102,thomt103,SLA
CHA192809010,CHA,CLE,0,0,,D,miljj101,faber101,CLE
CHA192809020,CHA,CLE,0,0,,D,thomt103,millj109,CHA
CHA192809031,CHA,DET,0,1,,D,adkig101,sorrv101,CHA
CHA192809041,CHA,DET,1,0,,D,lyont102,vange101,CHA
CHA192809042,CHA,DET,0,1,,D,faber101,hollk101,CHA
CHA192809050,CHA,DET,0,0,,D,stonl101,walse102,DET
CHA192809150,CHA,BOS,1,0,,D,cox-g102,ruffr101,CHA
CHA192809170,CHA,BOS,0,0,,D,russj103,lyont102,BOS
CHA192809200,CHA,NYA,0,0,,D,faber101,hoytw101,CHA
CHA192809210,CHA,NYA,0,0,,D,zacht101,adkig101,NYA
CHA192809220,CHA,NYA,0,0,,D,thomt103,johnh101,CHA
CHA192809240,CHA,WS1,2,0,,D,braxg101,adkig101,WS1
CHA192809250,CHA,WS1,0,0,,D,jones104,faber101,WS1
CHA192809270,CHA,PHA,0,0,,D,grovl101,thomt103,PHA
CHA192809280,CHA,PHA,2,1,,D,walbr101,cox-g102,PHA
CHA192809290,CHA,PHA,0,0,,D,earng101,walse102,PHA
CHA192809300,CHA,PHA,0,0,,D,weilb101,yerkc101,CHA
CHN192804180,CHN,CIN,0,1,,D,lucar102,malop103,CIN
CHN192804190,CHN,CIN,3,0,,D,blaks101,luqud101,CHN
CHN192804200,CHN,CIN,0,0,,D,rixee101,rootc101,CIN
CHN192804210,CHN,CIN,0,0,,D,bushg101,lucar102,CHN
CHN192804220,CHN,PIT,0,1,,D,jonep101,miljj101,CHN
CHN192804230,CHN,PIT,0,2,,D,kremr101,malop103,PIT
CHN192804240,CHN,PIT,1,0,,D,blaks101,dawsj101,CHN
CHN192804250,CHN,PIT,0,2,,D,grimb101,rootc101,PIT
CHN192804270,CHN,SLN,0,0,,D,hainj101,bushg101,SLN
CHN192804280,CHN,SLN,0,1,,D,rhemf101,jonep101,SLN
CHN192805050,CHN,PHI,1,0,,D,rootc101,ringj101,CHN
CHN192805070,CHN,PHI,0,1,,D,bushg101,walsa102,CHN
CHN192805080,CHN,BRO,0,1,,D,jonep101,pettj103,CHN
CHN192805090,CHN,BRO,0,0,,D,rootc101,mcwed101,CHN
CHN192805110,CHN,BRO,0,0,,D,nehfa101,vancd101,CHN
CHN192805120,CHN,NY1,0,0,,D,malop103,bentl101,CHN
CHN192805130,CHN,NY1,2,0,,D,blaks101,chapt101,CHN
CHN192805140,CHN,NY1,1,0,,D,rootc101,fitzf101,CHN
CHN192805150,CHN,NY1,1,3,,D,jonep101,barnv101,CHN
CHN192805170,CHN,BSN,0,0,,D,malop103,genej101,CHN
CHN192805180,CHN,BSN,0,0,,D,nehfa101,brane101,CHN
CHN192805190,CHN,BSN,0,1,,D,rootc101,robec101,CHN
CHN192805200,CHN,BSN,1,1,,D,smitb110,bushg101,BSN
CHN192805270,CHN,PIT,0,0,,D,blaks101,hillc102,CHN
CHN192805280,CHN,CIN,0,0,,D,donop102,bushg101,CIN
CHN192805290,CHN,CIN,0,0,,D,jonep101,edwaj102,CHN
CHN192805301,CHN,CIN,0,0,,D,rixee101,rootc101,CIN
CHN192805302,CHN,CIN,0,0,,D,may-j102,malop103,CIN
CHN192806200,CHN,SLN,0,0,,D,hainj101,jonep101,SLN
CHN192806211,CHN,SLN,0,0,,D,blaks101,mitcc102,CHN
CHN192806212,CHN,SLN,1,4,,D,johns101,rootc101,SLN
CHN192806220,CHN,SLN,1,2,,D,sherb101,malop103,SLN
CHN192806230,CHN,SLN,0,0,,D,bushg101,rhemf101,CHN
CHN192806240,CHN,PIT,0,0,,D,nehfa101,kremr101,CHN
CHN192806261,CHN,PIT,0,0,,D,grimb101,blaks101,PIT
CHN192806262,CHN,PIT,0,3,,D,bushg101,miljj101,CHN
CHN192807060,CHN,BRO,0,0,,D,jonep101,pettj103,CHN
CHN192807071,CHN,BRO,0,0,,D,mcwed101,blaks101,BRO
CHN192807072,CHN,BRO,2,0,,D,nehfa101,ellij103,CHN
CHN192807090,CHN,BRO,0,0,,D,vancd101,malop103,BRO
CHN192807100,CHN,BSN,0,1,,D,bushg101,smitb110,CHN
CHN192807110,CHN,BSN,0,0,,D,blaks101,delaa101,CHN
CHN192807120,CHN,BSN,0,1,,D,rootc101,barnv101,CHN
CHN192807141,CHN,PHI,5,0,,D,malop103,ferga101,CHN
CHN192807142,CHN,PHI,2,0,,D,nehfa101,sweel101,CHN
CHN192807160,CHN,PHI,0,0,,D,blaks101,millr113,CHN
CHN192807170,CHN,PHI,0,0,,D,rootc101,ringj101,CHN
CHN192807200,CHN,NY1,1,0,,D,faulj101,malop103,NY1
CHN192807211,CHN,NY1,0,0,,D,jonep101,fitzf101,CHN
CHN192807212,CHN,NY1,0,0,,D,bushg101,faulj101,CHN
CHN192807220,CHN,NY1,2,0,,D,rootc101,aldrv101,CHN
CHN192808140,CHN,NY1,0,0,,D,bentl101,rootc101,NY1
CHN192808150,CHN,NY1,1,2,,D,blaks101,faulj101,CHN
CHN192808160,CHN,NY1,3,0,,D,nehfa101,aldrv101,CHN
CHN192808170,CHN,BRO,0,0,,D,mcwed101,blaks101,BRO
CHN192808180,CHN,BRO,1,0,,D,malop103,pettj103,CHN
CHN192808190,CHN,BRO,1,2,,D,rootc101,doakb101,CHN
CHN192808200,CHN,PHI,0,0,,D,ferga101,jonep101,PHI
CHN192808210,CHN,PHI,0,0,,D,willc102,blaks101,PHI
CHN192808220,CHN,PHI,0,0,,D,nehfa101,mcgrb101,CHN
CHN192808241,CHN,BSN,0,0,,D,malop103,delaa101,CHN
CHN192808242,CHN,BSN,0,0,,D,rootc101,smitb110,CHN
CHN192808250,CHN,BSN,0,0,,D,jonep101,brane101,CHN
CHN192808270,CHN,SLN,0,0,,D,rhemf101,blaks101,SLN
CHN192808280,CHN,SLN,0,0,,D,mitcc102,malop103,SLN
CHN192809020,CHN,PIT,0,2,,D,malop103,grimb101,CHN
CHN192809070,CHN,CIN,0,0,,D,rootc101,lucar102,CHN
CHN192809080,CHN,CIN,0,0,,D,malop103,rixee101,CHN
CHN192809090,CHN,CIN,0,0,,D,bushg101,kolpr101,CHN
CHN192809100,CHN,PIT,0,0,,D,grimb101,nehfa101,PIT
CHN192809110,CHN,PIT,4,0,,D,malop103,hillc102,CHN
CHN192809130,CHN,SLN,0,0,,D,blaks101,mitcc102,CHN
CIN192804110,CIN,CHN,0,0,,D,luqud101,rootc101,CIN
CIN192804120,CIN,CHN,0,1,,D,edwaj102,malop103,CIN
CIN192804130,CIN,CHN,0,0,,D,nehfa101,kolpr101,CHN
CIN192804140,CIN,PIT,0,0,,D,lucar102,miljj101,CIN
CIN192804150,CIN,PIT,0,1,,D,dawsj101,luqud101,PIT
CIN192804160,CIN,PIT,0,3,,D,grimb101,rixee101,PIT
CIN192804230,CIN,SLN,0,0,,D,luqud101,sherb101,CIN
CIN192804240,CIN,SLN,0,1,,D,alexg102,rixee101,SLN
CIN192804250,CIN,SLN,0,0,,D,lucar102,reina102,CIN
CIN192804290,CIN,PIT,0,0,,D,rixee101,kremr101,CIN
CIN192805040,CIN,NY1,0,1,,D,faulj101,luqud101,NY1
CIN192805050,CIN,NY1,1,0,,D,rixee101,henrd101,CIN
CIN192805060,CIN,NY1,0,0,,D,lucar102,faulj101,CIN
CIN192805070,CIN,NY1,0,0,,D,bentl101,maysc101,NY1
CIN192805080,CIN,BSN,0,0,,D,kolpr101,brane101,CIN
CIN192805090,CIN,BSN,0,0,,D,rixee101,genej101,CIN
CIN192805100,CIN,BSN,0,2,,D,delaa101,applp101,BSN
CIN192805110,CIN,BSN,0,0,,D,lucar102,smitb110,CIN
CIN192805120,CIN,PHI,0,0,,D,kolpr101,millr113,CIN
CIN192805130,CIN,PHI,6,3,,D,maysc101,walsa102,CIN
CIN192805140,CIN,PHI,0,4,,D,luqud101,ferga101,CIN
CIN192805150,CIN,PHI,1,1,,D,willc102,lucar102,PHI
CIN192805170,CIN,BRO,1,0,,D,vancd101,rixee101,BRO
CIN192805180,CIN,BRO,2,2,,D,applp101,ellij103,CIN
CIN192805190,CIN,BRO,0,0,,D,mcwed101,luqud101,BRO
CIN192805200,CIN,PIT,1,2,,D,lucar102,grimb101,CIN
CIN192805211,CIN,PIT,0,0,,D,rixee101,dawsj101,CIN
CIN192805212,CIN,PIT,2,0,,D,fussf101,may-j102,PIT
CIN192805220,CIN,PIT,1,1,,D,maysc101,kremr101,CIN
CIN192805230,CIN,PIT,1,1,,D,luqud101,hillc102,CIN
CIN192806170,CIN,SLN,1,5,,D,alexg102,may-j102,SLN
CIN192806180,CIN,SLN,0,0,,D,kolpr101,haidh101,CIN
CIN192806190,CIN,SLN,0,0,,D,alexg102,donop102,SLN
CIN192806240,CIN,SLN,0,0,,D,alexg102,may-j102,SLN
CIN192806250,CIN,SLN,0,0,,D,hainj101,rixee101,SLN
CIN192806290,CIN,CHN,1,0,,D,luqud101,rootc101,CIN
CIN192806300,CIN,CHN,0,0,,D,malop103,donop102,CHN
CIN192807010,CIN,CHN,0,0,,D,rixee101,blaks101,CIN
CIN192807020,CIN,CHN,0,0,,D,nehfa101,kolpr101,CHN
CIN192807070,CIN,PHI,0,1,,D,donop102,bengr101,CIN
CIN192807080,CIN,PHI,0,0,,D,lucar102,mcgrb101,CIN
CIN192807090,CIN,PHI,0,0,,D,kolpr101,ferga101,CIN
CIN192807100,CIN,BRO,3,0,,D,donop102,mcwed101,CIN
CIN192807110,CIN,BRO,2,0,,D,doakb101,applp101,BRO
CIN192807120,CIN,BRO,0,0,,D,,,BRO
CIN192807140,CIN,NY1,2,0,,D,bentl101,rixee101,NY1
CIN192807150,CIN,NY1,0,1,,D,fitzf101,lucar102,NY1
CIN192807160,CIN,NY1,1,0,,D,genej101,donop102,NY1
CIN192807170,CIN,NY1,4,2,,D,luqud101,walkb101,CIN
CIN192807181,CIN,BRO,2,0,,D,rixee101,mossr101,CIN
CIN192807182,CIN,BRO,0,0,,D,kolpr101,ehrhr101,CIN
CIN192807190,CIN,BSN,0,2,,D,delaa101,applp101,BSN
CIN192807200,CIN,BSN,0,1,,D,lucar102,barnv101,CIN
CIN192807210,CIN,BSN,0,0,,D,donop102,smitb110,CIN
CIN192807220,CIN,BSN,0,3,,D,luqud101,delaa101,CIN
CIN192808120,CIN,PHI,0,0,,D,rixee101,millr113,CIN
CIN192808140,CIN,PHI,0,0,,D,bengr101,luqud101,PHI
CIN192808150,CIN,PHI,0,0,,D,kolpr101,ringj101,CIN
CIN192808160,CIN,PHI,0,2,,D,millj110,lucar102,PHI
CIN192808170,CIN,BSN,0,0,,D,rixee101,greek101,CIN
CIN192808180,CIN,BSN,0,0,,D,coonj101,lucar102,BSN
CIN192808190,CIN,BSN,0,3,,D,kolpr101,palme102,CIN
CIN192808200,CIN,NY1,1,0,,D,genej101,rixee101,NY1
CIN192808210,CIN,NY1,0,0,,D,lucar102,fitzf101,CIN
CIN192808220,CIN,NY1,0,0,,D,luqud101,aldrv101,CIN
CIN192808231,CIN,BRO,0,0,,D,kolpr101,doakb101,CIN
CIN192808232,CIN,BRO,0,0,,D,ash-k101,mossr101,CIN
CIN192808251,CIN,BRO,0,0,,D,vancd101,donop102,BRO
CIN192808252,CIN,BRO,0,4,,D,rixee101,mcwed101,CIN
CIN192808260,CIN,PIT,0,0,,D,lucar102,brame101,CIN
CIN192808270,CIN,PIT,0,2,,D,fussf101,luqud101,PIT
CIN192808300,CIN,CHN,0,0,,D,rootc101,rixee101,CHN
CIN192808310,CIN,CHN,0,0,,D,nehfa101,lucar102,CHN
CIN192809010,CIN,CHN,0,1,,D,blaks101,kolpr101,CHN
CIN192809020,CIN,SLN,2,0,,D,franf101,donop102,SLN
CIN192809031,CIN,SLN,2,0,,D,ash-k101,sherb101,CIN
CIN192809032,CIN,SLN,1,0,,D,luqud101,rhemf101,CIN
CIN192809300,CIN,CHN,0,0,,D,jonep101,rixee101,CHN
CLE192804180,CLE,CHA,2,0,,D,shauj101,adkig101,CLE
CLE192804190,CLE,CHA,0,0,,D,hudlw101,barnc101,CLE
CLE192804200,CLE,CHA,0,3,,D,thomt103,millj109,CHA
CLE192804260,CLE,DET,0,0,,D,grang101,sorrv101,CLE
CLE192804270,CLE,DET,0,5,,D,uhleg101,billj102,CLE
CLE192804280,CLE,DET,0,1,,D,shauj101,carro101,CLE
CLE192804290,CLE,DET,0,0,,D,vange101,hardm101,DET
CLE192804300,CLE,SLA,0,0,,D,blaeg101,buckg101,SLA
CLE192805010,CLE,SLA,0,0,,D,shauj101,beckb104,CLE
CLE192805020,CLE,SLA,0,1,,D,grays102,uhleg101,SLA
CLE192805130,CLE,PHA,0,0,,D,uhleg101,romme101,CLE
CLE192805240,CLE,SLA,0,0,,D,grays102,hudlw101,SLA
CLE192805250,CLE,SLA,0,0,,D,uhleg101,coffd101,CLE
CLE192805260,CLE,SLA,1,2,,D,grang101,ogdej101,CLE
CLE192805270,CLE,SLA,0,0,,D,blaeg101,uhleg101,SLA
CLE192805301,CLE,DET,0,0,,D,white102,millj109,DET
CLE192805302,CLE,DET,1,3,,D,carro101,levsd101,DET
CLE192805310,CLE,DET,0,0,,D,gibss101,shauj101,DET
CLE192806010,CLE,DET,0,3,,D,billj102,uhleg101,DET
CLE192806020,CLE,BOS,2,0,,D,grang101,morre102,CLE
CLE192806030,CLE,BOS,0,0,,D,ruffr101,hudlw101,BOS
CLE192806060,CLE,NYA,0,0,,D,pennh101,uhleg101,NYA
CLE192806070,CLE,NYA,0,0,,D,pipgg101,shauj101,NYA
CLE192806090,CLE,NYA,0,0,,D,hoytw101,millj109,NYA
CLE192806100,CLE,WS1,1,1,,D,liseh101,hudlw101,WS1
CLE192806110,CLE,WS1,0,1,,D,marbf101,buckg101,WS1
CLE192806120,CLE,WS1,2,0,,D,jones104,baynb101,WS1
CLE192806130,CLE,WS1,2,0,,D,shauj101,liseh101,CLE
CLE192806140,CLE,PHA,1,2,,D,orwoo101,baynb101,PHA
CLE192806150,CLE,PHA,1,5,,D,grovl101,buckg101,PHA
CLE192806160,CLE,PHA,1,0,,D,uhleg101,earng101,CLE
CLE192806170,CLE,PHA,0,0,,D,ehmkh101,shauj101,PHA
CLE192806201,CLE,CHA,0,0,,D,lyont102,levsd101,CHA
CLE192806202,CLE,CHA,1,0,,D,grang101,faber101,CLE
CLE192806211,CLE,CHA,0,0,,D,hudlw101,thomt103,CLE
CLE192806212,CLE,CHA,1,0,,D,conns101,shauj101,CHA
CLE192806220,CLE,CHA,0,0,,D,blant101,uhleg101,CHA
CLE192807220,CLE,SLA,1,0,,D,grays102,hudlw101,SLA
CLE192807230,CLE,SLA,0,3,,D,blaeg101,uhleg101,SLA
CLE192807251,CLE,BOS,0,0,,D,millj109,morre102,CLE
CLE192807252,CLE,BOS,4,0,,D,shauj101,simmp101,CLE
CLE192807261,CLE,BOS,0,0,,D,baynb101,ruffr101,CLE
CLE192807262,CLE,BOS,0,0,,D,grang101,harrs101,CLE
CLE192807281,CLE,NYA,2,0,,D,pennh101,uhleg101,NYA
CLE192807282,CLE,NYA,2,0,,D,hudlw101,sheaa101,CLE
CLE192807290,CLE,NYA,8,1,,D,shauj101,pipgg101,CLE
CLE192807300,CLE,NYA,1,0,,D,millj109,pipgg101,CLE
CLE192807310,CLE,NYA,1,1,,D,moorw101,grang101,NYA
CLE192808010,CLE,PHA,0,0,,D,ehmkh101,hudlw101,PHA
CLE192808020,CLE,PHA,0,1,,D,earng101,uhleg101,PHA
CLE192808030,CLE,PHA,2,3,,D,shauj101,walbr101,CLE
CLE192808040,CLE,WS1,0,1,,D,grang101,braxg101,CLE
CLE192808061,CLE,WS1,4,1,,D,millj109,gastm101,CLE
CLE192808062,CLE,WS1,0,2,,D,hadlb101,miljj101,WS1
CLE192808070,CLE,WS1,0,1,,D,jones104,uhleg101,WS1
CLE192808100,CLE,DET,1,3,,D,hollk101,hudlw101,DET
CLE192808110,CLE,DET,0,1,,D,sorrv101,shauj101,DET
CLE192809060,CLE,CHA,1,2,,D,thomt103,miljj101,CHA
CLE192809080,CLE,CHA,1,0,,D,adkig101,undew101,CHA
CLE192809100,CLE,SLA,1,1,,D,blaeg101,shauj101,SLA
CLE192809110,CLE,SLA,0,1,,D,wilth101,grang101,SLA
CLE192809150,CLE,PHA,0,0,,D,quinj102,hudlw101,PHA
CLE192809160,CLE,PHA,0,0,,D,grovl101,shauj101,PHA
CLE192809180,CLE,PHA,0,0,,D,millj109,walbr101,CLE
CLE192809211,CLE,WS1,0,0,,D,braxg101,undew101,WS1
CLE192809220,CLE,WS1,0,0,,D,hadlb101,ferrw101,WS1
CLE192809230,CLE,NYA,0,0,,D,hoytw101,shauj101,NYA
CLE192809240,CLE,NYA,0,0,,D,millj109,pipgg101,CLE
CLE192809250,CLE,NYA,0,6,,D,zacht101,grang101,NYA
CLE192809290,CLE,BOS,0,0,,D,harrs101,browc103,BOS
DET192804110,DET,SLA,1,0,,D,grays102,billj102,SLA
DET192804120,DET,SLA,0,0,,D,ogdej101,carro101,SLA
DET192804130,DET,SLA,3,1,,D,nevee101,vange101,SLA
DET192804140,DET,CLE,0,3,,D,hudlw101,stonl101,CLE
DET192804150,DET,CLE,0,1,,D,billj102,buckg101,DET
DET192804160,DET,CLE,0,0,,D,uhleg101,white102,CLE
DET192804170,DET,CLE,0,1,,D,grang101,gibss101,CLE
DET192804230,DET,CHA,0,0,,D,carro101,conns101,DET
DET192804240,DET,CHA,2,0,,D,thomt103,hollk101,CHA
DET192804250,DET,CHA,0,0,,D,white102,adkig101,DET
DET192805060,DET,BOS,1,0,,D,billj102,settm101,DET
DET192805200,DET,CHA,0,0,,D,vange101,lyont102,DET
DET192805220,DET,SLA,4,0,,D,sorrv101,ogdej101,DET
DET192805230,DET,SLA,0,0,,D,blaeg101,billj102,SLA
DET192806020,DET,NYA,0,0,,D,pipgg101,vange101,NYA
DET192806100,DET,PHA,1,1,,D,sorrv101,quinj102,DET
DET192806110,DET,PHA,0,1,,D,orwoo101,gibss101,PHA
DET192806120,DET,PHA,0,0,,D,ehmkh101,carro101,PHA
DET192806130,DET,PHA,1,0,,D,quinj102,billj102,PHA
DET192806140,DET,WS1,0,0,,D,zacht101,white102,WS1
DET192806150,DET,WS1,0,0,,D,marbf101,stonl101,WS1
DET192806160,DET,WS1,2,0,,D,carro101,hadlb101,DET
DET192806230,DET,CHA,0,0,,D,faber101,gibss101,CHA
DET192806250,DET,CHA,3,0,,D,thomt103,white102,CHA
DET192806260,DET,CHA,0,2,,D,adkig101,hollk101,CHA
DET192806280,DET,SLA,0,0,,D,grays102,smitg102,SLA
DET192806301,DET,SLA,0,0,,D,carro101,ogdej101,DET
DET192806302,DET,SLA,1,0,,D,stewl101,billj102,SLA
DET192807020,DET,CLE,0,1,,D,white102,uhleg101,DET
DET192807030,DET,CLE,0,0,,D,hudlw101,hollk101,CLE
DET192807041,DET,CLE,3,0,,D,carro101,shauj101,DET
DET192807042,DET,CLE,0,0,,D,millj109,billj102,CLE
DET192807251,DET,NYA,0,0,,D,vange101,pipgg101,DET
DET192807252,DET,NYA,3,2,,D,smitg102,johnh101,DET
DET192807261,DET,NYA,0,0,,D,hoytw101,sorrv101,NYA
DET192807262,DET,NYA,6,2,,D,white102,moorw101,DET
DET192807281,DET,BOS,0,0,,D,carro101,grifm102,DET
DET192807282,DET,BOS,0,0,,D,white102,macfd101,DET
DET192807290,DET,BOS,0,0,,D,russj103,stonl101,BOS
DET192807300,DET,BOS,1,0,,D,hollk101,morre102,DET
DET192808010,DET,WS1,7,0,,D,white102,zacht101,DET
DET192808030,DET,WS1,0,1,,D,jones104,stonl101,WS1
DET192808040,DET,PHA,1,2,,D,quinj102,hollk101,PHA
DET192808050,DET,PHA,0,0,,D,grovl101,sorrv101,PHA
DET192808060,DET,PHA,0,0,,D,white102,earng101,DET
DET192808070,DET,PHA,0,0,,D,carro101,walbr101,DET
DET192809080,DET,SLA,0,0,,D,white102,grays102,DET
DET192809090,DET,SLA,2,0,,D,crowg102,carro101,SLA
DET192809100,DET,CHA,2,1,,D,faber101,gibss101,CHA
DET192809110,DET,CHA,0,2,,D,carro101,thomt103,DET
DET192809160,DET,WS1,0,1,,D,jones104,sorrv101,WS1
DET192809170,DET,WS1,1,1,,D,marbf101,carro101,WS1
DET192809180,DET,WS1,1,0,,D,pagep101,hadlb101,DET
DET192809200,DET,PHA,0,0,,D,quinj102,white102,PHA
DET192809210,DET,PHA,0,1,,D,vange101,grovl101,DET
DET192809220,DET,PHA,4,0,,D,sorrv101,walbr101,DET
DET192809230,DET,BOS,1,0,,D,pagep101,russj103,DET
DET192809271,DET,NYA,1,1,,D,hoytw101,carro101,NYA
DET192809272,DET,NYA,0,2,,D,johnh101,sorrv101,NYA
DET192809280,DET,NYA,1,4,,D,pipgg101,gibss101,NYA
DET192809290,DET,NYA,6,0,,D,vange101,zacht101,DET
DET192809300,DET,NYA,0,0,,D,hoytw101,sorrv101,NYA
NY1192804110,NY1,BSN,0,0,,D,bentl101,smitb110,NY1
NY1192804130,NY1,BSN,0,2,,D,cantb102,genej101,NY1
NY1192804150,NY1,PHI,0,0,,D,henrd101,ringj101,NY1
NY1192804160,NY1,PHI,2,0,,D,mcgrb101,walkb101,PHI
NY1192804180,NY1,PHI,2,0,,D,bentl101,walsa102,NY1
NY1192804190,NY1,BSN,0,0,,D,brane101,faulj101,BSN
NY1192804291,NY1,BSN,0,0,,D,genej101,barnv101,BSN
NY1192804292,NY1,BSN,0,3,,D,faulj101,brane101,NY1
NY1192804300,NY1,BRO,2,0,,D,henrd101,pettj103,NY1
NY1192805010,NY1,BRO,0,0,,D,fitzf101,vancd101,NY1
NY1192805020,NY1,BRO,1,0,,D,bentl101,ellij103,NY1
NY1192805250,NY1,PHI,0,1,,D,aldrv101,millr113,NY1
NY1192805260,NY1,PHI,0,1,,D,sweel101,walkb101,PHI
NY1192805271,NY1,PHI,0,0,,D,bentl101,bengr101,NY1
NY1192805272,NY1,PHI,0,0,,D,barnv101,prueh101,NY1
NY1192806010,NY1,BRO,0,0,,D,bentl101,ellij103,NY1
NY1192806020,NY1,BRO,1,1,,D,pettj103,walkb101,BRO
NY1192806030,NY1,CHN,1,0,,D,fitzf101,nehfa101,NY1
NY1192806060,NY1,SLN,3,0,,D,mitcc102,faulj101,SLN
NY1192806070,NY1,SLN,2,0,,D,bentl101,rhemf101,NY1
NY1192806080,NY1,SLN,0,2,,D,sherb101,barnv101,SLN
NY1192806090,NY1,SLN,0,0,,D,fitzf101,reina102,NY1
NY1192806100,NY1,CIN,0,0,,D,may-j102,henrd101,CIN
NY1192806110,NY1,CIN,0,0,,D,rixee101,chapt101,CIN
NY1192806120,NY1,CIN,0,0,,D,bentl101,donop102,NY1
NY1192806130,NY1,CIN,0,1,,D,rixee101,henrd101,CIN
NY1192806140,NY1,PIT,1,0,,D,miljj101,fitzf101,PIT
NY1192806150,NY1,PIT,5,0,,D,aldrv101,hillc102,NY1
NY1192806160,NY1,PIT,0,0,,D,bentl101,kremr101,NY1
NY1192806170,NY1,PIT,0,2,,D,grimb101,henrd101,PIT
NY1192806270,NY1,PHI,2,2,,D,faulj101,sweel101,NY1
NY1192806280,NY1,PHI,0,0,,D,genej101,bengr101,NY1
NY1192806301,NY1,BSN,0,0,,D,fitzf101,delaa101,NY1
NY1192806302,NY1,BSN,0,1,,D,bentl101,barnv101,NY1
NY1192807030,NY1,BRO,5,0,,D,fitzf101,pettj103,NY1
NY1192807041,NY1,BRO,1,0,,D,vancd101,walkb101,BRO
NY1192807240,NY1,PIT,0,0,,D,bentl101,dawsj101,NY1
NY1192807250,NY1,PIT,0,0,,D,walkb101,hillc102,NY1
NY1192807260,NY1,PIT,0,0,,D,grimb101,hubbc101,PIT
NY1192807270,NY1,PIT,0,0,,D,fitzf101,fussf101,NY1
NY1192807280,NY1,CHN,0,0,,D,genej101,nehfa101,NY1
NY1192807291,NY1,CHN,1,0,,D,bentl101,jonep101,NY1
NY1192807292,NY1,CHN,0,1,,D,bushg101,aldrv101,CHN
NY1192807300,NY1,CHN,0,0,,D,faulj101,malop103,NY1
NY1192807311,NY1,CHN,0,0,,D,hubbc101,blaks101,NY1
NY1192807312,NY1,CHN,0,0,,D,rootc101,walkb101,CHN
NY1192808020,NY1,CIN,0,1,,D,genej101,lucar102,NY1
NY1192808030,NY1,CIN,0,2,,D,fitzf101,may-j102,NY1
NY1192808041,NY1,CIN,0,0,,D,aldrv101,rixee101,NY1
NY1192808042,NY1,CIN,0,0,,D,genej101,lucar102,NY1
NY1192808050,NY1,SLN,0,3,,D,mitcc102,hubbc101,SLN
NY1192808070,NY1,SLN,2,0,,D,bentl101,rhemf101,NY1
NY1192808080,NY1,SLN,0,0,,D,genej101,sherb101,NY1
NY1192808100,NY1,PHI,3,0,,D,fitzf101,mcgrb101,NY1
NY1192808110,NY1,PHI,0,0,,D,hubbc101,millj110,NY1
NY1192808281,NY1,BSN,2,0,,D,smitb110,bentl101,BSN
NY1192808282,NY1,BSN,2,0,,D,coonj101,genej101,BSN
NY1192808290,NY1,BSN,1,1,,D,cantb102,aldrv101,BSN
NY1192808310,NY1,BRO,0,0,,D,vancd101,hubbc101,BRO
NY1192809010,NY1,BRO,0,0,,D,fitzf101,pettj103,NY1
NY1192809020,NY1,BSN,3,0,,D,bentl101,cantb102,NY1
NY1192809150,NY1,BRO,0,2,,D,fitzf101,mcwed101,NY1
NY1192809160,NY1,PIT,0,0,,D,fussf101,bentl101,PIT
NY1192809170,NY1,PIT,0,0,,D,hubbc101,brame101,NY1
NY1192809180,NY1,PIT,0,0,,D,fitzf101,dawsj101,NY1
NY1192809201,NY1,SLN,0,0,,D,sherb101,bentl101,SLN
NY1192809202,NY1,SLN,0,1,,D,hubbc101,alexg102,NY1
NY1192809220,NY1,SLN,2,0,,D,hubbc101,sherb101,NY1
NY1192809230,NY1,CIN,0,0,,D,genej101,luqud101,NY1
NY1192809240,NY1,CIN,2,0,,D,bentl101,kolpr101,NY1
NY1192809250,NY1,CIN,0,1,,D,scotj101,rixee101,NY1
NY1192809271,NY1,CHN,0,0,,D,nehfa101,hubbc101,CHN
NY1192809272,NY1,CHN,0,0,,D,genej101,rootc101,NY1
NY1192809280,NY1,CHN,0,0,,D,bushg101,bentl101,CHN
NY1192809290,NY1,CHN,0,2,,D,blaks101,fitzf101,CHN
NY1192809300,NY1,SLN,2,0,,D,hubbc101,franf101,NY1
NYA192804200,NYA,PHA,0,0,,D,grovl101,moorw101,PHA
NYA192804210,NYA,PHA,0,1,,D,walbr101,johnh101,PHA
NYA192804240,NYA,WS1,2,0,,D,pennh101,liseh101,NYA
NYA192804250,NYA,WS1,3,0,,D,pipgg101,marbf101,NYA
NYA192804260,NYA,BOS,0,0,,D,sheaa101,macfd101,NYA
NYA192805040,NYA,CHA,5,0,,D,pennh101,thomt103,NYA
NYA192805050,NYA,CHA,3,0,,D,pipgg101,blant101,NYA
NYA192805060,NYA,CHA,2,0,,D,coves101,faber101,NYA
NYA192805070,NYA,CHA,1,1,,D,sheaa101,thomt103,NYA
NYA192805080,NYA,CLE,0,0,,D,uhleg101,pennh101,CLE
NYA192805100,NYA,CLE,0,0,,D,pipgg101,hudlw101,NYA
NYA192805110,NYA,CLE,0,0,,D,sheaa101,uhleg101,NYA
NYA192805120,NYA,DET,1,0,,D,sheaa101,stonl101,NYA
NYA192805130,NYA,DET,4,0,,D,pennh101,gibss101,NYA
NYA192805140,NYA,DET,4,2,,D,pipgg101,sullc101,NYA
NYA192805150,NYA,DET,0,1,,D,hoytw101,white102,NYA
NYA192805170,NYA,SLA,0,0,,D,coves101,wilth101,NYA
NYA192805200,NYA,SLA,0,0,,D,pipgg101,grays102,NYA
NYA192805211,NYA,BOS,0,0,,D,morre102,sheaa101,BOS
NYA192805212,NYA,BOS,0,0,,D,hoytw101,ruffr101,NYA
NYA192805220,NYA,BOS,0,0,,D,coves101,harrs101,NYA
NYA192805230,NYA,BOS,1,0,,D,johnh101,russj103,NYA
NYA192805291,NYA,WS1,0,0,,D,pipgg101,jones104,NYA
NYA192805292,NYA,WS1,0,0,,D,hoytw101,gastm101,NYA
NYA192805300,NYA,WS1,0,0,,D,braxg101,sheaa101,WS1
NYA192805310,NYA,WS1,0,0,,D,pennh101,hadlb101,NYA
NYA192806201,NYA,PHA,0,0,,D,quinj102,pennh101,PHA
NYA192806202,NYA,PHA,0,1,,D,pipgg101,orwoo101,NYA
NYA192806210,NYA,PHA,0,0,,D,johnh101,grovl101,NYA
NYA192806231,NYA,BOS,0,1,,D,morre102,hoytw101,BOS
NYA192806240,NYA,BOS,2,0,,D,pipgg101,russj103,NYA
NYA192807011,NYA,PHA,0,3,,D,johnh101,bushj102,NYA
NYA192807012,NYA,PHA,1,0,,D,hoytw101,earng101,NYA
NYA192807071,NYA,SLA,0,0,,D,pipgg101,coffd101,NYA
NYA192807072,NYA,SLA,0,0,,D,hoytw101,stewl101,NYA
NYA192807081,NYA,SLA,0,0,,D,crowg102,campa102,SLA
NYA192807091,NYA,SLA,0,0,,D,pennh101,wilth101,NYA
NYA192807092,NYA,SLA,3,0,,D,ogdej101,coves101,SLA
NYA192807111,NYA,DET,2,0,,D,hollk101,pipgg101,DET
NYA192807112,NYA,DET,1,0,,D,hoytw101,billj102,NYA
NYA192807120,NYA,DET,0,0,,D,stonl101,johnh101,DET
NYA192807151,NYA,CLE,1,0,,D,pennh101,shauj101,NYA
NYA192807152,NYA,CLE,2,0,,D,thomm101,grang101,NYA
NYA192807161,NYA,CLE,0,0,,D,pipgg101,baynb101,NYA
NYA192807162,NYA,CLE,1,0,,D,johnh101,hudlw101,NYA
NYA192807170,NYA,CLE,2,0,,D,sheaa101,uhleg101,NYA
NYA192807180,NYA,CHA,4,1,,D,moorw101,lyont102,NYA
NYA192807190,NYA,CHA,2,1,,D,pennh101,thomt103,NYA
NYA192807210,NYA,CHA,0,0,,D,pipgg101,walse102,NYA
NYA192807220,NYA,CHA,3,0,,D,faber101,moorw101,CHA
NYA192808120,NYA,BOS,0,0,,D,pennh101,russj103,NYA
NYA192808140,NYA,CHA,1,0,,D,adkig101,heimf101,CHA
NYA192808150,NYA,CHA,0,0,,D,faber101,pipgg101,CHA
NYA192808160,NYA,CHA,2,0,,D,hoytw101,blant101,NYA
NYA192808180,NYA,CLE,3,0,,D,pipgg101,millj109,NYA
NYA192808191,NYA,CLE,0,0,,D,hudlw101,heimf101,CLE
NYA192808192,NYA,CLE,3,0,,D,johnh101,uhleg101,NYA
NYA192808210,NYA,SLA,0,0,,D,hoytw101,grays102,NYA
NYA192808241,NYA,SLA,0,0,,D,crowg102,pipgg101,SLA
NYA192808242,NYA,SLA,0,2,,D,blaeg101,heimf101,SLA
NYA192808251,NYA,DET,0,0,,D,sorrv101,johnh101,DET
NYA192808252,NYA,DET,0,0,,D,hoytw101,vange101,NYA
NYA192808271,NYA,DET,0,0,,D,zacht101,white102,NYA
NYA192808272,NYA,DET,2,0,,D,pipgg101,carro101,NYA
NYA192809031,NYA,BOS,1,0,,D,hoytw101,morre102,NYA
NYA192809032,NYA,BOS,1,0,,D,russj103,johnh101,BOS
NYA192809051,NYA,WS1,0,0,,D,jones104,pipgg101,WS1
NYA192809052,NYA,WS1,2,0,,D,heimf101,burkb102,NYA
NYA192809071,NYA,WS1,0,0,,D,hadlb101,zacht101,WS1
NYA192809072,NYA,WS1,1,0,,D,marbf101,hoytw101,WS1
NYA192809080,NYA,WS1,0,0,,D,johnh101,braxg101,NYA
NYA192809091,NYA,PHA,0,0,,D,pipgg101,quinj102,NYA
NYA192809092,NYA,PHA,1,0,,D,hoytw101,romme101,NYA
NYA192809110,NYA,PHA,0,2,,D,johnh101,grovl101,NYA
NYA192809120,NYA,PHA,0,0,,D,orwoo101,hoytw101,PHA
PHA192804110,PHA,NYA,0,0,,D,pennh101,grovl101,NYA
PHA192804130,PHA,NYA,0,0,,D,moorw101,romme101,NYA
PHA192804160,PHA,WS1,0,1,,D,liseh101,walbr101,WS1
PHA192804180,PHA,WS1,0,1,,D,zacht101,quinj102,WS1
PHA192804240,PHA,BOS,0,0,,D,orwoo101,bradh102,PHA
PHA192804250,PHA,BOS,0,0,,D,grovl101,morre102,PHA
PHA192805040,PHA,DET,0,0,,D,quinj102,white102,PHA
PHA192805050,PHA,DET,1,0,,D,walbr101,vange101,PHA
PHA192805070,PHA,DET,0,0,,D,grovl101,carro101,PHA
PHA192805080,PHA,SLA,0,0,,D,romme101,ogdej101,PHA
PHA192805100,PHA,SLA,0,0,,D,quinj102,blaeg101,PHA
PHA192805110,PHA,SLA,0,0,,D,walbr101,grays102,PHA
PHA192805120,PHA,CLE,0,0,,D,millj109,orwoo101,CLE
PHA192805140,PHA,CLE,0,0,,D,grovl101,baynb101,PHA
PHA192805150,PHA,CLE,1,0,,D,quinj102,shauj101,PHA
PHA192805160,PHA,CLE,0,0,,D,walbr101,millj109,PHA
PHA192805170,PHA,CHA,0,0,,D,thomt103,orwoo101,CHA
PHA192805190,PHA,CHA,1,0,,D,grovl101,faber101,PHA
PHA192805211,PHA,WS1,0,0,,D,quinj102,zacht101,PHA
PHA192805212,PHA,WS1,1,0,,D,walbr101,hadlb101,PHA
PHA192805220,PHA,WS1,0,1,,D,powei101,marbf101,PHA
PHA192805230,PHA,WS1,0,0,,D,shorb102,gastm101,PHA
PHA192805241,PHA,NYA,0,0,,D,sheaa101,grovl101,NYA
PHA192805242,PHA,NYA,0,0,,D,orwoo101,pipgg101,PHA
PHA192805251,PHA,NYA,0,1,,D,pennh101,ehmkh101,NYA
PHA192805252,PHA,NYA,0,3,,D,hoytw101,walbr101,NYA
PHA192805260,PHA,NYA,0,2,,D,coves101,quinj102,NYA
PHA192805280,PHA,NYA,0,0,,D,johnh101,grovl101,NYA
PHA192806270,PHA,NYA,1,3,,D,johnh101,grovl101,NYA
PHA192806280,PHA,NYA,0,3,,D,pipgg101,walbr101,NYA
PHA192806290,PHA,NYA,1,0,,D,ehmkh101,pennh101,PHA
PHA192806300,PHA,WS1,0,0,,D,quinj102,browl101,PHA
PHA192807021,PHA,BOS,1,0,,D,grovl101,settm101,PHA
PHA192807022,PHA,BOS,0,1,,D,macfd101,walbr101,BOS
PHA192807030,PHA,BOS,0,0,,D,bushj102,russj103,PHA
PHA192807041,PHA,BOS,1,0,,D,romme101,ruffr101,PHA
PHA192807042,PHA,BOS,0,3,,D,quinj102,morre102,PHA
PHA192807050,PHA,BOS,0,0,,D,earng101,bradh102,PHA
PHA192807071,PHA,CLE,0,0,,D,hudlw101,walbr101,CLE
PHA192807072,PHA,CLE,1,0,,D,romme101,uhleg101,PHA
PHA192807090,PHA,CLE,1,0,,D,quinj102,grang101,PHA
PHA192807111,PHA,CHA,3,0,,D,grovl101,blant101,PHA
PHA192807112,PHA,CHA,0,0,,D,faber101,earng101,CHA
PHA192807121,PHA,CHA,0,0,,D,lyont102,walbr101,CHA
PHA192807122,PHA,CHA,2,1,,D,romme101,adkig101,PHA
PHA192807161,PHA,DET,1,0,,D,quinj102,sorrv101,PHA
PHA192807162,PHA,DET,0,0,,D,vange101,walbr101,DET
PHA192807170,PHA,DET,1,1,,D,grovl101,hollk101,PHA
PHA192807180,PHA,DET,1,0,,D,ehmkh101,gibss101,PHA
PHA192807191,PHA,SLA,2,0,,D,walbr101,grays102,PHA
PHA192807192,PHA,SLA,0,0,,D,romme101,blaeg101,PHA
PHA192807200,PHA,SLA,0,0,,D,earng101,crowg102,PHA
PHA192807211,PHA,SLA,0,0,,D,grovl101,ogdej101,PHA
PHA192807212,PHA,SLA,0,2,,D,quinj102,stewl101,PHA
PHA192807230,PHA,WS1,0,3,,D,gastm101,romme101,WS1
PHA192808090,PHA,WS1,0,0,,D,ehmkh101,braxg101,PHA
PHA192808100,PHA,WS1,1,0,,D,quinj102,gastm101,PHA
PHA192808110,PHA,WS1,0,1,,D,grovl101,hadlb101,PHA
PHA192808130,PHA,DET,2,0,,D,grovl101,carro101,PHA
PHA192808140,PHA,DET,0,1,,D,vange101,ehmkh101,DET
PHA192808150,PHA,DET,0,0,,D,gibss101,quinj102,DET
PHA192808160,PHA,DET,0,0,,D,earng101,sorrv101,PHA
PHA192808181,PHA,SLA,0,0,,D,grovl101,crowg102,PHA
PHA192808182,PHA,SLA,0,0,,D,blaeg101,walbr101,SLA
PHA192808200,PHA,SLA,0,0,,D,ogdej101,ehmkh101,SLA
PHA192808210,PHA,CLE,6,0,,D,quinj102,baynb101,PHA
PHA192808220,PHA,CLE,0,0,,D,romme101,miljj101,PHA
PHA192808230,PHA,CLE,1,0,,D,grovl101,millj109,PHA
PHA192808240,PHA,CLE,0,0,,D,walbr101,shauj101,PHA
PHA192808251,PHA,CHA,0,0,,D,lyont102,ehmkh101,CHA
PHA192808252,PHA,CHA,1,0,,D,romme101,faber101,PHA
PHA192808281,PHA,CHA,0,0,,D,grovl101,thomt103,PHA
PHA192808282,PHA,CHA,0,3,,D,romme101,adkig101,PHA
PHA192808290,PHA,CHA,1,0,,D,walbr101,lyont102,PHA
PHA192808300,PHA,BOS,0,0,,D,russj103,ehmkh101,BOS
PHA192808310,PHA,BOS,0,1,,D,walbr101,macfd101,PHA
PHA192809010,PHA,BOS,1,1,,D,grovl101,ruffr101,PHA
PHI192804190,PHI,BRO,1,0,,D,ringj101,ellij103,PHI
PHI192804200,PHI,BRO,0,1,,D,mcwed101,ferga101,BRO
PHI192804260,PHI,NY1,1,0,,D,walsa102,bentl101,PHI
PHI192804300,PHI,BSN,0,1,,D,robec101,ferga101,BSN
PHI192805020,PHI,BSN,0,0,,D,bengr101,wertj101,PHI
PHI192805290,PHI,BSN,0,4,,D,robec101,walsa102,BSN
PHI192806010,PHI,SLN,0,0,,D,reina102,prueh101,SLN
PHI192806020,PHI,SLN,2,0,,D,sherb101,sweel101,SLN
PHI192806060,PHI,CHN,0,0,,D,malop103,millr113,CHN
PHI192806070,PHI,CHN,0,0,,D,bengr101,rootc101,PHI
PHI192806080,PHI,CHN,3,0,,D,mcgrb101,blaks101,PHI
PHI192806090,PHI,CHN,2,1,,D,carlh101,millr113,CHN
PHI192806110,PHI,PIT,1,0,,D,ringj101,hillc102,PHI
PHI192806120,PHI,PIT,3,4,,D,kremr101,millr113,PIT
PHI192806130,PHI,PIT,0,0,,D,sweel101,grimb101,PHI
PHI192806150,PHI,CIN,3,0,,D,walsa102,donop102,PHI
PHI192806161,PHI,CIN,1,0,,D,willc102,applp101,PHI
PHI192806162,PHI,CIN,0,0,,D,ferga101,kolpr101,PHI
PHI192806180,PHI,BRO,1,0,,D,pettj103,ringj101,BRO
PHI192806190,PHI,BRO,5,1,,D,ferga101,ellij103,PHI
PHI192806200,PHI,BRO,2,0,,D,prueh101,ellij103,PHI
PHI192806231,PHI,NY1,0,0,,D,bengr101,genej101,PHI
PHI192806232,PHI,NY1,0,0,,D,aldrv101,ferga101,NY1
PHI192806251,PHI,NY1,0,3,,D,bentl101,walsa102,NY1
PHI192806252,PHI,NY1,0,0,,D,walkb101,prueh101,NY1
PHI192806260,PHI,NY1,0,0,,D,fitzf101,ringj101,NY1
PHI192807240,PHI,CIN,0,0,,D,rixee101,bengr101,CIN
PHI192807251,PHI,CIN,1,1,,D,kolpr101,sweel101,CIN
PHI192807252,PHI,CIN,1,0,,D,mcgrb101,luqud101,PHI
PHI192807260,PHI,CIN,0,0,,D,rixee101,millr113,CIN
PHI192807270,PHI,CIN,0,2,,D,donop102,ringj101,CIN
PHI192807281,PHI,SLN,2,1,,D,sherb101,mcgrb101,SLN
PHI192807282,PHI,SLN,1,4,,D,rhemf101,sweel101,SLN
PHI192807300,PHI,SLN,3,2,,D,mcgrb101,hainj101,PHI
PHI192807310,PHI,SLN,1,1,,D,alexg102,prueh101,SLN
PHI192808061,PHI,CHN,2,0,,D,mcgrb101,blaks101,PHI
PHI192808062,PHI,CHN,0,0,,D,ferga101,rootc101,PHI
PHI192809031,PHI,NY1,0,4,,D,scotj101,ferga101,NY1
PHI192809032,PHI,NY1,1,2,,D,genej101,baece101,NY1
PHI192809041,PHI,NY1,0,0,,D,hubbc101,ringj101,NY1
PHI192809042,PHI,NY1,2,2,,D,bengr101,scotj101,PHI
PHI192809050,PHI,NY1,2,2,,D,bentl101,willc102,NY1
PHI192809081,PHI,BSN,4,0,,D,mcgrb101,clarb102,PHI
PHI192809101,PHI,BRO,0,1,,D,mcgrb101,doakb101,PHI
PHI192809102,PHI,BRO,0,0,,D,clarw101,ringj101,BRO
PHI192809111,PHI,BRO,1,1,,D,ellij103,willc102,BRO
PHI192809112,PHI,BRO,2,0,,D,millj110,vancd101,PHI
PHI192809120,PHI,BRO,0,3,,D,clarw101,bengr101,BRO
PHI192809130,PHI,BRO,0,0,,D,ellij103,calde101,BRO
PHI192809140,PHI,SLN,0,0,,D,sherb101,ringj101,SLN
PHI192809151,PHI,SLN,1,0,,D,hainj101,millj110,SLN
PHI192809152,PHI,SLN,4,1,,D,johns101,millj110,SLN
PHI192809170,PHI,SLN,0,0,,D,mitcc102,calde101,SLN
PHI192809180,PHI,SLN,0,0,,D,hainj101,bengr101,SLN
PHI192809200,PHI,PIT,1,1,,D,hillc102,willc102,PIT
PHI192809240,PHI,CHN,0,0,,D,bushg101,bengr101,CHN
PHI192809250,PHI,CHN,0,0,,D,willc102,blaks101,PHI
PHI192809260,PHI,CHN,0,0,,D,malop103,walsa102,CHN
PHI192809270,PHI,CIN,0,0,,D,donop102,calde101,CIN
PIT192804190,PIT,SLN,0,0,,D,littc101,miljj101,SLN
PIT192804200,PIT,SLN,0,1,,D,hainj101,grimb101,SLN
PIT192804260,PIT,CIN,2,0,,D,hillc102,edwaj102,PIT
PIT192804300,PIT,CHN,0,0,,D,miljj101,malop103,PIT
PIT192805010,PIT,CHN,0,0,,D,hillc102,bushg101,PIT
PIT192805020,PIT,CHN,4,2,,D,dawsj101,nehfa101,PIT
PIT192805030,PIT,BSN,0,0,,D,brane101,kremr101,BSN
PIT192805040,PIT,BSN,4,1,,D,grimb101,greek101,PIT
PIT192805050,PIT,BSN,0,0,,D,dawsj101,smitb110,PIT
PIT192805070,PIT,BSN,1,0,,D,miljj101,robec101,PIT
PIT192805080,PIT,NY1,0,0,,D,grimb101,henrd101,PIT
PIT192805090,PIT,NY1,0,0,,D,barnv101,dawsj101,NY1
PIT192805100,PIT,NY1,2,0,,D,fitzf101,kremr101,NY1
PIT192805120,PIT,BRO,0,0,,D,hillc102,mcwed101,PIT
PIT192805140,PIT,BRO,0,0,,D,doakb101,brame101,BRO
PIT192805150,PIT,BRO,0,2,,D,mcwed101,miljj101,BRO
PIT192805180,PIT,PHI,0,2,,D,kremr101,millr113,PIT
PIT192805190,PIT,PHI,0,0,,D,hillc102,bengr101,PIT
PIT192805240,PIT,CHN,0,0,,D,grimb101,nehfa101,PIT
PIT192805250,PIT,CHN,0,4,,D,rootc101,fussf101,CHN
PIT192805260,PIT,CHN,0,3,,D,malop103,kremr101,CHN
PIT192805290,PIT,SLN,0,0,,D,rhemf101,grimb101,SLN
PIT192805301,PIT,SLN,0,0,,D,sherb101,miljj101,SLN
PIT192805302,PIT,SLN,0,0,,D,johns101,kremr101,SLN
PIT192805310,PIT,SLN,0,1,,D,hillc102,hainj101,PIT
PIT192806010,PIT,CHN,1,0,,D,grimb101,blaks101,PIT
PIT192806020,PIT,CHN,1,0,,D,weinl101,dawsj101,CHN
PIT192806200,PIT,CIN,0,0,,D,kremr101,rixee101,PIT
PIT192806210,PIT,CIN,2,0,,D,applp101,fussf101,CIN
PIT192806220,PIT,CIN,4,0,,D,grimb101,kolpr101,PIT
PIT192806230,PIT,CIN,1,0,,D,miljj101,kolpr101,PIT
PIT192807030,PIT,CIN,0,0,,D,edwaj102,grimb101,CIN
PIT192807041,PIT,CIN,0,0,,D,rixee101,dawsj101,CIN
PIT192807042,PIT,CIN,0,0,,D,kolpr101,grimb101,CIN
PIT192807060,PIT,NY1,0,7,,D,faulj101,fussf101,NY1
PIT192807071,PIT,NY1,0,0,,D,fussf101,bentl101,PIT
PIT192807072,PIT,NY1,3,0,,D,brame101,fitzf101,PIT
PIT192807090,PIT,NY1,1,0,,D,grimb101,faulj101,PIT
PIT192807100,PIT,PHI,1,0,,D,kremr101,ringj101,PIT
PIT192807110,PIT,PHI,0,0,,D,brame101,bengr101,PIT
PIT192807140,PIT,BSN,0,0,,D,grimb101,brane101,PIT
PIT192807160,PIT,BSN,2,1,,D,kremr101,delaa101,PIT
PIT192807170,PIT,BSN,0,0,,D,hillc102,smitb110,PIT
PIT192807180,PIT,BSN,3,0,,D,grimb101,barnv101,PIT
PIT192807190,PIT,BRO,0,0,,D,mcwed101,fussf101,BRO
PIT192807200,PIT,BRO,3,1,,D,ellij103,kremr101,BRO
PIT192807211,PIT,BRO,3,0,,D,hillc102,ehrhr101,PIT
PIT192807212,PIT,BRO,1,1,,D,meadl101,pettj103,PIT
PIT192808090,PIT,SLN,3,0,,D,hillc102,hainj101,PIT
PIT192808100,PIT,SLN,0,1,,D,mitcc102,fussf101,SLN
PIT192808110,PIT,CIN,0,1,,D,lucar102,grimb101,CIN
PIT192808130,PIT,BRO,1,0,,D,kremr101,doakb101,PIT
PIT192808140,PIT,BRO,1,2,,D,hillc102,mcwed101,PIT
PIT192808150,PIT,BRO,0,0,,D,vancd101,fussf101,BRO
PIT192808160,PIT,BRO,0,1,,D,grimb101,doakb101,PIT
PIT192808171,PIT,PHI,0,0,,D,kremr101,willc102,PIT
PIT192808172,PIT,PHI,2,0,,D,brame101,sweel101,PIT
PIT192808181,PIT,PHI,1,0,,D,hillc102,bengr101,PIT
PIT192808182,PIT,PHI,0,2,,D,ringj101,fussf101,PHI
PIT192808200,PIT,BSN,0,0,,D,smitb110,grimb101,BSN
PIT192808210,PIT,BSN,0,0,,D,kremr101,brane101,PIT
PIT192808220,PIT,BSN,3,0,,D,brame101,greek101,PIT
PIT192808231,PIT,NY1,0,0,,D,bentl101,hillc102,NY1
PIT192808232,PIT,NY1,0,0,,D,fussf101,hubbc101,PIT
PIT192808240,PIT,NY1,0,1,,D,grimb101,genej101,PIT
PIT192808250,PIT,NY1,3,1,,D,kremr101,fitzf101,PIT
PIT192808281,PIT,PHI,1,0,,D,hillc102,sweel101,PIT
PIT192808290,PIT,PHI,0,0,,D,willc102,brame101,PHI
PIT192808311,PIT,SLN,3,1,,D,kremr101,alexg102,PIT
PIT192808312,PIT,SLN,1,0,,D,hainj101,fussf101,SLN
PIT192809010,PIT,SLN,1,0,,D,sherb101,hillc102,SLN
PIT192809031,PIT,CHN,0,0,,D,brame101,rootc101,PIT
PIT192809032,PIT,CHN,0,1,,D,kremr101,carlh101,PIT
PIT192809040,PIT,CHN,0,4,,D,blaks101,hillc102,CHN
PIT192809140,PIT,CIN,0,0,,D,grimb101,rixee101,PIT
PIT192809150,PIT,CIN,0,0,,D,hillc102,ash-k101,PIT
SLA192804180,SLA,DET,0,0,,D,carro101,blaeg101,DET
SLA192804190,SLA,DET,0,3,,D,hollk101,grays102,DET
SLA192804200,SLA,DET,0,0,,D,white102,ogdej101,DET
SLA192804210,SLA,DET,1,0,,D,crowg102,sullc101,SLA
SLA192804220,SLA,CLE,0,0,,D,uhleg101,blaeg101,CLE
SLA192804230,SLA,CLE,1,0,,D,grays102,shauj101,SLA
SLA192804240,SLA,CLE,1,0,,D,ogdej101,hudlw101,SLA
SLA192804250,SLA,CLE,0,4,,D,buckg101,stewl101,CLE
SLA192804260,SLA,CHA,1,1,,D,ogdej101,lyont102,SLA
SLA192804270,SLA,CHA,0,0,,D,grays102,conns101,SLA
SLA192804280,SLA,CHA,4,1,,D,thomt103,crowg102,CHA
SLA192805280,SLA,CHA,0,0,,D,beckb104,blant101,SLA
SLA192805301,SLA,CHA,0,0,,D,ogdej101,faber101,SLA
SLA192805302,SLA,CHA,0,0,,D,crowg102,thomt103,SLA
SLA192805311,SLA,CHA,0,2,,D,lyont102,blaeg101,CHA
SLA192805312,SLA,CHA,0,0,,D,grays102,adkig101,SLA
SLA192806020,SLA,WS1,0,0,,D,stewl101,zacht101,SLA
SLA192806050,SLA,WS1,1,1,,D,braxg101,ogdej101,WS1
SLA192806060,SLA,PHA,1,0,,D,grays102,ehmkh101,SLA
SLA192806070,SLA,PHA,0,0,,D,crowg102,grovl101,SLA
SLA192806080,SLA,PHA,0,5,,D,romme101,beckb104,PHA
SLA192806090,SLA,PHA,0,1,,D,ogdej101,ehmkh101,SLA
SLA192806110,SLA,BOS,0,1,,D,crowg102,macfd101,SLA
SLA192806120,SLA,BOS,0,2,,D,morre102,blaeg101,BOS
SLA192806130,SLA,BOS,1,0,,D,coffd101,settm101,SLA
SLA192806140,SLA,NYA,1,1,,D,pennh101,grays102,NYA
SLA192806150,SLA,NYA,0,0,,D,crowg102,johnh101,SLA
SLA192806160,SLA,NYA,0,0,,D,coffd101,pipgg101,SLA
SLA192806170,SLA,NYA,0,1,,D,hoytw101,ogdej101,NYA
SLA192806211,SLA,DET,0,0,,D,crowg102,carro101,SLA
SLA192806212,SLA,DET,0,0,,D,coffd101,white102,SLA
SLA192806221,SLA,DET,0,2,,D,ogdej101,sorrv101,SLA
SLA192806222,SLA,DET,0,0,,D,billj102,beckb104,DET
SLA192806230,SLA,CLE,1,0,,D,grays102,buckg101,SLA
SLA192806240,SLA,CLE,0,0,,D,grang101,blaeg101,CLE
SLA192806250,SLA,CLE,1,1,,D,hudlw101,coffd101,CLE
SLA192806260,SLA,CLE,0,0,,D,crowg102,shauj101,SLA
SLA192807251,SLA,WS1,1,0,,D,beckb104,marbf101,SLA
SLA192807252,SLA,WS1,2,2,,D,ogdej101,jones104,SLA
SLA192807261,SLA,WS1,0,0,,D,grays102,marbf101,SLA
SLA192807262,SLA,WS1,0,1,,D,zacht101,wilth101,WS1
SLA192807270,SLA,WS1,0,2,,D,gastm101,blaeg101,WS1
SLA192807280,SLA,PHA,1,0,,D,walbr101,crowg102,PHA
SLA192807290,SLA,PHA,0,4,,D,earng101,ogdej101,PHA
SLA192807300,SLA,PHA,0,3,,D,walbr101,grays102,PHA
SLA192807310,SLA,PHA,1,1,,D,grovl101,blaeg101,PHA
SLA192808010,SLA,NYA,0,1,,D,johnh101,crowg102,NYA
SLA192808020,SLA,NYA,0,1,,D,stewl101,pennh101,SLA
SLA192808030,SLA,NYA,0,0,,D,grays102,hoytw101,SLA
SLA192808040,SLA,BOS,0,0,,D,crowg102,russj103,SLA
SLA192808050,SLA,BOS,0,0,,D,ruffr101,blaeg101,BOS
SLA192808060,SLA,BOS,2,0,,D,ogdej101,harrs101,SLA
SLA192808070,SLA,BOS,0,0,,D,grays102,morre102,SLA
SLA192808310,SLA,DET,1,1,,D,crowg102,white102,SLA
SLA192809010,SLA,DET,1,0,,D,carro101,ogdej101,DET
SLA192809020,SLA,DET,1,0,,D,grays102,vange101,SLA
SLA192809031,SLA,CLE,0,1,,D,blaeg101,shauj101,SLA
SLA192809032,SLA,CLE,2,0,,D,stewl101,uhleg101,SLA
SLA192809040,SLA,CLE,4,0,,D,wilth101,hudlw101,SLA
SLA192809130,SLA,CHA,1,0,,D,ogdej101,adkig101,SLA
SLA192809140,SLA,CHA,3,1,,D,lyont102,stree101,CHA
SLA192809150,SLA,NYA,0,2,,D,crowg102,pipgg101,SLA
SLA192809160,SLA,NYA,0,0,,D,johnh101,blaeg101,NYA
SLA192809170,SLA,NYA,0,1,,D,hoytw101,ogdej101,NYA
SLA192809180,SLA,NYA,2,0,,D,johnh101,wilth101,NYA
SLA192809200,SLA,BOS,0,0,,D,crowg102,morre102,SLA
SLA192809210,SLA,BOS,3,0,,D,ruffr101,ogdej101,BOS
SLA192809220,SLA,BOS,0,0,,D,macfd101,stree101,BOS
SLA192809230,SLA,PHA,1,2,,D,romme101,blaeg101,PHA
SLA192809240,SLA,PHA,0,0,,D,crowg102,quinj102,SLA
SLA192809250,SLA,PHA,0,0,,D,walbr101,ogdej101,PHA
SLA192809270,SLA,WS1,0,0,,D,hadlb101,stewl101,WS1
SLA192809280,SLA,WS1,2,1,,D,crowg102,braxg101,SLA
SLA192809290,SLA,WS1,2,0,,D,ogdej101,browl101,SLA
SLN192804110,SLN,PIT,3,0,,D,hainj101,kremr101,SLN
SLN192804120,SLN,PIT,1,0,,D,alexg102,grimb101,SLN
SLN192804140,SLN,CHN,0,0,,D,blaks101,franf101,CHN
SLN192804150,SLN,CHN,0,0,,D,sherb101,malop103,SLN
SLN192804160,SLN,CHN,1,0,,D,bushg101,hainj101,CHN
SLN192804170,SLN,CHN,0,0,,D,jonep101,alexg102,CHN
SLN192804300,SLN,CIN,1,0,,D,kolpr101,sherb101,CIN
SLN192805010,SLN,CIN,0,3,,D,lucar102,alexg102,CIN
SLN192805020,SLN,CIN,1,0,,D,maysc101,reina102,CIN
SLN192805030,SLN,CIN,2,1,,D,rhemf101,rixee101,SLN
SLN192805050,SLN,BRO,0,0,,D,clarw101,hainj101,BRO
SLN192805061,SLN,BRO,0,1,,D,alexg102,vancd101,SLN
SLN192805062,SLN,BRO,0,3,,D,mcwed101,johns101,BRO
SLN192805070,SLN,BRO,0,0,,D,haidh101,clarw101,SLN
SLN192805080,SLN,PHI,0,0,,D,franf101,bengr101,SLN
SLN192805090,SLN,PHI,4,0,,D,littc101,ringj101,SLN
SLN192805100,SLN,PHI,1,2,,D,hainj101,ferga101,SLN
SLN192805110,SLN,PHI,2,0,,D,alexg102,sweel101,SLN
SLN192805120,SLN,BSN,4,1,,D,rhemf101,brane101,SLN
SLN192805140,SLN,BSN,0,1,,D,reina102,robec101,SLN
SLN192805150,SLN,BSN,0,0,,D,sherb101,smitb110,SLN
SLN192805180,SLN,NY1,0,2,,D,bentl101,alexg102,NY1
SLN192805190,SLN,NY1,0,2,,D,henrd101,rhemf101,NY1
SLN192805201,SLN,NY1,1,0,,D,fitzf101,sherb101,NY1
SLN192805210,SLN,CHN,2,2,,D,haidh101,rootc101,SLN
SLN192805220,SLN,CHN,0,0,,D,reina102,jonep101,SLN
SLN192805240,SLN,CIN,1,0,,D,rhemf101,kolpr101,SLN
SLN192805250,SLN,CIN,0,1,,D,lucar102,sherb101,CIN
SLN192805260,SLN,CIN,0,0,,D,rixee101,johns101,CIN
SLN192805270,SLN,CIN,0,0,,D,maysc101,reina102,CIN
SLN192806280,SLN,PIT,2,0,,D,sherb101,hillc102,SLN
SLN192806290,SLN,PIT,2,0,,D,mitcc102,kremr101,SLN
SLN192806300,SLN,PIT,2,0,,D,grimb101,alexg102,PIT
SLN192807030,SLN,CHN,0,0,,D,bushg101,sherb101,CHN
SLN192807041,SLN,CHN,4,2,,D,rhemf101,rootc101,SLN
SLN192807070,SLN,BSN,0,3,,D,delaa101,hainj101,BSN
SLN192807081,SLN,BSN,3,0,,D,alexg102,coonj101,SLN
SLN192807082,SLN,BSN,3,2,,D,sherb101,hollb102,SLN
SLN192807090,SLN,BSN,0,2,,D,rhemf101,brane101,SLN
SLN192807100,SLN,NY1,0,0,,D,mitcc102,genej101,SLN
SLN192807110,SLN,NY1,4,0,,D,walkb101,haidh101,NY1
SLN192807120,SLN,NY1,5,0,,D,hainj101,fitzf101,SLN
SLN192807130,SLN,NY1,3,0,,D,sherb101,aldrv101,SLN
SLN192807140,SLN,BRO,0,0,,D,pettj103,alexg102,BRO
SLN192807150,SLN,BRO,0,0,,D,mcwed101,mitcc102,BRO
SLN192807160,SLN,BRO,0,0,,D,reina102,ehrhr101,SLN
SLN192807170,SLN,BRO,0,0,,D,hainj101,vancd101,SLN
SLN192807190,SLN,PHI,0,0,,D,johns101,mcgrb101,SLN
SLN192807200,SLN,PHI,0,0,,D,alexg102,ferga101,SLN
SLN192807210,SLN,PHI,0,2,,D,sweel101,mitcc102,PHI
SLN192807220,SLN,PHI,2,1,,D,sherb101,millr113,SLN
SLN192808110,SLN,CHN,0,1,,D,blaks101,johns101,CHN
SLN192808120,SLN,CHN,0,3,,D,malop103,rhemf101,CHN
SLN192808140,SLN,BSN,1,0,,D,alexg102,delaa101,SLN
SLN192808150,SLN,BSN,2,0,,D,sherb101,smitb110,SLN
SLN192808160,SLN,BSN,0,1,,D,brane101,hainj101,BSN
SLN192808170,SLN,NY1,0,0,,D,fitzf101,mitcc102,NY1
SLN192808180,SLN,NY1,0,0,,D,hubbc101,alexg102,NY1
SLN192808190,SLN,NY1,0,0,,D,bentl101,sherb101,NY1
SLN192808200,SLN,BRO,0,0,,D,hainj101,vancd101,SLN
SLN192808210,SLN,BRO,0,0,,D,mcwed101,rhemf101,BRO
SLN192808220,SLN,BRO,0,1,,D,pettj103,mitcc102,BRO
SLN192808240,SLN,PHI,1,0,,D,hainj101,bengr101,SLN
SLN192808250,SLN,PHI,0,1,,D,alexg102,mcgrb101,SLN
SLN192808260,SLN,PHI,1,0,,D,sherb101,ringj101,SLN
SLN192809060,SLN,PIT,0,0,,D,mitcc102,grimb101,SLN
SLN192809070,SLN,PIT,0,2,,D,hainj101,kremr101,SLN
SLN192809080,SLN,PIT,1,0,,D,hillc102,sherb101,PIT
SLN192809090,SLN,PIT,0,0,,D,dawsj101,reina102,PIT
SLN192809100,SLN,CIN,0,0,,D,ash-k101,rhemf101,CIN
SLN192809110,SLN,CIN,1,0,,D,hainj101,luqud101,SLN
SLN192809120,SLN,CIN,0,1,,D,alexg102,donop102,SLN
WS1192804100,WS1,BOS,3,0,,D,macfd101,gastm101,BOS
WS1192804150,WS1,BOS,0,0,,D,marbf101,ruffr101,WS1
WS1192804260,WS1,PHA,0,0,,D,quinj102,zacht101,PHA
WS1192804290,WS1,NYA,1,0,,D,pennh101,liseh101,NYA
WS1192804300,WS1,NYA,1,0,,D,pipgg101,gastm101,NYA
WS1192805010,WS1,NYA,0,1,,D,sheaa101,marbf101,NYA
WS1192805020,WS1,NYA,0,0,,D,jones104,hoytw101,WS1
WS1192805040,WS1,SLA,2,1,,D,browl101,blaeg101,WS1
WS1192805050,WS1,SLA,0,0,,D,hadlb101,wilth101,WS1
WS1192805060,WS1,SLA,0,0,,D,grays102,braxg101,SLA
WS1192805070,WS1,SLA,0,5,,D,stewl101,jones104,SLA
WS1192805100,WS1,DET,0,0,,D,vange101,braxg101,DET
WS1192805110,WS1,DET,1,0,,D,jones104,billj102,WS1
WS1192805120,WS1,CHA,1,3,,D,thomt103,zacht101,CHA
WS1192805130,WS1,CHA,1,0,,D,hadlb101,barnc101,WS1
WS1192805140,WS1,CHA,1,0,,D,gastm101,blant101,WS1
WS1192805150,WS1,CHA,0,0,,D,adkig101,liseh101,CHA
WS1192805170,WS1,CLE,1,0,,D,uhleg101,jones104,CLE
WS1192805190,WS1,CLE,0,1,,D,shauj101,gastm101,CLE
WS1192805200,WS1,CLE,0,2,,D,hudlw101,liseh101,CLE
WS1192805270,WS1,PHA,0,0,,D,hadlb101,shorb102,WS1
WS1192806191,WS1,BOS,0,2,,D,russj103,zacht101,BOS
WS1192806200,WS1,BOS,0,0,,D,braxg101,macfd101,WS1
WS1192806220,WS1,BOS,0,0,,D,burkb102,ruffr101,WS1
WS1192806231,WS1,PHA,0,0,,D,ehmkh101,jones104,PHA
WS1192806232,WS1,PHA,2,0,,D,walbr101,marbf101,PHA
WS1192806240,WS1,PHA,0,0,,D,hadlb101,earng101,WS1
WS1192806251,WS1,PHA,0,0,,D,braxg101,quinj102,WS1
WS1192806252,WS1,PHA,0,0,,D,browl101,orwoo101,WS1
WS1192806260,WS1,PHA,2,0,,D,gastm101,romme101,WS1
WS1192807011,WS1,BOS,0,0,,D,harrs101,gastm101,BOS
WS1192807020,WS1,NYA,0,0,,D,braxg101,pipgg101,WS1
WS1192807030,WS1,NYA,0,1,,D,pennh101,hadlb101,NYA
WS1192807041,WS1,NYA,3,0,,D,jones104,sheaa101,WS1
WS1192807060,WS1,CHA,2,0,,D,adkig101,gastm101,CHA
WS1192807070,WS1,CHA,1,0,,D,braxg101,blant101,WS1
WS1192807080,WS1,CHA,1,3,,D,lyont102,hadlb101,CHA
WS1192807090,WS1,CHA,0,2,,D,thomt103,jones104,CHA
WS1192807101,WS1,CLE,0,0,,D,marbf101,shauj101,WS1
WS1192807102,WS1,CLE,0,0,,D,gastm101,millj109,WS1
WS1192807110,WS1,CLE,0,0,,D,hudlw101,hadlb101,CLE
WS1192807120,WS1,CLE,0,0,,D,uhleg101,marbf101,CLE
WS1192807140,WS1,SLA,0,1,,D,grays102,browl101,SLA
WS1192807150,WS1,SLA,1,0,,D,blaeg101,burkb102,SLA
WS1192807160,WS1,SLA,0,0,,D,crowg102,hadlb101,SLA
WS1192807170,WS1,SLA,0,0,,D,stewl101,braxg101,SLA
WS1192807191,WS1,DET,0,1,,D,carro101,zacht101,DET
WS1192807210,WS1,DET,0,0,,D,hadlb101,white102,WS1
WS1192808140,WS1,SLA,1,0,,D,jones104,stewl101,WS1
WS1192808150,WS1,SLA,1,0,,D,braxg101,grays102,WS1
WS1192808160,WS1,SLA,0,4,,D,ogdej101,gastm101,SLA
WS1192808170,WS1,DET,0,0,,D,hadlb101,white102,WS1
WS1192808180,WS1,DET,2,0,,D,marbf101,carro101,WS1
WS1192808190,WS1,DET,1,0,,D,sorrv101,zacht101,DET
WS1192808210,WS1,CHA,0,1,,D,adkig101,braxg101,CHA
WS1192808220,WS1,CHA,2,0,,D,hadlb101,walse102,WS1
WS1192808230,WS1,CHA,0,0,,D,marbf101,thomt103,WS1
WS1192808251,WS1,CLE,1,3,,D,undew101,marbf101,CLE
WS1192808252,WS1,CLE,1,0,,D,browl101,grang101,WS1
WS1192808260,WS1,CLE,0,0,,D,braxg101,miljj101,WS1
WS1192808300,WS1,NYA,0,0,,D,jones104,hoytw101,WS1
WS1192809010,WS1,NYA,0,1,,D,pipgg101,braxg101,NYA
WS1192809020,WS1,NYA,0,0,,D,marbf101,zacht101,WS1
WS1192809031,WS1,PHA,0,0,,D,hadlb101,ehmkh101,WS1
WS1192809032,WS1,PHA,0,0,,D,braxg101,earng101,WS1
WS1192809040,WS1,PHA,0,0,,D,walbr101,gastm101,PHA
WS1192809100,WS1,BOS,0,0,,D,morre102,marbf101,BOS
