mlbam_pitcher_id,player_name,tempo_be_sec,tempo_ro_sec
608718,"Suter, Brent",11.118,11.118
489119,"Miley, Wade",11.261,11.261
694738,"Roupp, Landen",11.285,11.285
671106,"Allen, Logan",11.516,11.516
681867,"Criswell, Cooper",11.633,11.633
656605,"Keller, Mitch",12.125,12.125
571927,"Matz, Steven",12.195,12.195
596001,"Junis, Jakob",12.245,12.245
663546,"Hjelle, Sean",12.31,12.31
279824,"Buehrle, Mark",12.324,12.324
595307,"Maness, Seth",12.382,12.382
448179,"Hill, Rich",12.518,12.518
660813,"Graterol, Brusdar",12.583,12.583
571945,"Mikolas, Miles",12.601,12.601
676596,"Fleming, Josh",12.603,12.603
592836,"Walker, Taijuan",12.675,12.675
693821,"Elder, Bryce",12.681,12.681
621389,"Blach, Ty",12.715,12.715
663687,"Harris, Hogan",12.735,12.735
669674,"Long, Sam",12.758,12.758
674370,"Bido, Osvaldo",12.761,12.761
686973,"Varland, Louis",12.763,12.763
682990,"Priester, Quinn",12.764,12.764
543045,"Conley, Adam",12.779,12.779
615698,"Quantrill, Cal",12.78,12.78
690986,"Harrison, Kyle",12.793,12.793
641745,"Keller, Brad",12.822,12.822
594835,"Gonzales, Marco",12.837,12.837
502208,"Walters, P.J.",12.887,12.887
593372,"Martinez, Carlos",12.913,12.913
607755,"Vasquez, Andrew",12.92,12.92
657277,"Webb, Logan",12.921,12.921
669373,"Skubal, Tarik",12.926,12.926
622491,"Castillo, Luis",12.93,12.93
594902,"Lively, Ben",12.955,12.955
502624,"Anderson, Chase",12.958,12.958
641540,"Dunning, Dane",12.96,12.96
474463,"Anderson, Brett",12.96,12.96
628452,"Iglesias, Raisel",12.982,12.982
669084,"Hall, DL",12.998,12.998
694363,"Shuster, Jared",13.031,13.031
641482,"Cortes, Nestor",13.035,13.035
622072,"Wood, Alex",13.04,13.04
663903,"Singer, Brady",13.041,13.041
663738,"Lynch IV, Daniel",13.053,13.053
665621,"García, Rony",13.068,13.068
642048,"Saucedo, Tayler",13.098,13.098
682847,"Ortiz, Luis L.",13.126,13.126
285079,"Dickey, R.A.",13.136,13.136
571510,"Boyd, Matthew",13.137,13.137
608379,"Wacha, Michael",13.14,13.14
669854,"Blanco, Ronel",13.143,13.143
450729,"Fister, Doug",13.146,13.146
669432,"Rogers, Trevor",13.147,13.147
607625,"Lugo, Seth",13.153,13.153
445926,"Chavez, Jesse",13.18,13.18
661527,"Martinez, Seth",13.209,13.209
592866,"Williams, Trevor",13.227,13.227
593958,"Rodriguez, Eduardo",13.245,13.245
677960,"Weathers, Ryan",13.27,13.27
445590,"Stults, Eric",13.299,13.299
477132,"Kershaw, Clayton",13.302,13.302
669211,"Akin, Keegan",13.315,13.315
666200,"Luzardo, Jesús",13.323,13.323
543475,"Lyles, Jordan",13.339,13.339
681676,"Fernandez, Ryan",13.364,13.364
694813,"Stone, Gavin",13.371,13.371
596295,"Gomber, Austin",13.374,13.374
656557,"Houck, Tanner",13.4,13.4
571882,"Law, Derek",13.409,13.409
669461,"Liberatore, Matthew",13.416,13.416
622663,"Severino, Luis",13.421,13.421
641627,"Gott, Trevor",13.421,13.421
608344,"Irvin, Cole",13.423,13.423
668881,"Greene, Hunter",13.424,13.424
605288,"Houser, Adrian",13.426,13.426
640455,"Manaea, Sean",13.43,13.43
649144,"Wells, Alex",13.437,13.437
475416,"Masterson, Justin",13.442,13.442
502190,"Leake, Mike",13.446,13.446
621058,"Moore, Andrew",13.447,13.447
607200,"Fedde, Erick",13.449,13.449
650644,"Civale, Aaron",13.461,13.461
683627,"Molina, Anthony",13.467,13.467
641927,"Ober, Bailey",13.468,13.468
543521,"McHugh, Collin",13.493,13.493
676477,"Whitlock, Garrett",13.498,13.498
543101,"DeSclafani, Anthony",13.52,13.52
571948,"Milner, Hoby",13.525,13.525
592314,"Foltynewicz, Mike",13.536,13.536
425786,"Atchison, Scott",13.543,13.543
136600,"Chen, Bruce",13.577,13.577
477003,"Niese, Jonathon",13.58,13.58
453385,"Richard, Clayton",13.58,13.58
621261,"Oswalt, Corey",13.581,13.581
641154,"López, Pablo",13.613,13.613
543334,"House, TJ",13.615,13.615
689017,"Knack, Landon",13.616,13.616
680704,"Sandlin, Nick",13.616,13.616
650911,"Sánchez, Cristopher",13.631,13.631
668964,"Myers, Tobias",13.634,13.634
571760,"Heaney, Andrew",13.639,13.639
502171,"Cobb, Alex",13.668,13.668
570632,"Ureña, José",13.674,13.674
544928,"Lyons, Tyler",13.702,13.702
641778,"Lauer, Eric",13.735,13.735
527048,"Pérez, Martín",13.752,13.752
663554,"Mize, Casey",13.755,13.755
664350,"Sánchez, Sixto",13.756,13.756
676840,"Peacock, Matt",13.762,13.762
672851,"Adon, Joan",13.776,13.776
678394,"Bello, Brayan",13.778,13.778
449173,"Harrell, Lucas",13.784,13.784
593334,"Germán, Domingo",13.793,13.793
605151,"Bradley, Archie",13.807,13.807
572362,"Erlin, Robbie",13.807,13.807
621242,"Díaz, Edwin",13.826,13.826
641771,"Kuhl, Chad",13.826,13.826
656849,"Peterson, David",13.83,13.83
621383,"Banks, Tanner",13.834,13.834
276520,"Arroyo, Bronson",13.847,13.847
642545,"Barria, Jaime",13.853,13.853
621107,"Eflin, Zach",13.863,13.863
573186,"Stroman, Marcus",13.875,13.875
571578,"Corbin, Patrick",13.881,13.881
641302,"Alexander, Tyler",13.881,13.881
572020,"Paxton, James",13.889,13.889
674003,"Bradford, Cody",13.904,13.904
671922,"Smith, Cade",13.915,13.915
605228,"Fernández, José",13.916,13.916
542881,"Anderson, Tyler",13.924,13.924
642558,"Jurado, Ariel",13.947,13.947
630023,"Chirinos, Yonny",13.953,13.953
680885,"Schwellenbach, Spencer",13.959,13.959
687792,"Herz, DJ",13.975,13.975
669456,"Bieber, Shane",13.989,13.989
136880,"Halladay, Roy",13.995,13.995
672710,"Contreras, Roansy",14.009,14.009
519242,"Sale, Chris",14.014,14.014
608566,"Márquez, Germán",14.014,14.014
605154,"Brebbia, John",14.027,14.027
573064,"Nuño, Vidal",14.038,14.038
596057,"Norris, Daniel",14.047,14.047
573185,"Straily, Dan",14.047,14.047
596133,"Weaver, Luke",14.047,14.047
680570,"Rodriguez, Grayson",14.059,14.059
665795,"Cabrera, Edward",14.067,14.067
645261,"Alcantara, Sandy",14.069,14.069
450203,"Morton, Charlie",14.074,14.074
663658,"Ward, Thaddeus",14.075,14.075
543294,"Hendricks, Kyle",14.097,14.097
456167,"Griffin, A.J.",14.1,14.1
432934,"Young, Chris",14.101,14.101
666129,"Garrett, Braxton",14.105,14.105
657006,"Steele, Justin",14.115,14.115
516589,"Rienzo, André",14.117,14.117
543726,"Ross Jr., Robbie",14.123,14.123
676272,"Miller, Bobby",14.128,14.128
592426,"Jackson, Luke",14.14,14.14
502327,"Santiago, Héctor",14.142,14.142
547942,"Kim, Kwang Hyun",14.142,14.142
643511,"Rogers, Tyler",14.144,14.144
606131,"Perdomo, Luis",14.148,14.148
435178,"Johnson, Josh",14.157,14.157
519455,"Zimmermann, Jordan",14.163,14.163
647336,"Soroka, Michael",14.175,14.175
429717,"Haren, Dan",14.179,14.179
657746,"Ryan, Joe",14.179,14.179
547179,"Lorenzen, Michael",14.18,14.18
664139,"Gibaut, Ian",14.184,14.184
624133,"Suárez, Ranger",14.184,14.184
458550,"Hefner, Jeremy",14.188,14.188
593974,"Peralta, Wandy",14.194,14.194
663623,"Irvin, Jake",14.217,14.217
686218,"Sheehan, Emmet",14.218,14.218
672456,"Montero, Keider",14.223,14.223
621111,"Buehler, Walker",14.245,14.245
607229,"Gsellman, Robert",14.248,14.248
682227,"Williamson, Brandon",14.249,14.249
543031,"Cloyd, Tyler",14.25,14.25
689147,"Kerkering, Orion",14.255,14.255
676979,"Crochet, Garrett",14.257,14.257
669060,"Wilson, Bryse",14.264,14.264
456501,"Cueto, Johnny",14.279,14.279
572096,"Rosenthal, Trevor",14.283,14.283
548389,"Stripling, Ross",14.294,14.294
543037,"Cole, Gerrit",14.302,14.302
458713,"Slowey, Kevin",14.303,14.303
433579,"Danks, John",14.311,14.311
543506,"Maurer, Brandon",14.314,14.314
518452,"Bettis, Chad",14.321,14.321
625643,"López, Reynaldo",14.329,14.329
434578,"Saunders, Joe",14.329,14.329
669684,"Murphy, Chris",14.33,14.33
681857,"Olson, Reese",14.338,14.338
660896,"Alcala, Jorge",14.34,14.34
663436,"Martin, Davis",14.342,14.342
518567,"Collmenter, Josh",14.344,14.344
458708,"Tomlin, Josh",14.348,14.348
680573,"Woods Richardson, Simeon",14.36,14.36
572750,"Butler, Eddie",14.364,14.364
543278,"Hardy, Blaine",14.381,14.381
671096,"Abbott, Andrew",14.385,14.385
663556,"McClanahan, Shane",14.386,14.386
623211,"Brazobán, Huascar",14.389,14.389
701581,"Festa, David",14.398,14.398
666157,"Lodolo, Nick",14.399,14.399
573124,"Rogers, Taylor",14.404,14.404
656222,"Beeks, Jalen",14.406,14.406
661563,"Gil, Luis",14.411,14.411
621366,"Borucki, Ryan",14.414,14.414
641712,"Hudson, Dakota",14.415,14.415
657053,"Toussaint, Touki",14.415,14.415
543643,"Pettibone, Jonathan",14.422,14.422
548357,"Bergman, Christian",14.424,14.424
543135,"Eovaldi, Nathan",14.434,14.434
669212,"Morgan, Eli",14.437,14.437
668909,"Williams, Gavin",14.443,14.443
686563,"Cannon, Jonathan",14.446,14.446
547943,"Ryu, Hyun Jin",14.447,14.447
592468,"Kingham, Nick",14.447,14.447
571527,"Buchanan, David",14.448,14.448
622088,"Antone, Tejay",14.454,14.454
660761,"Suarez, José",14.454,14.454
433585,"Francis, Jeff",14.456,14.456
669160,"May, Dustin",14.469,14.469
608334,"Fulmer, Carson",14.474,14.474
641835,"Mayza, Tim",14.48,14.48
554430,"Wheeler, Zack",14.48,14.48
598271,"Johnson, Brian",14.481,14.481
605182,"Clevinger, Mike",14.481,14.481
605463,"Scott, Tayler",14.486,14.486
663474,"McKenzie, Triston",14.487,14.487
669062,"Miller, Erik",14.489,14.489
543859,"Tonkin, Michael",14.497,14.497
672582,"Zerpa, Angel",14.497,14.497
676879,"Ashby, Aaron",14.5,14.5
571561,"Cingrani, Tony",14.501,14.501
642607,"Agrazal, Dario",14.515,14.515
667463,"King, John",14.52,14.52
665871,"Assad, Javier",14.524,14.524
668678,"Gallen, Zac",14.525,14.525
669459,"Nelson, Kyle",14.527,14.527
461829,"González, Gio",14.547,14.547
663465,"Allard, Kolby",14.548,14.548
606303,"Payamps, Joel",14.557,14.557
676684,"Vest, Will",14.561,14.561
665665,"Sanmartin, Reiver",14.563,14.563
543424,"Lamb, John",14.569,14.569
519008,"McFarland, T.J.",14.57,14.57
808967,"Yamamoto, Yoshinobu",14.577,14.577
605397,"Musgrove, Joe",14.579,14.579
518716,"Gee, Dillon",14.579,14.579
663978,"Paddack, Chris",14.58,14.58
607237,"Garrett, Amir",14.581,14.581
543699,"Roark, Tanner",14.588,14.588
671737,"Bradley, Taj",14.591,14.591
502083,"McAllister, Zach",14.611,14.611
430599,"Blanton, Joe",14.615,14.615
657376,"Schmidt, Clarke",14.617,14.617
605200,"Davies, Zach",14.617,14.617
446321,"Detwiler, Ross",14.626,14.626
502239,"Cahill, Trevor",14.626,14.626
519344,"Tepesch, Nick",14.628,14.628
675627,"Grove, Michael",14.632,14.632
570649,"Ventura, Yordano",14.633,14.633
608032,"Estévez, Carlos",14.638,14.638
488768,"Cashner, Andrew",14.65,14.65
424324,"Lee, Cliff",14.653,14.653
683769,"Gaddis, Hunter",14.653,14.653
543734,"Rusin, Chris",14.658,14.658
592791,"Taillon, Jameson",14.661,14.661
471911,"Carrasco, Carlos",14.667,14.667
676775,"Winn, Keaton",14.673,14.673
664747,"Díaz, Alexis",14.675,14.675
572143,"Smith, Burch",14.677,14.677
425532,"Williams, Jerome",14.68,14.68
676130,"Buttó, José",14.68,14.68
676606,"Margevicius, Nick",14.681,14.681
446899,"Ziegler, Brad",14.681,14.681
641816,"Mahle, Tyler",14.681,14.681
421685,"Harang, Aaron",14.682,14.682
622075,"Almonte, Yency",14.683,14.683
434643,"Rodriguez, Wandy",14.698,14.698
642547,"Peralta, Freddy",14.698,14.698
676974,"Meyer, Max",14.702,14.702
668868,"Thompson, Zack",14.71,14.71
476589,"Warren, Adam",14.712,14.712
605498,"Suárez, Andrew",14.715,14.715
656271,"Burke, Brock",14.719,14.719
592767,"Smyly, Drew",14.719,14.719
622065,"Young, Alex",14.723,14.723
650633,"King, Michael",14.724,14.724
468504,"Chacín, Jhoulys",14.73,14.73
518748,"Grimm, Justin",14.731,14.731
150414,"Westbrook, Jake",14.737,14.737
657612,"Hill, Tim",14.737,14.737
682610,"Muñoz, Roddery",14.738,14.738
533167,"Shoemaker, Matt",14.738,14.738
120485,"Pettitte, Andy",14.75,14.75
656232,"Bielak, Brandon",14.75,14.75
676106,"Hancock, Emerson",14.75,14.75
641793,"Littell, Zack",14.752,14.752
657141,"Yamamoto, Jordan",14.753,14.753
657508,"Baumann, Mike",14.754,14.754
623149,"Sewald, Paul",14.757,14.757
643338,"Green, Chad",14.757,14.757
592238,"Cumpton, Brandon",14.763,14.763
666745,"Brito, Jhony",14.767,14.767
506693,"Alvarez III, Henderson",14.775,14.775
517414,"Delgado, Randall",14.781,14.781
501985,"Minor, Mike",14.789,14.789
543022,"Chatwood, Tyler",14.796,14.796
445170,"Redmond, Todd",14.803,14.803
543548,"Milone, Tommy",14.815,14.815
672282,"Detmers, Reid",14.815,14.815
543155,"Fife, Stephen",14.818,14.818
656629,"Kopech, Michael",14.819,14.819
676254,"Walker, Ryan",14.821,14.821
657514,"Bernardino, Brennan",14.83,14.83
666159,"Manning, Matt",14.842,14.842
666142,"Ragans, Cole",14.843,14.843
607536,"Freeland, Kyle",14.853,14.853
554431,"Matzek, Tyler",14.854,14.854
642233,"Yardley, Eric",14.875,14.875
461833,"Hughes, Phil",14.879,14.879
431148,"Kazmir, Scott",14.88,14.88
592170,"Bridwell, Parker",14.882,14.882
670912,"Oviedo, Johan",14.885,14.885
656412,"Faedo, Alex",14.885,14.885
548384,"Raley, Brooks",14.893,14.893
664641,"Miranda, Aríel",14.898,14.898
666205,"Muller, Kyle",14.905,14.905
488984,"Hunter, Tommy",14.907,14.907
668676,"Plesac, Zach",14.915,14.915
430912,"Cain, Matt",14.915,14.915
621052,"Reyes, Alex",14.919,14.919
642397,"Soto, Gregory",14.927,14.927
518774,"Harvey, Matt",14.928,14.928
608371,"Sims, Lucas",14.943,14.943
607074,"Rodón, Carlos",14.945,14.945
621244,"Berríos, José",14.948,14.948
663568,"Kolek, Stephen",14.95,14.95
643778,"Webb, Tyler",14.955,14.955
669194,"Nelson, Ryne",14.96,14.96
677053,"Nardi, Andrew",14.965,14.965
489294,"Scheppers, Tanner",14.966,14.966
434622,"Jiménez, Ubaldo",14.97,14.97
663372,"Feltner, Ryan",14.971,14.971
657093,"Watkins, Spenser",14.975,14.975
453214,"Wright, Steven",14.976,14.976
686730,"Spiers, Carson",14.98,14.98
657024,"Swanson, Erik",14.982,14.982
656427,"Flaherty, Jack",15.001,15.001
669713,"Wesneski, Hayden",15.005,15.005
150302,"Marquis, Jason",15.007,15.007
607192,"Glasnow, Tyler",15.008,15.008
607259,"Martinez, Nick",15.009,15.009
446372,"Kluber, Corey",15.012,15.012
475115,"Ross, Tyson",15.015,15.015
683155,"Estes, Joey",15.033,15.033
664045,"Eshelman, Thomas",15.033,15.033
663947,"Holton, Tyler",15.034,15.034
666619,"Santos, Gregory",15.036,15.036
658648,"Avila, Pedro",15.047,15.047
608665,"Graveman, Kendall",15.048,15.048
425386,"Guthrie, Jeremy",15.051,15.051
686752,"Pepiot, Ryan",15.053,15.053
669438,"Englert, Mason",15.053,15.053
453311,"Lincecum, Tim",15.075,15.075
614179,"Ruiz, José",15.078,15.078
676962,"Brown, Ben",15.08,15.08
518876,"Kelly, Merrill",15.08,15.08
545333,"Bauer, Trevor",15.082,15.082
601713,"Pivetta, Nick",15.082,15.082
642003,"Reed, Cody",15.082,15.082
605164,"Bundy, Dylan",15.082,15.082
656353,"Davidson, Tucker",15.09,15.09
666168,"Thompson, Mason",15.099,15.099
407890,"Lewis, Colby",15.1,15.1
465679,"Deduno, Samuel",15.104,15.104
607067,"Rea, Colin",15.106,15.106
621016,"Cuas, Jose",15.113,15.113
687330,"Kelly, Kevin",15.114,15.114
596064,"Owens, Henry",15.114,15.114
665622,"Medina, Luis",15.118,15.118
612434,"Castro, Miguel",15.121,15.121
541640,"Ramírez, Erasmo",15.128,15.128
592346,"González, Chi Chi",15.134,15.134
679525,"Marsh, Alec",15.135,15.135
571670,"Floro, Dylan",15.136,15.136
572971,"Keuchel, Dallas",15.141,15.141
429722,"Santana, Ervin",15.147,15.147
493200,"Oh, Seunghwan",15.148,15.148
643410,"Leiter Jr., Mark",15.148,15.148
592229,"Covey, Dylan",15.149,15.149
467100,"Nova, Iván",15.149,15.149
502046,"Locke, Jeff",15.15,15.15
681293,"Arrighetti, Spencer",15.153,15.153
669302,"Gilbert, Logan",15.153,15.153
608335,"Funkhouser, Kyle",15.157,15.157
682120,"Herrin, Tim",15.159,15.159
543408,"Koehler, Tom",15.163,15.163
676710,"Crawford, Kutter",15.164,15.164
502211,"Bolsinger, Mike",15.173,15.173
667755,"Soriano, José",15.176,15.176
670970,"Morejon, Adrian",15.177,15.177
571946,"Miller, Shelby",15.181,15.181
519043,"Moore, Matt",15.183,15.183
595191,"Eickhoff, Jerad",15.187,15.187
675911,"Strider, Spencer",15.188,15.188
670056,"Baragar, Caleb",15.189,15.189
543272,"Hand, Brad",15.19,15.19
545363,"Turner, Jacob",15.195,15.195
676282,"Cantillo, Joey",15.199,15.199
656464,"Ginkel, Kevin",15.205,15.205
664353,"Urquidy, José",15.206,15.206
543144,"Farquhar, Danny",15.208,15.208
543507,"May, Trevor",15.211,15.211
607215,"Skoglund, Eric",15.215,15.215
622766,"Díaz, Miguel",15.215,15.215
450306,"Vargas, Jason",15.216,15.216
643493,"Pruitt, Austin",15.219,15.219
622503,"Crismatt, Nabil",15.226,15.226
680767,"Vodnik, Victor",15.228,15.228
663765,"Woodford, Jake",15.229,15.229
628333,"Despaigne, Odrisamer",15.248,15.248
594798,"deGrom, Jacob",15.249,15.249
450665,"Medlen, Kris",15.249,15.249
670766,"McCaughan, Darren",15.251,15.251
643230,"Brault, Steven",15.263,15.263
621074,"Rucker, Michael",15.263,15.263
665620,"García, Deivi",15.278,15.278
593679,"Ynoa, Gabriel",15.282,15.282
519141,"Pomeranz, Drew",15.282,15.282
434538,"Liriano, Francisco",15.282,15.282
678495,"Rodríguez, Randy",15.282,15.282
592789,"Syndergaard, Noah",15.287,15.287
702352,"Bivens, Spencer",15.291,15.291
686539,"Cronin, Declan",15.294,15.294
642092,"Smith, Riley",15.294,15.294
501957,"Tillman, Chris",15.296,15.296
691587,"Pérez, Eury",15.31,15.31
462382,"Johnson, Jim",15.315,15.315
607219,"Romano, Sal",15.315,15.315
593423,"Montas, Frankie",15.315,15.315
605156,"Brooks, Aaron",15.316,15.316
656794,"Newcomb, Sean",15.322,15.322
458681,"Lynn, Lance",15.326,15.326
518420,"Axelrod, Dylan",15.326,15.326
456776,"Torres, Alex",15.326,15.326
521230,"Hendriks, Liam",15.342,15.342
695243,"Miller, Mason",15.345,15.345
612672,"Chen, Wei-Yin",15.349,15.349
622554,"Domínguez, Seranthony",15.349,15.349
553878,"Vázquez, Felipe",15.349,15.349
462136,"Estrada, Marco",15.354,15.354
670059,"Holderman, Colin",15.354,15.354
680723,"Rom, Drew",15.357,15.357
623352,"Hader, Josh",15.363,15.363
670950,"Richards, Trevor",15.364,15.364
676440,"Bibee, Tanner",15.372,15.372
434628,"Hammel, Jason",15.373,15.373
518790,"Heston, Chris",15.373,15.373
517593,"Salazar, Danny",15.382,15.382
622694,"Hernández, Elieser",15.382,15.382
622608,"Senzatela, Antonio",15.382,15.382
112526,"Colon, Bartolo",15.383,15.383
656529,"Hentges, Sam",15.391,15.391
696136,"Wicks, Jordan",15.392,15.392
666374,"Brash, Matt",15.396,15.396
605242,"Fulmer, Michael",15.416,15.416
501925,"Smith, Joe",15.419,15.419
671212,"Boyle, Joe",15.419,15.419
279782,"Garland, Jon",15.429,15.429
656638,"Lange, Alex",15.436,15.436
458709,"Lannan, John",15.451,15.451
623437,"Topa, Justin",15.455,15.455
435221,"McCarthy, Brandon",15.456,15.456
663485,"Sands, Cole",15.458,15.458
622253,"Tate, Dillon",15.46,15.46
663773,"Hoeing, Bryan",15.463,15.463
621219,"Mills, Alec",15.464,15.464
665152,"Kremer, Dean",15.465,15.465
571656,"Farmer, Buck",15.465,15.465
672578,"Hernández, Carlos",15.473,15.473
425794,"Wainwright, Adam",15.474,15.474
346798,"Lohse, Kyle",15.478,15.478
544150,"Suárez, Albert",15.483,15.483
543557,"Montgomery, Mike",15.492,15.492
572403,"VerHagen, Drew",15.507,15.507
592804,"Thornburg, Tyler",15.507,15.507
573009,"Mantiply, Joe",15.509,15.509
663559,"Falter, Bailey",15.51,15.51
657097,"Webb, Jacob",15.512,15.512
608717,"Stratton, Chris",15.516,15.516
592717,"Sanchez, Aaron",15.518,15.518
543495,"Martin, Ethan",15.519,15.519
641585,"France, J.P.",15.53,15.53
595014,"Treinen, Blake",15.535,15.535
641703,"Honeywell, Brent",15.542,15.542
643377,"Jax, Griffin",15.542,15.542
607481,"Bummer, Aaron",15.545,15.545
640462,"Puk, A.J.",15.546,15.546
594742,"Asher, Alec",15.549,15.549
621142,"Buttrey, Ty",15.549,15.549
592644,"Plutko, Adam",15.549,15.549
607644,"Means, John",15.549,15.549
641729,"Jiménez, Joe",15.554,15.554
277417,"Beckett, Josh",15.561,15.561
656302,"Cease, Dylan",15.569,15.569
605347,"López, Jorge",15.572,15.572
453249,"Manship, Jeff",15.581,15.581
453281,"LeBlanc, Wade",15.582,15.582
621112,"Blackburn, Paul",15.582,15.582
642546,"Hernández, Jonathan",15.584,15.584
669796,"Hernandez, Jose E.",15.584,15.584
606965,"Devenski, Chris",15.59,15.59
502706,"Holland, Derek",15.59,15.59
641743,"Kay, Anthony",15.593,15.593
628711,"Urías, Julio",15.595,15.595
534910,"Hahn, Jesse",15.596,15.596
571786,"Hollands, Mario",15.598,15.598
664208,"Maton, Phil",15.602,15.602
608331,"Fried, Max",15.606,15.606
467008,"Strop, Pedro",15.616,15.616
519144,"Porcello, Rick",15.616,15.616
431162,"Stauffer, Tim",15.62,15.62
592662,"Ray, Robbie",15.621,15.621
544931,"Strasburg, Stephen",15.622,15.622
661395,"Duran, Jhoan",15.623,15.623
663878,"Pearson, Nate",15.632,15.632
605538,"Wisler, Matt",15.637,15.637
500779,"Quintana, Jose",15.639,15.639
594986,"Ryan, Kyle",15.648,15.648
598286,"Ramirez, Nick",15.649,15.649
663567,"Lambert, Peter",15.649,15.649
605446,"Rodríguez, Dereck",15.649,15.649
642232,"Yarbrough, Ryan",15.649,15.649
683003,"Jones, Jared",15.659,15.659
504379,"Nicasio, Juan",15.663,15.663
681806,"Wantz, Andrew",15.666,15.666
681190,"Vásquez, Randy",15.669,15.669
446641,"Lopez, Wilton",15.671,15.671
681217,"Silseth, Chase",15.677,15.677
621053,"Ferguson, Tyler",15.677,15.677
518553,"Cishek, Steve",15.682,15.682
593576,"Neris, Héctor",15.683,15.683
663455,"Pilkington, Konnor",15.686,15.686
656234,"Bird, Jake",15.686,15.686
670174,"Winckowski, Josh",15.696,15.696
622098,"Smith, Drew",15.698,15.698
605138,"Benjamin, Wes",15.701,15.701
668933,"Ashcraft, Graham",15.702,15.702
493157,"Uehara, Koji",15.71,15.71
448614,"Torres, Carlos",15.713,15.713
450308,"Weaver, Jered",15.715,15.715
608349,"Knebel, Corey",15.719,15.719
592351,"Gray, Jon",15.727,15.727
448802,"García, Jaime",15.728,15.728
676534,"Faucher, Calvin",15.73,15.73
552640,"Kittredge, Andrew",15.731,15.731
664141,"Brubaker, JT",15.733,15.733
623465,"Phillips, Evan",15.738,15.738
452733,"Gorzelanny, Tom",15.74,15.74
672335,"Pérez, Cionel",15.741,15.741
694297,"Pfaadt, Brandon",15.744,15.744
663776,"Sandoval, Patrick",15.749,15.749
592665,"Reed, Addison",15.749,15.749
502748,"Peacock, Brad",15.755,15.755
572102,"Sampson, Keyvius",15.761,15.761
475479,"Phelps, David",15.761,15.761
605483,"Snell, Blake",15.762,15.762
663423,"Thornton, Trent",15.765,15.765
663704,"McArthur, James",15.767,15.767
605276,"Hess, David",15.782,15.782
434671,"Sánchez, Aníbal",15.784,15.784
571800,"Hutchison, Drew",15.784,15.784
543606,"Odorizzi, Jake",15.787,15.787
554340,"García, Yimi",15.79,15.79
686610,"Waldichuk, Ken",15.792,15.792
453286,"Scherzer, Max",15.792,15.792
613534,"Adams, Austin",15.793,15.793
668941,"Romero, JoJo",15.793,15.793
664299,"Javier, Cristian",15.802,15.802
518468,"Blazek, Michael",15.814,15.814
430935,"Hamels, Cole",15.814,15.814
605447,"Romano, Jordan",15.815,15.815
534947,"Adleman, Tim",15.816,15.816
570240,"Peña, Félix",15.816,15.816
656061,"Abreu, Albert",15.82,15.82
621363,"Poche, Colin",15.823,15.823
663941,"Beck, Tristan",15.827,15.827
600986,"Vieira, Thyago",15.829,15.829
700249,"Povich, Cade",15.83,15.83
517060,"Hernandez, Pedro",15.834,15.834
640451,"Harvey, Hunter",15.834,15.834
461872,"Swarzak, Anthony",15.836,15.836
119984,"Oliver, Darren",15.838,15.838
679885,"Martinez, Justin",15.845,15.845
680897,"Nastrini, Nick",15.846,15.846
592332,"Gausman, Kevin",15.849,15.849
642098,"Sparkman, Glenn",15.849,15.849
694973,"Skenes, Paul",15.867,15.867
622250,"Sborz, Josh",15.871,15.871
593144,"Rodríguez, Richard",15.883,15.883
592761,"Smith, Caleb",15.883,15.883
662253,"Muñoz, Andrés",15.884,15.884
669387,"Mlodzinski, Carmen",15.89,15.89
661403,"Clase, Emmanuel",15.9,15.9
457918,"Happ, J.A.",15.915,15.915
606273,"Elías, Roenis",15.916,15.916
434672,"Smith, Chris",15.916,15.916
677976,"Dobnak, Randy",15.921,15.921
453307,"Huff, David",15.924,15.924
605280,"Holmes, Clay",15.931,15.931
554234,"Pérez, Williams",15.933,15.933
408241,"Peavy, Jake",15.935,15.935
641360,"Bickford, Phil",15.941,15.941
519263,"Schugel, A.J.",15.946,15.946
605254,"Gossett, Daniel",15.949,15.949
452657,"Lester, Jon",15.949,15.949
623167,"Flexen, Chris",15.952,15.952
657649,"Koenig, Jared",15.954,15.954
668674,"Erceg, Lucas",15.954,15.954
665625,"Peguero, Elvis",15.955,15.955
407793,"Lackey, John",15.958,15.958
669022,"Gore, MacKenzie",15.961,15.961
605240,"Fry, Jace",15.965,15.965
657140,"Wright, Kyle",15.974,15.974
451584,"Davis, Wade",15.979,15.979
621385,"Stumpf, Daniel",15.982,15.982
643327,"Godley, Zack",15.983,15.983
656793,"Nelson, Nick",15.983,15.983
657044,"Thompson, Ryan",15.991,15.991
279571,"Belisle, Matt",15.993,15.993
573204,"Thielbar, Caleb",15.995,15.995
502085,"Robertson, David",16.007,16.007
570666,"Cessa, Luis",16.008,16.008
608648,"Duffey, Tyler",16.016,16.016
605513,"Turnbull, Spencer",16.016,16.016
571735,"Hale, David",16.018,16.018
502011,"Claiborne, Preston",16.02,16.02
543779,"Siegrist, Kevin",16.021,16.021
621121,"McCullers Jr., Lance",16.025,16.025
446185,"Ondrusek, Logan",16.031,16.031
450351,"Wilson, C.J.",16.033,16.033
502253,"Sanabia, Alex",16.036,16.036
666974,"Cano, Yennier",16.037,16.037
600917,"Leclerc, José",16.041,16.041
456071,"Flande, Yohan",16.044,16.044
579328,"Kikuchi, Yusei",16.047,16.047
622864,"Romero, Fernando",16.049,16.049
641871,"Middleton, Keynan",16.05,16.05
543331,"Hoover, J.J.",16.051,16.051
686799,"Kochanowicz, Jack",16.051,16.051
465629,"Mujica, Edward",16.054,16.054
503449,"Peralta, Wily",16.056,16.056
666808,"Doval, Camilo",16.064,16.064
656550,"Holmes, Grant",16.072,16.072
664875,"Lawrence, Justin",16.073,16.073
624522,"Thompson, Keegan",16.074,16.074
669920,"Alexander, Jason",16.076,16.076
623439,"Garton, Ryan",16.081,16.081
543169,"Flynn, Brian",16.082,16.082
673540,"Senga, Kodai",16.086,16.086
650556,"Abreu, Bryan",16.098,16.098
669622,"Bender, Anthony",16.103,16.103
474699,"Worley, Vance",16.108,16.108
445163,"Janssen, Casey",16.112,16.112
451596,"Gallardo, Yovani",16.116,16.116
676265,"Abbott, Cory",16.119,16.119
656756,"Montgomery, Jordan",16.119,16.119
518875,"Kelley, Shawn",16.123,16.123
666120,"Anderson, Ian",16.131,16.131
445213,"Kintzler, Brandon",16.132,16.132
606162,"Ramírez, Yefry",16.149,16.149
669923,"Kirby, George",16.158,16.158
666214,"Wentz, Joey",16.16,16.16
543456,"Lobstein, Kyle",16.16,16.16
448306,"Shields, James",16.166,16.166
656945,"Scott, Tanner",16.168,16.168
518863,"Jordan, Taylor",16.173,16.173
666277,"Soriano, George",16.176,16.176
606167,"Mejía, Adalberto",16.183,16.183
501625,"Alvarez, Jose",16.186,16.186
607374,"Tropeano, Nick",16.186,16.186
434669,"Mendoza, Luis",16.189,16.189
656288,"Canning, Griffin",16.19,16.19
542914,"Bass, Anthony",16.193,16.193
592879,"Wojciechowski, Asher",16.196,16.196
519443,"Workman, Brandon",16.199,16.199
502043,"Gibson, Kyle",16.202,16.202
686613,"Brown, Hunter",16.203,16.203
664062,"Gonsolin, Tony",16.208,16.208
607231,"Gant, John",16.216,16.216
656546,"Hoffman, Jeff",16.216,16.216
592130,"Barnes, Danny",16.216,16.216
641571,"Fillmyer, Heath",16.216,16.216
594965,"Ponce de Leon, Daniel",16.216,16.216
467094,"Doubront, Felix",16.228,16.228
600921,"Machado, Andrés",16.229,16.229
501381,"Pineda, Michael",16.231,16.231
670990,"Ramírez, Yohan",16.237,16.237
640470,"Alzolay, Adbert",16.241,16.241
670280,"Bednar, David",16.242,16.242
681869,"Dubin, Shawn",16.245,16.245
534737,"Dean, Pat",16.247,16.247
656713,"McKay, Brendan",16.249,16.249
664849,"Young, Danny",16.268,16.268
425840,"Cotts, Neal",16.269,16.269
663574,"Santillan, Tony",16.273,16.273
606160,"Montero, Rafael",16.276,16.276
445060,"Nolasco, Ricky",16.28,16.28
622446,"Rodriguez, Jefry",16.282,16.282
593140,"Feliz, Michael",16.283,16.283
623381,"Pannone, Thomas",16.283,16.283
628317,"Maeda, Kenta",16.288,16.288
676680,"Cosgrove, Tom",16.289,16.289
445612,"Thayer, Dale",16.29,16.29
663986,"Stephan, Trevor",16.291,16.291
571901,"Loup, Aaron",16.294,16.294
664199,"Clarke, Taylor",16.294,16.294
453268,"Bard, Daniel",16.297,16.297
543243,"Gray, Sonny",16.308,16.308
669330,"Wells, Tyler",16.311,16.311
469134,"Rogers, Esmil",16.323,16.323
669203,"Burnes, Corbin",16.328,16.328
592433,"Jenkins, Tyrell",16.335,16.335
670124,"Oller, Adam",16.344,16.344
657240,"Merryweather, Julian",16.349,16.349
594840,"Grace, Matt",16.349,16.349
643256,"Cimber, Adam",16.35,16.35
444857,"Feldman, Scott",16.35,16.35
218596,"Hudson, Tim",16.351,16.351
572888,"Greene, Shane",16.352,16.352
592593,"Nicolino, Justin",16.355,16.355
668338,"Miller, Tyson",16.36,16.36
572070,"Richards, Garrett",16.365,16.365
539438,"Diamond, Scott",16.368,16.368
452027,"Albers, Andrew",16.373,16.373
605400,"Nola, Aaron",16.377,16.377
664285,"Valdez, Framber",16.377,16.377
681035,"Scott, Christian",16.383,16.383
607188,"Faria, Jake",16.383,16.383
571951,"Mitchell, Bryan",16.383,16.383
663362,"Waldron, Matt",16.384,16.384
670167,"Schreiber, John",16.385,16.385
621076,"Kaprielian, James",16.386,16.386
572140,"Skaggs, Tyler",16.416,16.416
596271,"Lawrence, Casey",16.416,16.416
663855,"Hicks, Jordan",16.417,16.417
543208,"Gaviglio, Sam",16.417,16.417
453178,"Kennedy, Ian",16.421,16.421
687765,"Spence, Mitch",16.421,16.421
502179,"Espino, Paolo",16.427,16.427
670102,"Francis, Bowden",16.434,16.434
456051,"Noesí, Hector",16.435,16.435
523989,"De La Rosa, Rubby",16.442,16.442
518633,"Duffy, Danny",16.45,16.45
657571,"Ferguson, Caleb",16.45,16.45
592716,"Sampson, Adrian",16.45,16.45
621237,"Alvarado, José",16.453,16.453
607179,"Weems, Jordan",16.454,16.454
595345,"Okert, Steven",16.456,16.456
686826,"Jarvis, Bryce",16.459,16.459
450282,"Perkins, Glen",16.471,16.471
453344,"Morrow, Brandon",16.474,16.474
543766,"Shaw, Bryan",16.483,16.483
663460,"Bubic, Kris",16.488,16.488
133225,"Dempster, Ryan",16.489,16.489
453198,"Perez, Chris",16.514,16.514
453562,"Arrieta, Jake",16.517,16.517
433587,"Hernández, Félix",16.517,16.517
623474,"Herget, Jimmy",16.533,16.533
430904,"Maholm, Paul",16.538,16.538
592145,"Biddle, Jesse",16.55,16.55
622097,"Thompson, Jake",16.55,16.55
606424,"García, Jarlín",16.55,16.55
460701,"Russell, James",16.557,16.557
672715,"Patiño, Luis",16.558,16.558
624418,"Castellani, Ryan",16.573,16.573
456379,"Alburquerque, Al",16.576,16.576
605130,"Barlow, Scott",16.576,16.576
806185,"Birdsong, Hayden",16.576,16.576
527054,"Teheran, Julio",16.576,16.576
660271,"Ohtani, Shohei",16.577,16.577
684007,"Imanaga, Shota",16.582,16.582
523260,"Kelly, Joe",16.583,16.583
608716,"Steckenrider, Drew",16.583,16.583
488674,"Badenhop, Burke",16.583,16.583
663158,"Suarez, Robert",16.596,16.596
435044,"Baker, Scott",16.596,16.596
468396,"Ogando, Alexi",16.598,16.598
608337,"Giolito, Lucas",16.599,16.599
605388,"Morgan, Adam",16.602,16.602
682243,"Miller, Bryce",16.603,16.603
543518,"McGough, Scott",16.605,16.605
425827,"Bonderman, Jeremy",16.608,16.608
489334,"Stammen, Craig",16.61,16.61
518489,"Brasier, Ryan",16.612,16.612
542585,"Cisnero, José",16.624,16.624
502042,"Archer, Chris",16.632,16.632
543901,"Weber, Ryan",16.65,16.65
657610,"Hildenberger, Trevor",16.65,16.65
464416,"Pino, Yohan",16.671,16.671
680686,"Gray, Josiah",16.672,16.672
664294,"Moreta, Dauri",16.678,16.678
543339,"Hudson, Daniel",16.678,16.678
475243,"Wood, Travis",16.679,16.679
608723,"Voth, Austin",16.681,16.681
621056,"Wood, Hunter",16.683,16.683
543883,"Vincent, Nick",16.683,16.683
453192,"Miller, Andrew",16.684,16.684
451788,"Marcum, Shaun",16.685,16.685
676395,"Garcia, Robert",16.693,16.693
641656,"Hamilton, Ian",16.7,16.7
660853,"De Los Santos, Enyel",16.702,16.702
542888,"Armstrong, Shawn",16.703,16.703
605177,"Chafin, Andrew",16.707,16.707
669711,"Weissert, Greg",16.71,16.71
121250,"Rivera, Mariano",16.716,16.716
677944,"Cecconi, Slade",16.718,16.718
693312,"Nicolas, Kyle",16.729,16.729
571710,"Givens, Mychal",16.73,16.73
669169,"Heasley, Jonathan",16.735,16.735
489446,"Yates, Kirby",16.739,16.739
595465,"Winkler, Dan",16.739,16.739
462985,"Morales, Franklin",16.745,16.745
519293,"Smith, Will",16.746,16.746
543070,"Crow, Aaron",16.747,16.747
544836,"Romero, Enny",16.748,16.748
571787,"Holmberg, David",16.75,16.75
640444,"Crowe, Wil",16.75,16.75
606930,"Barnes, Jacob",16.755,16.755
519096,"Otero, Dan",16.755,16.755
543054,"Cosart, Jarred",16.757,16.757
572788,"Cravy, Tyler",16.759,16.759
447755,"Delabar, Steve",16.763,16.763
592773,"Stanek, Ryne",16.77,16.77
519267,"Scribner, Evan",16.773,16.773
680739,"Winder, Josh",16.781,16.781
683232,"Mears, Nick",16.783,16.783
641329,"Baker, Bryan",16.785,16.785
150119,"Garcia, Freddy",16.8,16.8
660623,"Ynoa, Huascar",16.801,16.801
650496,"Mejía, J.C.",16.81,16.81
641941,"Pagán, Emilio",16.811,16.811
656970,"Smeltzer, Devin",16.814,16.814
656578,"Jackson, Andre",16.814,16.814
519326,"Strickland, Hunter",16.816,16.816
571863,"Koch, Matt",16.816,16.816
608638,"Chargois, JT",16.82,16.82
676760,"Marinaccio, Ron",16.82,16.82
671345,"Foley, Jason",16.832,16.832
283166,"Gonzalez, Michael",16.833,16.833
591693,"Ramos, Edubray",16.85,16.85
476570,"Mazzaro, Vin",16.855,16.855
451628,"Figaro, Alfredo",16.856,16.856
623451,"Stephens, Jackson",16.858,16.858
684320,"Rodríguez, Yariel",16.861,16.861
493133,"Kuroda, Hiroki",16.869,16.869
435043,"Duke, Zach",16.884,16.884
678368,"Bellozo, Valente",16.89,16.89
502381,"Gregerson, Luke",16.895,16.895
642083,"Slegers, Aaron",16.898,16.898
643290,"Dunn, Justin",16.908,16.908
621381,"Strahm, Matt",16.915,16.915
542960,"Brach, Brad",16.917,16.917
543903,"Webster, Allen",16.92,16.92
594760,"Blair, Aaron",16.923,16.923
430580,"Simon, Alfredo",16.929,16.929
444468,"Rondón, Héctor",16.933,16.933
519151,"Pressly, Ryan",16.947,16.947
502158,"Roenicke, Josh",16.949,16.949
519085,"Oberholtzer, Brett",16.958,16.958
456696,"Hernandez, David",16.961,16.961
502593,"Petricka, Jake",16.964,16.964
519105,"Parker, Jarrod",16.968,16.968
669270,"Kuhnel, Joel",16.975,16.975
434378,"Verlander, Justin",16.978,16.978
605121,"Anderson, Justin",16.978,16.978
661309,"Martínez, Adrián",16.979,16.979
605135,"Bassitt, Chris",17.011,17.011
594736,"Anderson, Cody",17.035,17.035
663558,"Morán, Jovani",17.044,17.044
680730,"Parker, Mitchell",17.045,17.045
605541,"Wright Jr., Mike",17.05,17.05
456068,"González, Miguel",17.052,17.052
642121,"Sulser, Cole",17.058,17.058
605540,"Woodruff, Brandon",17.061,17.061
456027,"Ohlendorf, Ross",17.062,17.062
425844,"Greinke, Zack",17.064,17.064
657611,"Hill, Cam",17.081,17.081
650893,"Cabrera, Génesis",17.082,17.082
643466,"Musgrave, Harrison",17.084,17.084
571666,"Fiers, Mike",17.084,17.084
606149,"Gallegos, Giovanny",17.094,17.094
656354,"Davis, Austin",17.102,17.102
605482,"Sneed, Cy",17.103,17.103
458950,"Humber, Philip",17.111,17.111
621097,"Waguespack, Jacob",17.117,17.117
476594,"Stock, Robert",17.118,17.118
425856,"Floyd, Gavin",17.125,17.125
657756,"Seabold, Connor",17.134,17.134
433584,"Hernandez, Roberto",17.135,17.135
217096,"Zito, Barry",17.144,17.144
502202,"Boxberger, Brad",17.148,17.148
519294,"Smoker, Josh",17.151,17.151
659275,"Lamet, Dinelson",17.151,17.151
663432,"Rainey, Tanner",17.156,17.156
641501,"Danish, Tyler",17.169,17.169
493159,"Wada, Tsuyoshi",17.172,17.172
276514,"Gregg, Kevin",17.173,17.173
518516,"Bumgarner, Madison",17.184,17.184
664076,"Cleavinger, Garrett",17.194,17.194
543056,"Coulombe, Danny",17.194,17.194
657585,"Garrett, Reed",17.197,17.197
680694,"Bradish, Kyle",17.21,17.21
491646,"Gómez, Jeanmar",17.212,17.212
571858,"Kline, Branden",17.218,17.218
518886,"Kimbrel, Craig",17.221,17.221
674072,"Henry, Tommy",17.231,17.231
453222,"Carroll, Scott",17.231,17.231
675921,"Howard, Spencer",17.239,17.239
607359,"Patton, Spencer",17.246,17.246
547973,"Chapman, Aroldis",17.249,17.249
450212,"Neshek, Pat",17.259,17.259
669093,"Estrada, Jeremiah",17.261,17.261
502009,"Latos, Mat",17.262,17.262
518617,"Diekman, Jake",17.266,17.266
462102,"Hanson, Tommy",17.267,17.267
472610,"García, Luis",17.279,17.279
663542,"Hudson, Bryan",17.28,17.28
605232,"Finnegan, Brandon",17.283,17.283
518445,"Bell, Chad",17.284,17.284
467850,"Escalona, Edgmer",17.287,17.287
677161,"Kelly, Zack",17.288,17.288
501822,"Hatcher, Chris",17.291,17.291
621368,"Hearn, Taylor",17.314,17.314
661269,"Gutierrez, Vladimir",17.315,17.315
641312,"Anderson, Shaun",17.317,17.317
502188,"Samardzija, Jeff",17.317,17.317
605155,"Brewer, Colten",17.318,17.318
656731,"Megill, Tylor",17.326,17.326
545064,"Díaz, Jairo",17.332,17.332
502272,"Fien, Casey",17.332,17.332
641755,"Kinley, Tyler",17.335,17.335
474668,"Surkamp, Eric",17.363,17.363
518585,"Cruz, Fernando",17.363,17.363
453646,"Villanueva, Carlos",17.371,17.371
460059,"Pelfrey, Mike",17.372,17.372
542882,"Andriese, Matt",17.382,17.382
454537,"Burton, Jared",17.394,17.394
622772,"Cordero, Jimmy",17.396,17.396
641447,"Castano, Daniel",17.413,17.413
594577,"Mayers, Mike",17.417,17.417
572955,"Johnson, Pierce",17.419,17.419
676664,"Sears, JP",17.433,17.433
669467,"Pallante, Andre",17.447,17.447
475857,"Cook, Ryan",17.462,17.462
461856,"Patton, Troy",17.465,17.465
592454,"Kahnle, Tommy",17.478,17.478
594580,"Moll, Sam",17.492,17.492
623430,"Dull, Ryan",17.492,17.492
605452,"Ross, Joe",17.494,17.494
642203,"Widener, Taylor",17.495,17.495
642701,"Santana, Dennis",17.497,17.497
448281,"Doolittle, Sean",17.51,17.51
542947,"Bleier, Richard",17.517,17.517
525768,"Collins, Tim",17.526,17.526
640463,"Shipley, Braden",17.528,17.528
656954,"Sheffield, Justus",17.529,17.529
689225,"Brieske, Beau",17.541,17.541
641672,"Hatch, Thomas",17.544,17.544
675540,"Curry, Xzavion",17.547,17.547
547888,"Tanaka, Masahiro",17.55,17.55
592826,"Velasquez, Vince",17.551,17.551
501992,"Karns, Nate",17.552,17.552
642207,"Williams, Devin",17.555,17.555
543184,"Friedrich, Christian",17.563,17.563
506433,"Darvish, Yu",17.568,17.568
453172,"Hughes, Jared",17.577,17.577
621345,"Minter, A.J.",17.586,17.586
682051,"Hill, Garrett",17.588,17.588
448855,"Guerra, Junior",17.59,17.59
518858,"Jones, Nate",17.599,17.599
664129,"Hartlieb, Geoff",17.61,17.61
493603,"Ottavino, Adam",17.619,17.619
518397,"Alexander, Scott",17.65,17.65
542432,"Ramirez, José",17.651,17.651
573668,"Minaya, Juan",17.651,17.651
656657,"Logue, Zach",17.652,17.652
595001,"Smith, Josh A.",17.667,17.667
607457,"Barraclough, Kyle",17.684,17.684
548337,"Verrett, Logan",17.686,17.686
592094,"Adam, Jason",17.693,17.693
282332,"Sabathia, CC",17.718,17.718
476454,"Betances, Dellin",17.739,17.739
656641,"Latz, Jacob",17.748,17.748
456701,"Bailey, Homer",17.748,17.748
528748,"Castellanos, Humberto",17.749,17.749
543542,"Meyer, Alex",17.751,17.751
592811,"Triggs, Andrew",17.751,17.751
664042,"Lakins Sr., Travis",17.762,17.762
458677,"Wilson, Justin",17.771,17.771
669358,"Baz, Shane",17.778,17.778
150274,"Nathan, Joe",17.781,17.781
623184,"Oberg, Scott",17.784,17.784
605507,"Thompson, Zach",17.799,17.799
676714,"Hughes, Brandon",17.81,17.81
488846,"Duensing, Brian",17.817,17.817
501789,"Harris, Will",17.817,17.817
595918,"Cole, A.J.",17.818,17.818
592222,"Claudio, Alex",17.818,17.818
606996,"Hart, Kyle",17.83,17.83
664854,"Helsley, Ryan",17.83,17.83
640448,"Finnegan, Kyle",17.831,17.831
501955,"Chamberlain, Joba",17.845,17.845
666201,"Manoah, Alek",17.845,17.845
642564,"Martes, Francis",17.852,17.852
571521,"Brothers, Rex",17.859,17.859
543219,"Gilmartin, Sean",17.88,17.88
543483,"Magill, Matt",17.884,17.884
605195,"Crick, Kyle",17.885,17.885
660261,"Fujinami, Shintaro",17.923,17.923
429781,"Correia, Kevin",17.923,17.923
424144,"Pérez, Oliver",17.928,17.928
598264,"Barnes, Matt",17.939,17.939
446399,"Cecil, Brett",17.944,17.944
516910,"Frías, Carlos",17.946,17.946
621295,"Wittgren, Nick",17.951,17.951
543900,"Webb, Daniel",17.952,17.952
518693,"Freeman, Sam",17.952,17.952
596043,"Mengden, Daniel",17.958,17.958
502032,"Norris, Bud",17.981,17.981
491708,"Caminero, Arquimedes",18.031,18.031
518764,"Hand, Donovan",18.042,18.042
544365,"Bañuelos, Manny",18.051,18.051
519076,"Nelson, Jimmy",18.064,18.064
669145,"Zimmermann, Bruce",18.065,18.065
600968,"Rosario, Randy",18.084,18.084
681911,"Vesia, Alex",18.101,18.101
595032,"Whitley, Chase",18.111,18.111
621249,"Underwood Jr., Duane",18.113,18.113
450172,"Volquez, Edinson",18.151,18.151
656876,"Rasmussen, Drew",18.176,18.176
599683,"Saupold, Warwick",18.185,18.185
500724,"Ramírez, JC",18.185,18.185
467726,"Mijares, Jose",18.206,18.206
608678,"Leone, Dominic",18.223,18.223
669912,"Snead, Kirby",18.23,18.23
503444,"De La Cruz, Joel",18.233,18.233
592858,"Wick, Rowan",18.249,18.249
476451,"Hellickson, Jeremy",18.251,18.251
459429,"McGee, Jake",18.252,18.252
458730,"Parnell, Bobby",18.266,18.266
452718,"Kendrick, Kyle",18.282,18.282
621348,"Clay, Sam",18.283,18.283
593833,"Suero, Wander",18.285,18.285
407845,"Rodney, Fernando",18.285,18.285
570663,"Robles, Hansel",18.285,18.285
594943,"Neal, Zach",18.29,18.29
669947,"Scholtens, Jesse",18.296,18.296
656458,"Gilbreath, Lucas",18.301,18.301
657624,"James, Josh",18.315,18.315
668687,"Scrubb, Andre",18.333,18.333
621051,"Wilson, Steven",18.333,18.333
452666,"Wilhelmsen, Tom",18.341,18.341
472551,"Abad, Fernando",18.353,18.353
444520,"Breslow, Craig",18.353,18.353
547874,"Iwakuma, Hisashi",18.359,18.359
572125,"Selman, Sam",18.363,18.363
465657,"Soria, Joakim",18.364,18.364
434637,"Lindstrom, Matt",18.367,18.367
621078,"Lail, Brady",18.368,18.368
605476,"Smith, Carson",18.372,18.372
429719,"Jackson, Edwin",18.382,18.382
596112,"Stephenson, Robert",18.385,18.385
693433,"Woo, Bryan",18.385,18.385
641838,"McCarthy, Kevin",18.385,18.385
643316,"Fry, Paul",18.385,18.385
570257,"Rodríguez, Joely",18.442,18.442
518560,"Clemens, Paul",18.444,18.444
621199,"Bowman, Matt",18.448,18.448
595881,"Beede, Tyler",18.451,18.451
592547,"McGuire, Deck",18.451,18.451
644364,"Arano, Víctor",18.452,18.452
425626,"Capuano, Chris",18.472,18.472
115629,"Hawkins, LaTroy",18.481,18.481
606625,"Moronta, Reyes",18.485,18.485
457915,"Guerra, Javy",18.485,18.485
534812,"Quackenbush, Kevin",18.492,18.492
434181,"League, Brandon",18.498,18.498
592102,"Allen, Cody",18.518,18.518
656547,"Holder, Jonathan",18.518,18.518
605194,"Cotton, Jharel",18.519,18.519
449079,"Wright, Wesley",18.52,18.52
453265,"Watson, Tony",18.535,18.535
663531,"Allen, Logan",18.538,18.538
502004,"Kontos, George",18.57,18.57
605525,"Wendelken, J.B.",18.578,18.578
571871,"Krol, Ian",18.584,18.584
626929,"Thorpe, Lewis",18.584,18.584
656685,"Martin, Brett",18.585,18.585
435400,"Motte, Jason",18.587,18.587
685503,"Arihara, Kohei",18.612,18.612
516969,"Herrera, Kelvin",18.613,18.613
664948,"Misiewicz, Anthony",18.651,18.651
622092,"Zimmer, Kyle",18.653,18.653
573109,"Ramos, AJ",18.653,18.653
429985,"Gaudin, Chad",18.658,18.658
445276,"Jansen, Kenley",18.671,18.671
521655,"Font, Wilmer",18.685,18.685
592473,"Kolarek, Adam",18.685,18.685
453329,"Buchholz, Clay",18.686,18.686
605218,"Edwards Jr., Carl",18.686,18.686
493247,"Moylan, Peter",18.693,18.693
458690,"Volstad, Chris",18.718,18.718
532077,"Osuna, Roberto",18.718,18.718
425492,"Madson, Ryan",18.719,18.719
493137,"Matsuzaka, Daisuke",18.721,18.721
518927,"Layne, Tommy",18.723,18.723
474521,"Tolleson, Shawn",18.735,18.735
451085,"Matusz, Brian",18.739,18.739
502304,"Carpenter, David",18.756,18.756
592233,"Crichton, Stefan",18.761,18.761
664074,"Ponce, Cody",18.782,18.782
594987,"Sadler, Casey",18.801,18.801
543359,"Jennings, Dan",18.819,18.819
150359,"Burnett, A.J.",18.82,18.82
489295,"Schlitter, Brian",18.83,18.83
607391,"Mazza, Chris",18.839,18.839
477569,"Salas, Fernando",18.852,18.852
596071,"Peters, Dillon",18.852,18.852
605309,"Kela, Keone",18.853,18.853
544993,"Geltz, Steve",18.865,18.865
477229,"Walden, Jordan",18.87,18.87
642585,"Bautista, Félix",18.881,18.881
458919,"Mattheus, Ryan",18.9,18.9
285064,"Vogelsong, Ryan",18.908,18.908
457711,"O'Sullivan, Sean",18.913,18.913
543935,"Wilson, Alex",18.919,18.919
543118,"Drake, Oliver",18.919,18.919
456034,"Price, David",18.924,18.924
656186,"Altavilla, Dan",18.939,18.939
460008,"Varvaro, Anthony",18.939,18.939
459987,"Ramos, Cesár",18.963,18.963
407853,"Bedard, Erik",18.979,18.979
669395,"Coleman, Dylan",18.98,18.98
430661,"McGowan, Dustin",19.001,19.001
460024,"Hochevar, Luke",19.005,19.005
489265,"Romo, Sergio",19.019,19.019
669424,"Lambert, Jimmy",19.042,19.042
488748,"Buchter, Ryan",19.053,19.053
518603,"De Fratus, Justin",19.068,19.068
461791,"Marmol, Carlos",19.07,19.07
584171,"Velázquez, Hector",19.085,19.085
642231,"Yacabonis, Jimmy",19.086,19.086
446099,"Axford, John",19.086,19.086
446488,"Rice, Scott",19.09,19.09
621129,"Cody, Kyle",19.093,19.093
608328,"De Jong, Chase",19.109,19.109
650828,"Santana, Edgar",19.119,19.119
673633,"Hirano, Yoshihisa",19.119,19.119
407822,"De La Rosa, Jorge",19.137,19.137
474029,"Putnam, Zach",19.145,19.145
628708,"Marte, Yunior",19.145,19.145
488786,"Coleman, Louis",19.152,19.152
475054,"Roe, Chaz",19.162,19.162
641394,"Brentz, Jake",19.167,19.167
453343,"Melancon, Mark",19.168,19.168
592869,"Wilson, Tyler",19.173,19.173
456713,"Bush, Matt",19.177,19.177
642152,"Trivino, Lou",19.184,19.184
444436,"Webb, Ryan",19.189,19.189
605488,"Springs, Jeffrey",19.199,19.199
594795,"Dayton, Grant",19.2,19.2
433589,"Petit, Yusmeiro",19.208,19.208
607352,"Biagini, Joe",19.219,19.219
673513,"Matsui, Yuki",19.261,19.261
642130,"Taylor, Blake",19.263,19.263
595928,"Curtiss, John",19.278,19.278
490063,"Garza, Matt",19.284,19.284
491703,"Feliz, Neftalí",19.286,19.286
527055,"Vizcaíno, Arodys",19.286,19.286
400089,"Soriano, Rafael",19.329,19.329
669952,"White, Mitch",19.332,19.332
458006,"Albers, Matt",19.34,19.34
592169,"Brice, Austin",19.352,19.352
650895,"Castillo, Diego",19.353,19.353
543242,"Graham, J.R.",19.373,19.373
543380,"Jungmann, Taylor",19.376,19.376
592865,"Williams, Taylor",19.386,19.386
519322,"Storen, Drew",19.386,19.386
430613,"Belisario, Ronald",19.406,19.406
670036,"Festa, Matt",19.408,19.408
657248,"Otto, Glenn",19.452,19.452
434718,"Street, Huston",19.488,19.488
448609,"Sipp, Tony",19.496,19.496
623470,"Newberry, Jake",19.557,19.557
500872,"Infante, Gregory",19.586,19.586
457732,"Bailey, Andrew",19.596,19.596
471822,"Díaz, Jumbo",19.597,19.597
275933,"Downs, Scott",19.639,19.639
543017,"Cervenka, Hunter",19.646,19.646
501593,"Avilán, Luis",19.647,19.647
502026,"Jeffress, Jeremy",19.676,19.676
571704,"Giles, Ken",19.681,19.681
592612,"Osich, Josh",19.686,19.686
605169,"Capps, Carter",19.694,19.694
573046,"Morin, Mike",19.714,19.714
660600,"Paredes, Enoli",19.715,19.715
502154,"Britton, Zack",19.72,19.72
682171,"Murfee, Penn",19.745,19.745
572703,"Bard, Luke",19.753,19.753
592741,"Shreve, Chasen",19.753,19.753
460283,"Blevins, Jerry",19.753,19.753
519240,"Rzepczynski, Marc",19.758,19.758
476595,"Luetge, Lucas",19.796,19.796
457768,"Morris, Bryan",19.812,19.812
598287,"Ramirez, Noé",19.82,19.82
434442,"Howell, J.P.",19.824,19.824
641401,"Brogdon, Connor",19.827,19.827
607473,"Bradford, Chasen",19.853,19.853
430589,"Qualls, Chad",19.859,19.859
434641,"Gutierrez, Juan",19.876,19.876
664123,"Effross, Scott",19.903,19.903
460156,"Gomes, Brandon",19.915,19.915
607216,"Krehbiel, Joey",19.93,19.93
650382,"Hernández, Darwinzon",19.934,19.934
473879,"Dyson, Sam",19.948,19.948
676969,"de Geus, Brett",19.963,19.963
457429,"Logan, Boone",19.995,19.995
502028,"Wood, Blake",20.02,20.02
518566,"Cole, Taylor",20.02,20.02
451216,"Wilson, Brian",20.029,20.029
617228,"Sawamura, Hirokazu",20.105,20.105
489189,"Outman, Josh",20.105,20.105
642528,"Loáisiga, Jonathan",20.134,20.134
346793,"Affeldt, Jeremy",20.144,20.144
457117,"Frieri, Ernesto",20.192,20.192
500721,"Medina, Yoervis",20.193,20.193
543409,"Kohn, Michael",20.205,20.205
501697,"Mariñez, Jhan",20.254,20.254
605359,"Marshall, Evan",20.258,20.258
570488,"Valdez, Phillips",20.273,20.273
600526,"Torres, José",20.287,20.287
592390,"Hembree, Heath",20.287,20.287
622259,"Wingenter, Trey",20.287,20.287
425514,"Bell, Heath",20.307,20.307
451773,"De La Rosa, Dane",20.32,20.32
607560,"Harper, Ryne",20.349,20.349
455374,"Bastardo, Antonio",20.381,20.381
572193,"Tepera, Ryan",20.387,20.387
676051,"Heuer, Codi",20.479,20.479
516769,"Mejia, Jenrry",20.485,20.485
458676,"Lindblom, Josh",20.514,20.514
542674,"Germen, Gonzalez",20.516,20.516
661255,"López, Yoan",20.521,20.521
451775,"Rodriguez Jr., Fernando",20.54,20.54
124604,"Wright, Jamey",20.544,20.544
458584,"Cedeño, Xavier",20.576,20.576
466948,"Machi, Jean",20.579,20.579
667427,"Jackson, Zach",20.603,20.603
501817,"Barnette, Tony",20.62,20.62
543881,"Villarreal, Pedro",20.664,20.664
451661,"Fields, Josh",20.671,20.671
518813,"Holland, Greg",20.682,20.682
624586,"Hoyt, James",20.687,20.687
607572,"Howard, Sam",20.693,20.693
667297,"Nance, Tommy",20.707,20.707
346797,"Balfour, Grant",20.729,20.729
503285,"O'Day, Darren",20.744,20.744
502212,"Bibens-Dirkx, Austin",20.754,20.754
449097,"Papelbon, Jonathan",20.8,20.8
445197,"Dunn, Mike",20.811,20.811
592135,"Bedrosian, Cam",20.821,20.821
461325,"Clippard, Tyler",20.821,20.821
276351,"Grilli, Jason",20.821,20.821
430641,"Boyer, Blaine",20.841,20.841
408061,"Rodríguez, Francisco",20.868,20.868
594027,"Guerrero, Tayron",20.888,20.888
425426,"Wang, Chien-Ming",20.895,20.895
450275,"Lowe, Mark",20.966,20.966
656420,"Feyereisen, J.P.",21.014,21.014
641438,"Carle, Shane",21.021,21.021
675916,"Karinchak, James",21.032,21.032
474284,"Rasmus, Cory",21.084,21.084
518703,"Furbush, Charlie",21.115,21.115
677651,"Garcia, Luis",21.173,21.173
657031,"Taylor, Josh",21.199,21.199
643354,"Hart, Donnie",21.255,21.255
676604,"Zuber, Tyler",21.303,21.303
455009,"Broxton, Jonathan",21.377,21.377
448159,"Parra, Manny",21.387,21.387
664192,"Lucchesi, Joey",21.388,21.388
572089,"Rodríguez, Paco",21.401,21.401
500610,"Guerra, Deolis",21.464,21.464
642758,"Acevedo, Domingo",21.468,21.468
430630,"Frasor, Jason",21.517,21.517
572021,"Pazos, James",21.555,21.555
544727,"Familia, Jeurys",21.555,21.555
596720,"Neverauskas, Dovydas",21.582,21.582
623433,"Anderson, Nick",21.588,21.588
517008,"Colomé, Alex",21.749,21.749
623395,"Ellington, Brian",21.789,21.789
520980,"Báez, Pedro",21.913,21.913
519393,"Walden, Marcus",21.922,21.922
448178,"Jepsen, Kevin",21.93,21.93
453284,"Parker, Blake",21.99,21.99
545332,"Barrett, Jake",22.0,22.0
449104,"Henderson, Jim",22.047,22.047
685493,"Yamaguchi, Shun",22.073,22.073
647315,"Pop, Zach",22.074,22.074
641582,"Foster, Matt",22.257,22.257
433586,"Casilla, Santiago",22.289,22.289
276542,"Benoit, Joaquín",22.289,22.289
459967,"LeCure, Sam",22.298,22.298
624647,"González, Victor",22.356,22.356
571476,"Beck, Chris",22.389,22.389
650530,"Garcia, Bryan",22.434,22.434
543867,"Turley, Nik",22.441,22.441
502522,"Miller, Justin",22.556,22.556
542609,"Burgos, Enrique",22.732,22.732
547749,"Tazawa, Junichi",22.823,22.823
455119,"Martin, Chris",22.917,22.917
656322,"Coonrod, Sam",22.967,22.967
664126,"Fairbanks, Pete",23.028,23.028
580792,"Goody, Nick",23.057,23.057
429715,"Blackley, Travis",23.373,23.373
407842,"Veras, Jose",23.57,23.57
622251,"Staumont, Josh",23.927,23.927
457435,"Coke, Phil",23.977,23.977
518715,"Gearrin, Cory",23.991,23.991
571479,"Bellatti, Andrew",24.586,24.586
571893,"Liberatore, Adam",24.994,24.994
407908,"Peralta, Joel",25.763,25.763
503569,"Dolis, Rafael",27.246,27.246
